scenario,probability,churn_multiplier,salesforce_efficiency,advertising_efficiency,third_party_efficiency,wacc_multiplier,wacc,VAN,total_ebitda,final_cash,funding_gap,cash_below_floor,breakeven_month,runway_month,final_active_clients,cac_per_customer,ltv_cac,arpu,arr,hit_final_active_clients_500,hit_final_active_clients_1000,hit_final_active_clients_2000
eval_0000,0.001,1.1457710407287565,0.8883159727340868,1.0191962874141465,0.9568830426689132,1.1809275439087232,0.2673619959409349,2106472.251325028,1775637.3595643076,1775637.3595643076,0.0,False,18,,1243.4052528772693,124.16140292707628,87.25475879670283,210.8054552991527,0.8665026775531004,True,True,False
eval_0001,0.001,1.2610343517231501,0.8003804202077214,0.9207726430981822,1.0168633597148036,1.2142970311572714,0.2749168478540062,1824867.367656224,1569837.9599762761,1569837.9599762761,0.0,False,18,,1118.391134787469,136.24178264097938,72.24974854875963,210.7895502630288,0.8670730243840344,True,True,False
eval_0002,0.001,1.1121919659372432,1.1538163816802698,0.5578609391724014,0.974092146785005,0.939452782413783,0.21269210993848048,3187659.0609219177,2336897.9357158355,2336897.9357158355,0.0,False,17,,1598.7960348461518,98.23190503656949,113.61646026498147,210.91295374552863,0.8626500911814227,True,True,False
eval_0003,0.001,0.942251065149859,0.8705350737186244,0.8721819207866772,1.1106913380514067,1.3547432516365332,0.3067138721705111,1914745.9871389354,1777399.2102938048,1777399.2102938048,0.0,False,17,,1235.6009073731843,126.42165781571721,104.20425586070927,210.73414057055322,0.8690606613169212,True,True,False
eval_0004,0.001,1.0980604331885553,0.792385833303362,0.7259895350530707,0.8207336633029412,0.9907199314202402,0.22429899247354237,2072844.56582649,1583064.99482621,1583064.99482621,0.0,False,18,,1119.5953949334462,137.46240752112882,82.23626665978296,210.73328901156043,0.8690912162959162,True,True,False
eval_0005,0.001,0.9341224263263332,1.0044271377023601,0.8644491564352907,1.0671293202089307,0.9032839036638638,0.20450347578949876,2848862.126572343,2061515.440038464,2061515.440038464,0.0,False,17,,1415.5831560898364,111.24314885513216,119.45284630018392,210.80099288649646,0.8666626888063633,True,True,False
eval_0006,0.001,1.1789536520557997,1.0680665836887622,0.994281424780664,0.9707534126458945,0.9196325983959297,0.20820482027683848,2953442.9420264764,2144180.543475018,2144180.543475018,0.0,False,17,,1478.9182471007693,105.28230335889211,100.0049425726506,210.89972381424002,0.8631240205472686,True,True,False
eval_0007,0.001,1.1063932132673886,1.0887327350528406,0.7004246911425858,1.1393065322804237,1.0873919026848642,0.24618552676785324,2766962.8887179475,2202511.636606709,2202511.636606709,0.0,False,17,,1512.8453776787137,103.48757784415447,108.41162379459256,210.88680572861713,0.8635868361959144,True,True,False
eval_0008,0.001,0.9779590635250258,0.7026904198813138,0.8925148813681241,1.1149357784210803,0.8806852414442798,0.19938713866298494,1957279.3171513458,1414847.970592119,1414847.970592119,0.0,False,18,,1008.4363483832058,152.89144540948618,83.01751175173355,210.63068954276926,0.872774418933788,True,True,False
eval_0009,0.001,0.9238414247206369,0.8480190390196735,1.1509540935144444,0.9088012595017455,1.213624752310445,0.27476464392308475,2008666.6246348266,1733333.5728536695,1733333.5728536695,0.0,False,18,,1206.8651137203306,129.40963656421292,103.82681344243791,210.71531688479934,0.869736135809532,True,True,False
eval_0010,0.001,1.2764301409900776,0.6043861413269095,0.8797987018866258,0.8885036997068431,1.2467445576146738,0.28226296784396215,1301666.3139419844,1155189.2778696844,1155189.2778696844,0.0,False,19,,858.820644603551,174.52408266149735,55.721289711694276,210.64121838534027,0.8723962804137145,True,False,False
eval_0011,0.001,1.0886185989797597,0.8879294403154714,0.7959597675689469,1.1672920376749074,0.9532386633177299,0.21581323337513403,2396895.7241207827,1785838.5126405149,1785838.5126405149,0.0,False,18,,1247.3640178139176,124.20964440728964,91.79996303625342,210.78789754383044,0.8671322950242554,True,True,False
eval_0012,0.001,1.0678084565801997,0.8648471496526872,0.9736499261807416,0.9972147703899331,1.018375077146568,0.23056011746598298,2251372.686853973,1741380.345021098,1741380.345021098,0.0,False,18,,1218.265163761677,127.1628653493721,91.4155156844635,210.76859628693282,0.8678245551415984,True,True,False
eval_0013,0.001,1.125241356573661,1.1204162007904623,1.0498897055455654,0.7905537259562745,1.211048212855395,0.2741813153904614,2667213.2202768857,2264586.7800155003,2264586.7800155003,0.0,False,17,,1553.212860165528,100.8571948174835,109.3757399969029,210.90445446039632,0.8629545500916385,True,True,False
eval_0014,0.001,0.94487651805942,1.0751356030007257,1.0229169301785588,0.8827485485583129,1.08959584856826,0.24668450011585405,2763060.6222637296,2208088.5843164884,2208088.5843164884,0.0,False,17,,1509.3231140203109,104.66110611946775,125.5200773867239,210.83493136583948,0.8654459077043325,True,True,False
eval_0015,0.001,1.021526318371779,0.7653030690220696,1.0264432774804846,0.9626700127899435,0.9486867075684146,0.21478267059348904,2058353.0074237902,1539960.422526452,1539960.422526452,0.0,False,18,,1089.0283862766285,141.77134704818656,85.71080000106164,210.6911807733971,0.8706024194935185,True,True,False
eval_0016,0.001,0.9117437220904218,0.781755988419605,0.8823841781438193,0.8977646172835451,1.0618876792233316,0.24041137057616227,1998994.9823639593,1594939.9950433315,1594939.9950433315,0.0,False,18,,1118.945787738337,139.1209273485612,97.86070253591134,210.66894455083832,0.8714006888008251,True,True,False
eval_0017,0.001,0.8778971149853375,0.7353202234183187,1.1147795070401354,1.0466777041514082,1.1094866268584875,0.25118777232076156,1827755.108555672,1502314.15584315,1502314.15584315,0.0,False,18,,1059.0554270592272,146.88025243109325,96.26458494847317,210.62512534770462,0.8729742696993468,True,True,False
eval_0018,0.001,1.1038706425836842,0.8993405493949931,0.6016876471680704,0.8771445323124888,1.2414857793384082,0.2810723804422156,2074863.4904920235,1806822.3810986448,1806822.3810986448,0.0,False,18,,1261.3365510474987,122.80169041262204,91.56954288908874,210.79872241843543,0.8667441048634804,True,True,False
eval_0019,0.001,0.9187760421771887,1.122243742440973,1.051898156153765,0.7717131322312462,1.0607156312696862,0.24014601891945694,2942639.993939064,2312630.1760791205,2312630.1760791205,0.0,False,17,,1574.8317345776054,100.70974010342681,134.1505437826411,210.84634201617015,0.8650368947577941,True,True,False
eval_0020,0.001,0.9719317961907707,0.9162991486857062,1.052858810914138,1.0939402677141974,0.9410424327513645,0.2130520067749089,2521916.9780553863,1868217.2159670056,1868217.2159670056,0.0,False,17,,1294.481218627166,120.76952452957161,105.75001269907722,210.7683622924749,0.867832948379693,True,True,False
eval_0021,0.001,1.0474646022700798,1.0826866156247663,1.1030531505254673,0.8893368828168573,0.8108549875138369,0.18357756917313267,3217936.32393146,2202302.776660224,2202302.776660224,0.0,False,17,,1510.1293530599382,104.00597848277278,113.93992128746272,210.86737783944744,0.8642829850406621,True,True,False
eval_0022,0.001,0.8909461762696196,1.1646704123268312,0.7058409499083773,0.9254685995705955,0.9389503668486754,0.2125783630545401,3276041.121625577,2407808.8570063403,2407808.8570063403,0.0,False,17,,1634.3770968616564,97.40937658862168,143.0280911333929,210.85446791023517,0.8647456503647496,True,True,False
eval_0023,0.001,0.8985127098149749,0.9614959136661274,0.877594312897622,0.8486375335688121,0.8874659353563314,0.20092228776467344,2752327.324297366,1978280.6045708682,1978280.6045708682,0.0,False,17,,1361.0590947555177,115.68029933551662,119.42354156153085,210.77011771450603,0.8677699829195814,True,True,False
eval_0024,0.001,0.9757046751820379,0.901413563675098,0.9291519045983135,1.0822732475219283,1.0840472222004482,0.24542829110618147,2289977.741300189,1836087.6019653804,1836087.6019653804,0.0,False,17,,1274.2752259588508,122.54946758144912,103.81109212649973,210.7614569685203,0.8680806465168044,True,True,False
eval_0025,0.001,1.0170848617534891,0.9602373919953651,0.9221355832423971,0.8651110569947928,1.0401097503875287,0.23548084748773648,2501033.357388528,1951841.5019822156,1951841.5019822156,0.0,False,17,,1349.4758743900718,115.81595967655483,105.37752017646264,210.80414354174582,0.8665497132769926,True,True,False
eval_0026,0.001,1.2110877078342523,0.9378015304029846,0.8616617655980213,1.0936559800464751,1.088122774665373,0.24635099618424044,2335422.328095504,1866324.1431129437,1866324.1431129437,0.0,False,18,,1303.7670202637014,118.29132796800802,86.64531226225868,210.8510746404578,0.8648672675808694,True,True,False
eval_0027,0.001,0.9997034360628712,0.8566370384345515,0.8433407141578506,0.7600677503558305,1.128008177331525,0.2553810513478572,2111744.907616986,1737094.9557626946,1737094.9557626946,0.0,False,18,,1212.5625460943488,128.24881344620616,96.81642325174221,210.74322684155067,0.8687346501658023,True,True,False
eval_0028,0.001,1.1541042149808292,0.8552605309882795,1.0800461557255634,1.0548595643463838,1.2068673121591735,0.2732347594728369,1991503.936142881,1704809.6098811065,1704809.6098811065,0.0,False,18,,1198.9185015541743,128.43277250491488,83.74380500719678,210.78941556601288,0.8670778549208145,True,True,False
eval_0029,0.001,0.8797175352408755,0.8820705316060604,0.8164231895804088,0.9400396921123972,1.4650850717635397,0.33169526024726537,1845039.8268069276,1813858.6941021977,1813858.6941021977,0.0,False,17,,1255.9835157541343,124.94567310840968,112.92994196223329,210.72225225884418,0.8694872508345006,True,True,False
eval_0030,0.001,1.056109421063665,0.9299401126094813,0.7062382167919259,1.0987221216962346,0.8250598765932771,0.18679355606071793,2714396.567113214,1880378.838611199,1880378.838611199,0.0,False,17,,1305.8766860401051,119.1849980589527,98.61501933694339,210.80048887358933,0.8666807619078881,True,True,False
eval_0031,0.001,0.9272616197117782,0.8541979437176435,0.7795720546640639,0.9459706297022176,0.9116010108583568,0.20638646885833195,2387615.364078218,1745755.7659396275,1745755.7659396275,0.0,False,17,,1214.881612942031,128.57515395949915,104.11522390595809,210.72005491760805,0.869566103527732,True,True,False
eval_0032,0.001,1.0458286947211737,0.9346154213513589,0.8238648083852738,0.8066542038246578,1.3055466598194607,0.2955757637831259,2102425.9346777163,1892232.464756881,1892232.464756881,0.0,False,17,,1312.9415648456597,118.65183073888983,100.03191377560964,210.7998233600336,0.8667046262983018,True,True,False
eval_0033,0.001,1.1156492765621935,1.1132740636928997,1.207819845545168,0.8057015641439238,0.9792904393240149,0.22171135546295698,3002121.336749604,2251770.339349056,2251770.339349056,0.0,False,17,,1544.6104552834734,101.43782915527619,109.68467182093617,210.89898847418826,0.863150364019025,True,True,False
eval_0034,0.001,1.126760554540994,0.9287218420802479,0.7754864047060754,1.1520190703049698,0.9896307429681475,0.22405240020798858,2457207.664109081,1863923.8384739948,1863923.8384739948,0.0,False,18,,1298.5419090853948,119.32474922636622,92.32331914400746,210.821022059999,0.8659445444401861,True,True,False
eval_0035,0.001,1.192427078442321,1.180261474287504,0.7912137184245142,0.7971178947402534,0.9097256579377353,0.20596188895710327,3298115.282482077,2374375.9495490124,2374375.9495490124,0.0,False,17,,1626.2459632184532,96.25288728756946,108.15036242439905,210.94521706604874,0.861494587264936,True,True,False
eval_0036,0.001,0.9344688143476144,0.9305363615194406,0.8268613756086027,1.0817266705403548,1.1754804494714002,0.266128773760325,2263932.27649334,1905652.6779486751,1905652.6779486751,0.0,False,17,,1316.5787092478947,119.11672490116003,111.51570087765992,210.76482967398368,0.8679596635088935,True,True,False
eval_0037,0.001,0.9562606310189012,0.8802171637061491,0.9912368136886822,0.9453710930481569,1.0399382444578396,0.23544201854525487,2290485.9540650984,1795142.0408402185,1795142.0408402185,0.0,False,17,,1247.4636007265067,125.18039570610229,103.69575507167983,210.74386853474098,0.868711627577214,True,True,False
eval_0038,0.001,1.2468701611422126,1.1534448178435621,0.9838909366275665,1.0339697388784683,1.1663273501993623,0.2640565120851356,2789552.354243784,2306994.7408255404,2306994.7408255404,0.0,False,17,,1585.6370838081782,98.26032110623629,101.31509680772858,210.95170059402008,0.861262423749629,True,True,False
eval_0039,0.001,1.1914964553801524,0.807069937800168,0.7455170505212166,1.0312890440151474,1.1859507899719162,0.2684992588496418,1882908.1728626476,1596669.5964177642,1596669.5964177642,0.0,False,18,,1132.2798467569546,135.23754188440824,77.03419555862551,210.77188106965818,0.8677067339612685,True,True,False
eval_0040,0.001,1.0100760247881766,0.893959981122146,0.9201957401977074,1.0663070844853693,0.9780374403385255,0.22142767649264217,2398147.0945992693,1813701.0826589356,1813701.0826589356,0.0,False,18,,1261.5863803411553,123.46141052847373,99.53785497458973,210.7676093088591,0.8678599575679355,True,True,False
eval_0041,0.001,1.173212867335479,1.0203883133485534,0.9623215316360026,1.0608624339486854,0.8714851705704041,0.19730424261713947,2890959.4432502734,2046091.4032918364,2046091.4032918364,0.0,False,17,,1416.2559671090544,109.68268512416371,96.4625377965172,210.87806742874355,0.8638999350070345,True,True,False
eval_0042,0.001,0.9717123286394965,0.9330840750752611,0.5897835722735925,0.7556549595542075,1.2084348986397722,0.2735896610520444,2223745.043914005,1903660.8496814687,1903660.8496814687,0.0,False,17,,1316.943889568651,118.82591583328161,107.50401679686654,210.77710186032994,0.8675194780760395,True,True,False
eval_0043,0.001,1.130221023934802,0.9042858428335883,0.8747814624830486,0.9721922120132394,0.8459046518948931,0.1915128131890038,2586617.466741137,1812073.428428032,1812073.428428032,0.0,False,18,,1265.821942427348,122.20177462183538,89.87371217613226,210.80933947882227,0.8663634058413383,True,True,False
eval_0044,0.001,0.9795009022089893,1.0558501532473943,0.8216122845704755,0.7569094078151584,1.1665729811636065,0.2641121229354405,2593879.3794343974,2160277.449417051,2160277.449417051,0.0,False,17,,1480.4133673678778,106.37424421672698,119.13304625399054,210.83677393316015,0.8653798581744474,True,True,False
eval_0045,0.001,1.0675629524215215,0.928341187924048,0.7926354632875111,0.9860512688483247,0.8471124575375747,0.1917862603865069,2673186.690250387,1874764.9571118702,1874764.9571118702,0.0,False,18,,1302.8193307984325,119.3684851348989,97.40705166555466,210.80308343854216,0.8665877258564105,True,True,False
eval_0046,0.001,1.1650577801689028,0.8747117351261589,0.815862649562938,1.0155512174030887,1.1291639556061939,0.2556427195492423,2126291.5777361705,1743482.7156758558,1743482.7156758558,0.0,False,18,,1223.8675647912655,125.88307741939802,84.63670723251089,210.80383802420494,0.8665606683124765,True,True,False
eval_0047,0.001,0.8595928086511462,0.7633954447990441,0.8579944965044631,1.0361524781822062,0.8802987129447987,0.1992996286107024,2167131.5953259305,1565496.077528961,1565496.077528961,0.0,False,18,,1098.0749319970482,142.0854287386215,101.6321841813735,210.64023821120048,0.872431481319642,True,True,False
eval_0048,0.001,0.9521098144407149,1.1216899912012839,0.7033353744343067,1.1174648336529078,1.145158966650623,0.259263990049701,2803855.417355868,2304308.75318552,2304308.75318552,0.0,False,17,,1570.9770607681692,100.75437156807517,129.3965312365764,210.85552089140293,0.8647079115622743,True,True,False
eval_0049,0.001,1.0005029026874734,0.9158760464167535,0.8859583069027033,1.0902022569959124,1.0629329149331368,0.24064801194086216,2351261.663857798,1861720.6600970835,1861720.6600970835,0.0,False,17,,1291.6124064247647,120.819373846202,102.6877507174117,210.77660387308964,0.8675373391545479,True,True,False
eval_0050,0.001,1.1272953884731585,1.086931056566707,0.9592048358960588,0.9594494455351095,1.2310941787237986,0.278719722063068,2554540.165030611,2194339.563704951,2194339.563704951,0.0,False,17,,1508.5629550796484,103.64148830673517,106.24345942525012,210.89215905795876,0.8633950358366095,True,True,False
eval_0051,0.001,0.9701243878503593,0.9422054580760644,1.0458458339795977,0.97695508172334,1.2258892610485952,0.2775413287014019,2226753.206084066,1923214.0543365611,1923214.0543365611,0.0,False,17,,1329.2717514524231,117.79677220790653,108.62074119944246,210.78131444042117,0.8673683907867515,True,True,False
eval_0052,0.001,0.995009051590598,0.9684166511184364,0.8098716855292694,1.1291896915837158,1.2432989229574256,0.2814828761575611,2267574.0166520784,1973492.9223842127,1973492.9223842127,0.0,False,17,,1362.2383686420558,114.94017259202711,108.53622149319047,210.80165103792007,0.866639088672812,True,True,False
eval_0053,0.001,0.9283092212929611,1.114403659493042,1.0119608915709382,0.9888837670513845,1.3264224279306083,0.3003020376834897,2537351.8004942816,2294126.5780469216,2294126.5780469216,0.0,False,17,,1563.4361984928673,101.34552972853233,131.93994939234508,210.84598535635067,0.865049678502059,True,True,False
eval_0054,0.001,0.967649643141294,1.0159867430880298,0.6996886007334162,1.0372682052828126,0.937736924362657,0.21230363967570554,2821238.464052093,2078966.1746903395,2078966.1746903395,0.0,False,17,,1428.1546321933297,110.10842419845291,116.5024038907384,210.81594966367388,0.8661264018894512,True,True,False
eval_0055,0.001,0.9893606029051379,1.136639128637319,0.6611799845677571,1.0064707456870403,1.0328320945029503,0.23383318619546795,3010821.019422491,2327607.2487712507,2327607.2487712507,0.0,False,17,,1587.4798695750915,99.56388422800907,126.01351653289058,210.8717160926514,0.8641275236809113,True,True,False
eval_0056,0.001,1.1337772481827086,1.0949932992250078,0.8901918701062899,0.9467365621253445,0.8325742438134729,0.18849480879937025,3195003.9103302346,2209792.2073576106,2209792.2073576106,0.0,False,17,,1518.6795184325417,102.9564670483463,106.33891034004672,210.89720291450567,0.8632143322514303,True,True,False
eval_0057,0.001,0.9004923347856864,0.8687582912108069,1.0587023150586363,0.7749808684160403,0.965454773495082,0.21857896071928656,2365003.4983718484,1781670.516975281,1781670.516975281,0.0,False,17,,1236.4823774987885,126.65222882950656,108.83804131352309,210.72069717898236,0.8695430554858355,True,True,False
eval_0058,0.001,0.8450741197702148,0.944155556585238,1.0659538104323332,1.0560093284752459,1.0521509635057644,0.23820697813770506,2476673.9003113285,1952255.8325033712,1952255.8325033712,0.0,False,17,,1342.2254275895857,117.57915225955566,124.92473831754086,210.74585896141937,0.8686402161879507,True,True,False
eval_0059,0.001,1.1819574847659164,1.098011083336973,0.8738704119956389,0.8792031386326327,0.9605899447333504,0.2174775634876305,2973009.7594471923,2205886.694721593,2205886.694721593,0.0,False,17,,1518.3111513146991,102.7024912003805,102.25645705831668,210.91239857674844,0.8626699775263005,True,True,False
eval_0060,0.001,0.9694627024769453,0.8670148702990521,1.0012302480955966,0.9424155569634451,1.262680389875996,0.2858708402679255,1996015.7040301557,1764747.5047323615,1764747.5047323615,0.0,False,18,,1228.7703823282893,126.87932163200072,100.91404656172635,210.74022299555662,0.8688424236436324,True,True,False
eval_0061,0.001,0.9751741578295704,0.9851841967149173,0.5736768139279216,1.056290828317277,1.4358200780828416,0.3250696656779553,2093499.792688581,2012702.20525151,2012702.20525151,0.0,False,17,,1386.3188033170989,113.18729881208893,112.45886475329905,210.80389665323656,0.8665585660309769,True,True,False
eval_0062,0.001,0.9936941499034957,1.0476211053320406,0.8501665402623948,1.154263700827445,0.7329360014051088,0.16593671071811664,3262625.045242778,2140037.9501135866,2140037.9501135866,0.0,False,17,,1468.155689410104,107.12325173780633,116.61034881060294,210.8373561662637,0.8653589874143567,True,True,False
eval_0063,0.001,1.011713710131001,0.9375568582190514,1.1043430805648877,0.9600269183788794,1.1583917381867959,0.26225988952549056,2287692.865225171,1905167.5094947822,1905167.5094947822,0.0,False,17,,1319.648995967889,118.31893128478987,103.69592766586835,210.79120772277204,0.86701358466946,True,True,False
eval_0064,0.001,0.9618586359218739,0.8859658458755375,0.6089007311145378,0.8720525374265201,0.8362302971752302,0.18932253928047213,2582419.2126579746,1806191.535622375,1806191.535622375,0.0,False,17,,1254.7143291622592,124.45531560144468,103.69286538729155,210.74878383604502,0.8685352816574583,True,True,False
eval_0065,0.001,0.9976652857203258,1.0404212386453917,1.0385788842772747,0.9163116368451699,0.986008356895299,0.22323229200109568,2810515.466632345,2124099.4343942427,2124099.4343942427,0.0,False,17,,1458.1876284439636,107.78769908125108,115.43021711028834,210.83540664513387,0.8654288705099846,True,True,False
eval_0066,0.001,1.0814457944624996,1.0268913137725604,1.1629600691217241,0.8843511314717818,1.4451879748087941,0.327190557496711,2159039.9522968596,2078463.3461398522,2078463.3461398522,0.0,False,17,,1432.8215111022237,109.05994676906059,105.24550038111119,210.85387710712106,0.8647668248895395,True,True,False
eval_0067,0.001,1.007785624550502,1.044958327020933,0.9145432041171839,1.0843629950013394,0.8929880464691472,0.2021724937206149,2969747.180973026,2131521.2063924773,2131521.2063924773,0.0,False,17,,1463.353269505786,107.36798796542834,114.71774485129288,210.84028037441823,0.8652541678301009,True,True,False
eval_0068,0.001,0.9077253547445036,0.6982370411304162,0.923231479306476,1.0366954568124143,0.9806639898705956,0.22202232730670282,1849743.7483680751,1417801.9690484905,1417801.9690484905,0.0,False,18,,1007.2316559811038,153.75153113318535,88.9405189097398,210.60517892746824,0.8736907776883226,True,True,False
eval_0069,0.001,1.038678392460977,1.037974684746319,0.94877289152357,0.9412084124583022,0.9028175823947275,0.2043979006541663,2925258.2960677696,2110477.93822464,2110477.93822464,0.0,False,17,,1451.316634171143,108.01544986768312,110.63858145567728,210.84622178664566,0.8650412041352058,True,True,False
eval_0070,0.001,0.9473632275481967,1.0564990363967461,0.9054355442199638,0.7469107070286108,1.0490698008075545,0.23750940290283035,2771634.508662353,2168357.4636653992,2168357.4636653992,0.0,False,17,,1484.1495480704193,106.31564888352761,123.24231773891161,210.82784265627575,0.8657000236671468,True,True,False
eval_0071,0.001,0.9433012670933643,0.8312228849769232,0.8812379793363845,0.9356531298761486,0.8008516733379147,0.1813128188437039,2465281.6979652857,1694009.2367930117,1694009.2367930117,0.0,False,18,,1182.8824530985876,131.73592410694644,99.88929193225864,210.71084378844517,0.8698966674180111,True,True,False
eval_0072,0.001,1.0890067138845787,0.8304709945911684,1.0640247255338031,1.1192572960045266,1.0020454390800975,0.22686308740773406,2169767.1322995936,1664961.7105180623,1664961.7105180623,0.0,False,18,,1170.9088849107275,131.8420940432763,86.45476311928223,210.75465640684862,0.8683246026316377,True,True,False
eval_0073,0.001,1.17039131531569,1.0115622407199027,0.8361590375649531,0.9621605923227295,0.9330935984891227,0.21125239069793736,2768300.2726016147,2028285.6256677841,2028285.6256677841,0.0,False,17,,1404.802795204639,110.53987773800044,95.94525563425667,210.87336391003836,0.8640684757997479,True,True,False
eval_0074,0.001,1.2052586151559221,0.8150589911812809,0.9666007704878712,0.8747496296730392,0.9553816590679698,0.21629840761298835,2158288.431067771,1610864.976481445,1610864.976481445,0.0,False,18,,1141.8460683814044,134.0581315748396,76.8245753024651,210.78118917389378,0.8673728834759468,True,True,False
eval_0075,0.001,1.0771179881476654,1.1309292487145512,1.1817147500344531,0.8343648528029579,0.8542223759708142,0.1933959459197923,3280768.4775114814,2296785.7536806585,2296785.7536806585,0.0,False,17,,1571.6520318222294,100.01509347298253,115.22447838710758,210.89455481752435,0.8633092031459498,True,True,False
eval_0076,0.001,0.8479558613717038,0.9747324972061092,1.222260667154931,1.14585719386124,1.1343329161539393,0.25681297221725186,2450396.3209887324,2016395.7886162591,2016395.7886162591,0.0,False,17,,1383.1037173181196,114.27330286175382,128.1018931968148,210.7620610177898,0.8680589782571975,True,True,False
eval_0077,0.001,1.0683395230199055,1.0544314479451942,0.9569940472663747,1.1320860134735857,1.0335173230190908,0.23398832193152216,2761773.8128722087,2138780.703397778,2138780.703397778,0.0,False,17,,1470.6256661674213,106.50259172758858,109.09481319946146,210.86182471668553,0.8644819906015277,True,True,False
eval_0078,0.001,0.9494912478852129,0.9056155493464669,1.0341341108268258,1.0196886079045746,1.1509177934544008,0.2605677884380763,2224955.291912212,1850068.7983371136,1850068.7983371136,0.0,False,17,,1281.9930020671998,122.04150615229182,107.12110650663116,210.75597904061655,0.8682771546416632,True,True,False
eval_0079,0.001,0.9285205725807769,1.0253818917055704,0.9326418126450893,0.9511545348489703,0.8652666213652022,0.19589636307708175,2975469.576379423,2106780.7539338563,2106780.7539338563,0.0,False,17,,1444.142289987698,109.20383189145761,122.41768612878553,210.80889601972228,0.8663793063158699,True,True,False
eval_0080,0.001,1.2063357059656639,0.8437018993716628,0.7676333739445405,0.7678087458964116,0.9745324362118186,0.22063414355835573,2217153.3745037885,1670682.6970183176,1670682.6970183176,0.0,False,18,,1179.6605792898806,129.99938813087783,79.15239930858658,210.79881786011123,0.866740682412737,True,True,False
eval_0081,0.001,1.2103859753178463,0.902577289670158,1.0047939924055747,1.004166751985179,1.1948376590552618,0.2705112460101113,2114952.6319911256,1792968.2994844615,1792968.2994844615,0.0,False,18,,1257.231975503371,122.40834931542958,83.77967095872056,210.83284336609307,0.865520756515118,True,True,False
eval_0082,0.001,0.9552023897439095,1.1044602070887422,1.0307303266342536,0.9478890048361368,1.0435142283611873,0.2362516213009728,2911940.5948493797,2267525.851006607,2267525.851006607,0.0,False,17,,1547.6314948332379,102.16411440970644,127.19785851901192,210.84968947964367,0.864916913860384,True,True,False
eval_0083,0.001,1.2668375534794587,1.0865422794003086,0.8667197779281084,0.8219584524794303,0.7273728078874702,0.16467720370572322,3328005.511023706,2164166.1801570184,2164166.1801570184,0.0,False,17,,1495.5031972110676,103.6747630145083,94.5103985396578,210.93291878068237,0.861935006032057,True,True,False
eval_0084,0.001,1.021126934497391,0.7790686395742039,0.664974246783243,1.0419524718382307,1.2791092984091414,0.2895903451598296,1751402.089422483,1569119.8855916425,1569119.8855916425,0.0,False,18,,1107.4229941738072,139.5468065880662,87.11118877412828,210.70057093772857,0.8702653678734956,True,True,False
eval_0085,0.001,0.9670489323322994,0.6562533425831103,1.0137516949887537,0.9496548697814937,0.9616239973694778,0.21771167300444977,1735686.1841601206,1317855.1181509292,1317855.1181509292,0.0,False,18,,947.0660610438059,162.37923245836575,79.04868336507606,210.58806584540636,0.8743056157237884,True,False,False
eval_0086,0.001,0.8807064117945766,1.0615227758043821,1.1456497942135826,0.9838032869029878,1.2859043078157608,0.29112873528948824,2470145.662643334,2192910.299777478,2192910.299777478,0.0,False,17,,1496.8624496358711,105.86427283425618,133.135231515519,210.81100921439773,0.8663035371367453,True,True,False
eval_0087,0.001,0.9477184789535302,0.9814568351548488,0.9345451933700903,0.9960478532847273,1.0076550011946386,0.22813309227046616,2621312.0661387183,2010415.3358197259,2010415.3358197259,0.0,False,17,,1383.6613275571206,113.57211770514397,115.32474477209833,210.7941365323889,0.866908554172802,True,True,False
eval_0088,0.001,0.9607609772633781,0.6699286279596032,0.9730268432568007,0.9857486229564654,0.8298611892479201,0.1878805732457291,1916073.8810352767,1348161.085843195,1348161.085843195,0.0,False,18,,965.7703067988903,159.4612461544046,81.02201985457799,210.59804472882126,0.8739470827082336,True,False,False
eval_0089,0.001,1.1199425408461718,0.9124970992387651,1.0317563269875998,0.9654253758713839,1.0083513870452463,0.22829075402704374,2387650.451990566,1831271.8470534417,1831271.8470534417,0.0,False,18,,1277.5421749580423,121.21901919944379,91.43386272716083,210.81057185986734,0.8663192184796459,True,True,False
eval_0090,0.001,1.0287893266818975,0.779386759271113,1.032920002179773,0.7772577053191673,1.152216721718422,0.26086186579705073,1874885.638296539,1568386.000002853,1568386.000002853,0.0,False,18,,1107.294824689674,139.49625154669855,86.49372220208757,210.70315123921242,0.8701727555021388,True,True,False
eval_0091,0.001,0.9669911507154207,0.9589540120525415,1.0822419051342562,0.993544155599901,1.063839663986273,0.2408532999264922,2476057.5434284015,1959168.1105314936,1959168.1105314936,0.0,False,17,,1351.9307327560502,115.95464174174724,110.7039039874867,210.7888050841055,0.8670997482471992,True,True,False
eval_0092,0.001,1.0282951057472964,0.9936309932364111,1.1633406534324993,1.0653255257945633,1.2707591168050527,0.2876998640446639,2291081.0191410296,2019675.0153072495,2019675.0153072495,0.0,False,17,,1393.0836396608781,112.32523094940795,107.46783151535682,210.82336486585518,0.8658605522431451,True,True,False
eval_0093,0.001,1.1176800680728562,1.0266149191298646,0.8913291919441839,0.9089423293704193,1.335688613564354,0.30239990211096973,2276530.533170498,2070445.237723316,2070445.237723316,0.0,False,17,,1429.3104698362226,109.08626433179336,101.80895953679148,210.86438171295526,0.8643903550067762,True,True,False
eval_0094,0.001,0.9637200277487097,0.9961726977256822,0.9394824478806896,0.8863001125834777,1.1515128579867608,0.26070251104820263,2460637.9641963467,2038119.0475463695,2038119.0475463695,0.0,False,17,,1401.9905557956376,112.06850492187462,114.93150986919808,210.80572867758414,0.86649287508836,True,True,False
eval_0095,0.001,0.9898380736963744,0.7369966174653295,1.0043799586883748,0.7919718688097381,1.2492692467928532,0.28283455747390196,1679085.0351128438,1485670.6123148606,1485670.6123148606,0.0,False,18,,1053.4692670908394,146.58456948680268,85.5502265863291,210.6609045234258,0.8716893632602006,True,True,False
eval_0096,0.001,1.0776489592527967,1.0527829178987211,1.042371671549931,1.0849255657742216,1.3081934586416295,0.2961749990364649,2380792.048268852,2133395.3289654525,2133395.3289654525,0.0,False,17,,1467.6072671067664,106.65213891060264,108.00073006528307,210.863839470711,0.8644097872665614,True,True,False
eval_0097,0.001,1.0885330682953311,0.9787889047563534,1.0988273590649855,0.8253812187411381,1.086334573047342,0.2459461473379182,2474345.2310386347,1976451.4034800194,1976451.4034800194,0.0,False,17,,1368.2242948362896,113.84924077968127,100.16172813827693,210.83415565202466,0.8654737146498371,True,True,False
eval_0098,0.001,1.0303310610988365,0.9625052537476728,1.0441153002279409,0.9687101231049308,0.8776151692601322,0.1986920743204939,2739843.806253112,1953961.5037482716,1953961.5037482716,0.0,False,17,,1351.3995420474898,115.57173839241757,104.24257632943721,210.80915624297646,0.8663699758571618,True,True,False
eval_0099,0.001,1.1020065929141134,1.0861132149211647,0.9412658634634896,0.8473019304799841,0.9288440377813768,0.2102902901537037,3009943.023225262,2197965.307547743,2197965.307547743,0.0,False,17,,1509.7602305951239,103.7115118437632,108.60815017020013,210.88449823391923,0.8636695126690958,True,True,False
eval_0100,0.001,1.0234439386001528,0.9994721025459701,1.140267566190155,1.0622116749963313,1.0769061770442718,0.24381155848282313,2557427.994173662,2032904.698646429,2032904.698646429,0.0,False,17,,1401.289028337884,111.73706929741097,108.54560416549985,210.82464296242674,0.8658147318457525,True,True,False
eval_0101,0.001,1.063117146535096,1.0522416651440374,0.8540538836542457,0.9182197133894485,0.8369229413420893,0.18947935391984902,3073018.760184532,2135284.9414846143,2135284.9414846143,0.0,False,17,,1468.1723851082752,106.70133482368593,109.42652292538833,210.85939011526094,0.8645692419727743,True,True,False
eval_0102,0.001,1.083157259375713,1.005713095571357,0.9338849285960722,0.9231527621566984,0.991941305504507,0.22457551156622038,2682904.7683300297,2033828.8666996786,2033828.8666996786,0.0,False,17,,1404.496476683898,111.11570847368895,103.13512525011805,210.8449834747188,0.8650855891384445,True,True,False
eval_0103,0.001,0.9037092332344443,1.0747555610595274,0.5469468253423984,1.1168113688955323,1.3580929123766339,0.3074722353620699,2406614.7316451436,2215974.0604665778,2215974.0604665778,0.0,False,17,,1512.543174617592,104.69430733630598,131.19636043815947,210.82308306872162,0.8658706548852065,True,True,False
eval_0104,0.001,1.2382228972924192,0.8057197499130957,1.0583502307086774,1.048433322573509,0.9927762625623124,0.22476454584410752,2080590.9185217042,1585206.7917217915,1585206.7917217915,0.0,False,18,,1127.092811510885,135.43899659048643,74.01692121812077,210.78571151102523,0.8672106930507768,True,True,False
eval_0105,0.001,1.0214275327872258,1.099698318199447,0.773154326783545,0.9764208130677179,1.025891777934236,0.23226189852431103,2910964.4851484993,2243467.0685299947,2243467.0685299947,0.0,False,17,,1535.182245894637,102.56106577926398,118.49048833147054,210.86666933106574,0.8643083750553516,True,True,False
eval_0106,0.001,1.0806172706043924,1.0588885712692393,1.003602332039359,0.8914405247924343,0.8740093843461199,0.19787572461596153,3025739.5093133477,2145546.276666164,2145546.276666164,0.0,False,17,,1475.4689004673246,106.10045093698058,108.26409273568264,210.8672481010132,0.8642876343176437,True,True,False
eval_0107,0.001,1.0308379146400106,0.9565129628220821,0.6963223348501862,0.9851715714293263,1.2367317870508516,0.27999607658831277,2238318.591940496,1941255.3350964652,1941255.3350964652,0.0,False,17,,1343.3659358628922,116.21937979563563,103.6107070867433,210.8063667826227,0.8664699948082213,True,True,False
eval_0108,0.001,1.0869811750764014,1.050563361578772,0.7760650109574271,1.010264820716218,1.143531425406084,0.2588955147119374,2588728.6487936736,2126814.863508613,2126814.863508613,0.0,False,17,,1463.8295804543025,106.85418282291388,106.87103726597064,210.86562446268945,0.8643458191346365,True,True,False
eval_0109,0.001,1.025690636677422,0.8783800794376062,1.1192677733600165,0.8799037816005296,1.2386013103369085,0.2804193366602761,2039944.3914437825,1777894.333514453,1777894.333514453,0.0,False,18,,1239.5685411135553,125.41396258750045,96.49644051556092,210.76359859747686,0.8680038232574878,True,True,False
eval_0110,0.001,0.8805298060471836,0.7132615479387872,0.8735275658031234,0.9549130746206239,0.8695898077695197,0.19687513247901925,2021740.4627665898,1454717.5419070912,1454717.5419070912,0.0,False,18,,1029.2513913672121,150.88905699195672,93.4268634638016,210.6088447889472,0.8735590837778954,True,True,False
eval_0111,0.001,1.0193939479721488,1.0002351226713253,0.9654248717844918,0.9673080064668791,0.8559465602954931,0.19378630125089963,2891701.841740812,2035327.9497179238,2035327.9497179238,0.0,False,17,,1402.6534199343014,111.66071279947631,109.05137050169986,210.82381083865724,0.8658445638334088,True,True,False
eval_0112,0.001,1.1488709140623126,0.8753765590719564,1.0610818261056807,1.0125969020405692,1.0218180113787283,0.23133959777614407,2260025.454463199,1747967.5559645263,1747967.5559645263,0.0,False,18,,1225.9996095971117,125.79778800409868,85.88737619599193,210.79925426060768,0.8667250335316486,True,True,False
eval_0113,0.001,0.974480029255727,0.7316824613865864,1.0173084019415934,1.134345646903862,0.923802075218985,0.2091487898295782,1996819.6646661803,1477135.8209489877,1477135.8209489877,0.0,False,18,,1047.435471802134,147.5261419541134,86.34389709280742,210.65215072927325,0.8720036903295706,True,True,False
eval_0114,0.001,1.1352017688209943,1.0241132652844456,0.8985013138754105,0.9841124995415894,0.9679869375747412,0.2191522426669214,2759553.1289099045,2061631.7566995427,2061631.7566995427,0.0,False,17,,1424.4724871668643,109.32507066023958,100.01859484358509,210.8684519670781,0.8642444930672817,True,True,False
eval_0115,0.001,0.9513817671603291,0.7998398109067006,0.9212174677857246,1.04526879730904,0.8785782559273726,0.19891011714195714,2261348.144509177,1625962.139703254,1625962.139703254,0.0,False,18,,1140.2665397123628,136.3236152963934,95.70787101023902,210.6931636085796,0.870531244881135,True,True,False
eval_0116,0.001,0.918299827694311,1.0108449383147842,0.9710088108832908,1.0516278166331579,0.9349956799782906,0.211683021947085,2821864.286485175,2078267.748720942,2078267.748720942,0.0,False,17,,1425.5513579296946,110.61015832797762,122.20643017785767,210.799385305993,0.8667203343891206,True,True,False
eval_0117,0.001,1.0370332819115071,1.0654537060868905,0.6818674441719317,1.1233991457912396,0.8463653210689788,0.19161710869001677,3103961.355092747,2168395.230874763,2168395.230874763,0.0,False,17,,1488.0971986455042,105.51387263588168,113.4413319527094,210.8573472104604,0.8646424572549066,True,True,False
eval_0118,0.001,0.891559091745195,1.0559284579339263,0.8594752140849073,0.8448239418887296,1.0042585930092818,0.22736414545730138,2851213.408879669,2178833.113875982,2178833.113875982,0.0,False,17,,1488.3779765798738,106.36716957323205,130.8928243361127,210.8117009227801,0.8662787360715128,True,True,False
eval_0119,0.001,0.9249985028101456,0.9115658937373105,0.9447770741695258,1.059513875926336,1.0478137950136608,0.2372250431910928,2374514.945070617,1867433.3136666173,1867433.3136666173,0.0,False,17,,1291.9319810507177,121.32964187798828,110.60267459826048,210.75197792076784,0.8684206921135168,True,True,False
eval_0120,0.001,1.02273954308408,0.905118234456854,0.9539442468160522,1.0424643164660765,1.1678991702830697,0.26441237215208696,2189062.427206488,1834725.6298168795,1834725.6298168795,0.0,False,18,,1275.4707740092856,122.10139588776357,99.40034643749036,210.7774707787777,0.8675062463027613,True,True,False
eval_0121,0.001,1.2349669845727993,0.9430005191936133,0.5935734112113549,1.000950513350324,1.3247816393014649,0.29993056313785166,2066389.0437950962,1872462.2274999134,1872462.2274999134,0.0,False,18,,1308.7082687370669,117.70794660090533,85.39106768681204,210.86089347218117,0.8645153643520928,True,True,False
eval_0122,0.001,0.9928573990580369,0.9770143094588118,0.9414409075920545,1.0501465951826752,1.156465021361909,0.26182368083633617,2397704.163002518,1991974.9150819238,1991974.9150819238,0.0,False,17,,1373.9044145122348,114.03435447066593,109.63544650271042,210.80516690214836,0.8665130185627591,True,True,False
eval_0123,0.001,0.9615220926408194,0.8657817344793943,1.04497313058965,0.8592114033409257,1.137316672511482,0.2574884946565995,2132860.105120316,1763667.5607936983,1763667.5607936983,0.0,False,18,,1227.73801677829,127.04045782266823,101.6183776816464,210.73713012565585,0.8689533943757234,True,True,False
eval_0124,0.001,1.00903424597079,0.86697385144389,0.9930722298268446,1.1488264055293782,1.235470958750087,0.2797106250610197,2017616.8568006265,1757082.6874604311,1757082.6874604311,0.0,False,18,,1225.6439077984912,126.88467481474744,96.95238511685868,210.75207119161118,0.8684173460229742,True,True,False
eval_0125,0.001,0.9957236153016946,0.9263362286906811,0.659950729272286,0.8971626840353283,1.076421076268205,0.24370173166712158,2363720.2433246654,1884695.2456836444,1884695.2456836444,0.0,False,17,,1305.9695575019546,119.59940061579601,104.23312639349226,210.78068858485386,0.8673908371759128,True,True,False
eval_0126,0.001,1.1034769390986703,0.7804114855884385,0.7741988554760996,0.8992656387277126,0.8984348956887306,0.2034056603839286,2146133.2786973123,1556859.0610917914,1556859.0610917914,0.0,False,18,,1103.2861799629195,139.33366130591548,80.73358982999035,210.72700835281728,0.8693165816467405,True,True,False
eval_0127,0.001,0.940443580651069,0.8387984997417268,0.8427466872590696,0.9773849560732463,1.0201298233290939,0.23095739200170684,2201610.263686238,1710614.6173709852,1710614.6173709852,0.0,False,18,,1193.2433352067321,130.67603235662628,101.00546878404086,210.71466959756788,0.8697593653949321,True,True,False
eval_0128,0.001,1.1150757411145202,0.9507059990453017,0.8096272687979611,1.0226596404872668,0.8885500643892955,0.20116773457773648,2668067.7357222075,1912287.6202445696,1912287.6202445696,0.0,False,18,,1328.6908721501559,116.85425520988515,95.2630924028173,210.8285294412981,0.86567540305953,True,True,False
eval_0129,0.001,0.9600994185399728,0.924383643070543,1.0959423317886192,1.0713684207990724,0.9489502906670055,0.21484234580701003,2537171.303000001,1887599.8226883449,1887599.8226883449,0.0,False,17,,1306.2528972655775,119.82518025238831,107.89697701737363,210.7691443712575,0.867804895765034,True,True,False
eval_0130,0.001,1.1570035819680948,1.0150940632836838,0.7536253962460664,0.8212474289547801,1.1188233639574008,0.2533016095999555,2513618.992606964,2038370.5661713327,2038370.5661713327,0.0,False,17,,1410.6306053487283,110.19518984566587,97.35902898876796,210.87094992037285,0.8641549790093436,True,True,False
eval_0131,0.001,1.1671892665641723,0.6863271881353519,1.0980162799999498,1.0255952743774488,1.2636165554726617,0.2860827881590106,1510248.5416518813,1346959.0474486575,1346959.0474486575,0.0,False,18,,974.0294282587851,156.10154010557088,68.12791560021265,210.6777100653929,0.8710859910766077,True,False,False
eval_0132,0.001,0.897811299527217,0.8061392204688049,1.123528116860307,1.1616849948920722,0.9052971480005956,0.20495927430733482,2257657.326494166,1649318.5192457223,1649318.5192457223,0.0,False,18,,1152.6761512169687,135.37634292964006,102.12821230901623,210.68111139879534,0.8709638841473235,True,True,False
eval_0133,0.001,0.9212240591491271,0.7859096188550412,0.8743601964903958,0.9134399975375729,0.9913882034264901,0.22445028925575736,2088628.3906377517,1602006.92505637,1602006.92505637,0.0,False,18,,1123.8224202827414,138.4679470746023,97.31035336917732,210.67466434416016,0.8711953349732955,True,True,False
eval_0134,0.001,0.8415440935737365,0.9076426861097955,0.9608710812457243,1.0265557973511406,1.0987774128245256,0.2487632062634726,2315990.3922034805,1875504.7450239616,1875504.7450239616,0.0,False,17,,1293.4046127504998,121.79801697188968,121.10344038472377,210.7253983925251,0.8693743531110159,True,True,False
eval_0135,0.001,1.0790019055354694,0.751321685114438,0.6434082771103078,0.8528922138355062,1.0623574274912153,0.24051772158401113,1882596.423331584,1499954.601081253,1499954.601081253,0.0,False,18,,1066.334922074441,144.1072099974014,79.82991245870815,210.69917645758173,0.870315419602074,True,True,False
eval_0136,0.001,0.9530649139423717,0.7867554437578037,0.915947525584313,0.8008652238161431,0.881700664562088,0.1996170304568567,2217178.276412276,1597917.3548010325,1597917.3548010325,0.0,False,18,,1122.6310769346599,138.33575443296047,94.14920345995506,210.68492657362214,0.8708269251166236,True,True,False
eval_0137,0.001,0.9419469541209355,0.7333793647896235,0.6391257392478191,0.9784560638696418,1.169854436027761,0.26485504431668505,1751936.4921860467,1486606.420251325,1486606.420251325,0.0,False,18,,1051.9708234541683,147.22412547813747,89.50929682064903,210.64335522955298,0.8723195412548308,True,True,False
eval_0138,0.001,1.0880092715873586,0.9658723077463436,0.97730945124563,0.9416920960287727,1.0950406394383116,0.24791720076883375,2427918.6282795025,1949485.4811403097,1949485.4811403097,0.0,False,17,,1351.0872675846576,115.21112218992569,99.02539231950003,210.82784907509273,0.8656997935577537,True,True,False
eval_0139,0.001,1.2360930702193555,1.0573950890170836,1.23712307887372,0.8807904247656251,0.9722000637192532,0.2201060944260389,2825186.174350147,2110101.541318324,2110101.541318324,0.0,False,17,,1459.7503422448845,106.23484470148159,94.52690004286887,210.9122636647852,0.8626748101370362,True,True,False
eval_0140,0.001,1.0427541679401515,1.0537997051026813,0.9166305228032022,1.0398239279164332,1.2914915757300016,0.2923936927452723,2411120.8500118027,2142784.9949067407,2142784.9949067407,0.0,False,17,,1472.052113193511,106.5598486690787,111.71154165444813,210.85414226138766,0.8647573216825849,True,True,False
eval_0141,0.001,1.1746067308470398,0.9712494921995676,1.2664427679327357,0.9827567671740844,1.1264887277392963,0.2550370479601767,2383446.0550502767,1943408.5000200162,1943408.5000200162,0.0,False,18,,1351.0325773037005,114.6400603459423,92.18169374567714,210.856239170454,0.8646821686863758,True,True,False
eval_0142,0.001,0.9877919949828354,0.684208718474307,1.1688402218541853,0.7859146997081262,1.1572202484619074,0.2619946642517758,1626044.7536049217,1373816.3033752667,1373816.3033752667,0.0,False,18,,983.0750259224066,156.52733672061606,80.28194331302836,210.61867735088185,0.8732058774307591,True,False,False
eval_0143,0.001,1.0454616411066555,1.0482073423965321,1.0072672078985927,1.1019700528710978,1.1442738068250875,0.2590635898651998,2590416.495100324,2130507.889098759,2130507.889098759,0.0,False,17,,1464.3588897776276,107.06952735862595,110.8918391582009,210.85256524404102,0.8648138428000907,True,True,False
eval_0144,0.001,1.1796703690568449,0.8796970292777562,1.0286241171488946,0.9724442445314841,0.9216044545526256,0.20865124851071443,2395558.7189772017,1751107.3809237923,1751107.3809237923,0.0,False,18,,1229.3435383434494,125.24643377048366,84.01320156005441,210.8110849045495,0.8663008232736124,True,True,False
eval_0145,0.001,1.1099970262408843,1.110359617565519,1.102748724852112,1.0538520035035615,1.1986804075648683,0.2713812442726862,2662240.125289607,2246906.4274117127,2246906.4274117127,0.0,False,17,,1541.2573848713437,101.67678570197911,109.98411156582932,210.89624681822266,0.8632485851441758,True,True,False
eval_0146,0.001,1.2144708541007376,0.7845384657480547,1.2091378287816419,1.0080143693752657,1.3607211337018668,0.30806726467010265,1657857.3675858106,1545226.3559791995,1545226.3559791995,0.0,False,18,,1100.8078985439681,138.68279920542724,73.69938758811139,210.76459246266924,0.8679681724379126,True,True,False
eval_0147,0.001,1.152351311526986,1.0440878217393093,0.8128397926844445,1.0606358596315868,1.0027741597516004,0.22702806976776232,2759881.9541249536,2099754.538942434,2099754.538942434,0.0,False,17,,1449.4823322361356,107.44825022243602,100.25114160486886,210.88203792984677,0.8637576662248527,True,True,False
eval_0148,0.001,0.9867878944281785,0.7459250721282166,1.0344444947037696,0.9659761813199399,0.8974673730934588,0.20318661326835907,2067393.6221262603,1505202.593109414,1505202.593109414,0.0,False,18,,1065.6130029126764,145.03026525556584,86.73434844390265,210.66654999637308,0.8714866621633648,True,True,False
eval_0149,0.001,0.9986518651341552,1.1012925290137066,1.220322479011155,1.0122895949034338,0.8759499475205943,0.19831506811866254,3171415.069852935,2251648.600302434,2251648.600302434,0.0,False,17,,1539.3987632229757,102.42781247699347,121.35049706102355,210.86079268514345,0.8645189763550661,True,True,False
eval_0150,0.001,0.9533938000018061,0.8136468015814933,0.6908763332566158,0.7948810357795231,1.2148392985209981,0.27503961718515396,1913666.7170525799,1654850.9390468448,1654850.9390468448,0.0,False,18,,1158.596379300253,134.26505683793377,96.97019107253556,210.70276948592542,0.8701864572763294,True,True,False
eval_0151,0.001,0.9359284400448008,0.7770659485696042,0.6070257434928719,0.9802125577316323,1.073785790488683,0.24310510296663781,1968407.7364717207,1580531.3784645242,1580531.3784645242,0.0,False,18,,1110.9037698480633,139.86594411161323,94.8241479795459,210.67307030986504,0.8712525633755742,True,True,False
eval_0152,0.001,1.119328866860757,0.7645096478459099,0.8656469643424511,1.0679907475005341,1.1170434137596268,0.2528986288751795,1854623.4582502493,1520505.8689316874,1520505.8689316874,0.0,False,18,,1081.027401861171,141.90180557488793,78.14981407178566,210.72110587883697,0.8695283890513185,True,True,False
eval_0153,0.001,0.9467152139052997,0.7286674941860254,0.8997760656880334,0.7815024185242344,0.9421274128279884,0.21329764626425657,1972793.4144706693,1475711.3959135588,1475711.3959135588,0.0,False,18,,1045.3303758397146,148.06591942756629,88.55215010296054,210.64125725834964,0.8723948843775742,True,True,False
eval_0154,0.001,1.0231050110136632,1.0293985546686724,1.0349169845265866,1.01484310753377,1.1527119732372313,0.26097399074090916,2534095.5985173313,2095718.1008836748,2095718.1008836748,0.0,False,17,,1441.2425307146038,108.82181910886057,111.49037635187194,210.83797362824888,0.8653368539637698,True,True,False
eval_0155,0.001,1.0041743677506516,1.0738912605746482,0.9980077537214216,0.9875630496831707,1.1156573363963571,0.25258482096013524,2708265.9203553856,2192984.151845029,2192984.151845029,0.0,False,17,,1502.304649433164,104.76989656619395,117.985307313694,210.85136614305836,0.8648568197654496,True,True,False
eval_0156,0.001,1.1999204755418793,0.7905814488199973,1.1832301063930872,0.8379725280291896,1.1371563829087559,0.25745220509054234,1888439.269054062,1560551.5924380282,1560551.5924380282,0.0,False,18,,1109.8453614912441,137.74104498343644,75.10307811749412,210.76395587391025,0.8679910073985235,True,True,False
eval_0157,0.001,0.9545312230004009,0.8253021980708961,1.0017716511286485,1.1589198913040775,0.9187523712695659,0.20800553685542972,2285996.047882657,1679339.4891755302,1679339.4891755302,0.0,False,18,,1174.1094329253408,132.5767821398291,98.08801867661721,210.7105236455058,0.8699081570498047,True,True,False
eval_0158,0.001,0.9787809673473313,1.1234325910274623,1.0701267850629197,0.9675449561727296,0.839544812481865,0.1900729455458942,3310126.149808446,2302235.0736835096,2302235.0736835096,0.0,False,17,,1570.8203917145902,100.61406086566282,126.04609083500239,210.8637303066954,0.8644136993742714,True,True,False
eval_0159,0.001,1.124259515970506,1.1685850467107464,1.1718763696509078,1.1580206399238309,0.8964638747085127,0.2029594212340073,3305129.3040360883,2365008.3959606783,2365008.3959606783,0.0,False,17,,1617.2691415202662,97.11626280951178,113.688108474897,210.9216359060866,0.86233910669563,True,True,False
eval_0160,0.001,0.8699536596769236,0.8928314261986839,1.1969158894201506,0.7646487624139268,1.3650006866622841,0.30903615546034113,1970562.526488637,1838548.9065754875,1838548.9065754875,0.0,False,17,,1271.2122324525155,123.60072113648764,115.44003525196526,210.72548029355053,0.8693714141711542,True,True,False
eval_0161,0.001,1.1289354637442761,0.932513806719259,0.8391121531693992,1.017324833764961,1.0538154449631412,0.23858381673965515,2382141.7769815223,1871437.6906696965,1871437.6906696965,0.0,False,18,,1303.4009271393033,118.89088062705952,92.48172354091577,210.82360341045796,0.8658520002583954,True,True,False
eval_0162,0.001,1.232038361214801,0.9659715339588931,0.684368859428935,0.9795369872968773,1.0113279554754926,0.2289646491196515,2510083.875053283,1920920.3786800716,1920920.3786800716,0.0,False,18,,1339.2994548119007,115.20053052437353,87.45705827381025,210.8710430569406,0.8641516415051156,True,True,False
eval_0163,0.001,1.1764770748276234,0.915399240383409,0.9543777420251965,1.025062808424887,0.9206894043714274,0.20844408114969115,2502700.357214414,1826324.9771649558,1826324.9771649558,0.0,False,18,,1276.888242733249,120.87560183303414,87.28737970039263,210.82920506211812,0.8656511828347496,True,True,False
eval_0164,0.001,0.9243579105650171,0.7579713652662321,0.9713474767195542,0.8932900241151912,1.1334994919037653,0.25662428496701245,1856134.2714162797,1542137.6370196831,1542137.6370196831,0.0,False,18,,1086.1538736442444,142.9863987860667,93.91580474377753,210.65606661590826,0.8718630773089117,True,True,False
eval_0165,0.001,1.0128308587147208,0.92783777188924,0.9130449020895666,1.0261920940611144,1.1102877295318738,0.25136914196601623,2321285.486643182,1884485.8326465865,1884485.8326465865,0.0,False,17,,1306.5854427013728,119.42637728919482,102.621035208701,210.78653749609677,0.8671810704315691,True,True,False
eval_0166,0.001,1.0954793656760888,0.8293415019008005,1.1521262622890163,0.929770303602229,0.9584104593707955,0.2169841280015481,2218489.892180565,1661366.8704765462,1661366.8704765462,0.0,False,18,,1168.9223492737217,132.0019170459302,85.83988648225916,210.75595211821283,0.8682781204464973,True,True,False
eval_0167,0.001,0.976428586605202,0.887484941738959,0.7328230523707305,1.092713199334402,1.1977478973069835,0.27117012395030105,2117815.298746511,1806576.3373386157,1806576.3373386157,0.0,False,17,,1255.595979198119,124.26516861125434,102.30189433364646,210.7539742604322,0.868349074095313,True,True,False
eval_0168,0.001,1.1316225333831076,1.049932793284544,0.6023637470660304,1.0601705515787925,1.124134569482959,0.2545040665309419,2604366.4963319986,2116234.576418743,2116234.576418743,0.0,False,17,,1459.0572258543648,106.91172904198972,102.5998284718725,210.87840130109666,0.8638879716726903,True,True,False
eval_0169,0.001,1.0877474525728112,0.9952936370140031,0.9018625085136913,0.8240170937019371,0.9924942580643187,0.22470070002576173,2651399.622685684,2011112.8296698446,2011112.8296698446,0.0,False,17,,1390.2441966347924,112.15715611190114,101.74627331623284,210.84159526128417,0.8652070360541478,True,True,False
eval_0170,0.001,0.9991648479547408,1.0822170975640577,0.7603457958471356,1.1417058179253088,1.3339572101734427,0.3020079123832674,2435551.484585714,2211513.0761846467,2211513.0761846467,0.0,False,17,,1513.8756304333933,104.04646334982606,119.40131382009135,210.8533231538329,0.8647866788155538,True,True,False
eval_0171,0.001,1.1978996233492132,0.8174258956989013,1.0186948361181818,1.046073246665775,0.7460508735446567,0.16890591777051028,2441137.212542255,1617193.053388325,1617193.053388325,0.0,False,18,,1145.5186738541365,133.71279288032494,77.49616052012709,210.78035331954175,0.8674028615636104,True,True,False
eval_0172,0.001,0.8554685928943482,0.7699360090100159,0.8170784042728744,0.7257424161072611,0.8277071269404017,0.18739289353930694,2254474.1780750453,1580174.4612569446,1580174.4612569446,0.0,False,18,,1107.1642135704317,141.01450314461545,102.89771327772101,210.6436503008618,0.8723089446645467,True,True,False
eval_0173,0.001,0.9093054383950525,1.0247146264083444,0.6188115909466766,0.8017860373368216,1.1897491019127484,0.26935919667304625,2496283.5437713023,2109339.919798503,2109339.919798503,0.0,False,17,,1444.930880428576,109.26756533653239,124.93166265322917,210.8030878513127,0.8665875676249937,True,True,False
eval_0174,0.001,0.8934526265163052,1.0310673955172134,0.8463539611638561,1.0317638883415872,1.015536104435775,0.22991737404425944,2762790.5968601475,2126009.0528552225,2126009.0528552225,0.0,False,17,,1454.8456962826072,108.6639211477946,127.85469257730963,210.80139208098413,0.866648374388042,True,True,False
eval_0175,0.001,1.0753526106072167,1.0281754447333626,0.9801466934594345,0.9787376222411088,1.1761890305535776,0.26628919651732996,2488494.0271169245,2082401.4536878238,2082401.4536878238,0.0,False,17,,1435.0599212422624,108.93784918198955,105.96047206389107,210.852655372076,0.8648106125419163,True,True,False
eval_0176,0.001,1.104683778668066,0.9044642229061233,1.2406652400076794,0.8474972183447185,1.0442524894998484,0.23641876362276568,2321940.6029707557,1817406.5126859518,1817406.5126859518,0.0,False,18,,1268.0823681330344,122.1802491786547,91.96754455816618,210.80171480940965,0.866636801949025,True,True,False
eval_0177,0.001,0.9712646805872543,0.8352255965985412,1.0483632071312998,1.104360295017932,1.1304921949059157,0.2559434329266993,2057186.067006503,1697203.8402519622,1697203.8402519622,0.0,False,18,,1186.1205553141665,131.17369792700347,97.42921796401774,210.72174868600487,0.8695053216533575,True,True,False
eval_0178,0.001,1.061447797040672,1.0975711207269734,0.8771317394843714,0.8985284374350441,1.0432622290399918,0.23619456865465413,2868525.184837695,2230507.1051269164,2230507.1051269164,0.0,False,17,,1528.6880692470634,102.73943649004659,113.82502525667041,210.87731113573614,0.8639270346839049,True,True,False
eval_0179,0.001,1.0158521733109431,0.963726122016227,0.7409124690520981,1.1428792649931143,1.2675103026206611,0.28696433251331765,2223097.4275808698,1959431.6333166154,1959431.6333166154,0.0,False,17,,1354.2341766925965,115.44070988916154,105.84834499311317,210.80548804875122,0.8665015032572743,True,True,False
eval_0180,0.001,0.9391881736250741,0.9476337464681561,0.6358823762122385,1.0014730756625594,1.0268876358411614,0.23248736075443893,2500515.34956862,1940830.932833483,1940830.932833483,0.0,False,17,,1339.0894396234044,117.19307897077687,112.77659940891023,210.7750022449213,0.8675947845850858,True,True,False
eval_0181,0.001,0.9330654426135662,0.8025601259340701,1.1792665517946208,0.8921075826453135,0.9309986574200848,0.2107780960399072,2207355.2763131605,1635140.162080625,1635140.162080625,0.0,False,18,,1145.2620670913866,135.91286817957698,97.8815622170535,210.68940258385493,0.8706662494133145,True,True,False
eval_0182,0.001,0.9631639193685343,0.9449565350383147,1.1204332757373334,0.9291418925694724,0.9954183379214365,0.22536271170541322,2531095.8913329626,1930401.9971279413,1930401.9971279413,0.0,False,17,,1333.5248447014214,117.49001017952062,109.69136174411302,210.78066830458033,0.8673915645327186,True,True,False
eval_0183,0.001,0.9348677681570401,0.8841133795766856,0.9217663205031812,0.9178143037634015,1.3203400138638628,0.2989249791387785,1983977.8655553297,1807503.0185053041,1807503.0185053041,0.0,False,17,,1254.3649648609353,124.68801140924307,106.48751426317202,210.73972025901028,0.8688604613751604,True,True,False
eval_0184,0.001,1.0668168992012594,0.8733902409014656,0.6789415410720179,1.0327395816661944,0.8639671638998565,0.1956021659069275,2480370.8042595927,1759510.6522930195,1759510.6522930195,0.0,False,18,,1229.716166498657,126.05296765235063,92.30614491535097,210.7731775846353,0.8676602305491972,True,True,False
eval_0185,0.001,0.9773593282326285,0.9226398690272402,1.184493080849715,1.014064134331906,0.9472480284615283,0.21445695364369,2530646.1225327314,1880521.600475398,1880521.600475398,0.0,False,17,,1302.5199507888842,120.02756656022152,105.81282541364791,210.7733216357075,0.86765506375922,True,True,False
eval_0186,0.001,0.9963078948263699,1.0488340909948723,1.144818853823002,1.0645130274914454,0.7726798731912176,0.17493472329049164,3192818.880882838,2142040.612987823,2142040.612987823,0.0,False,17,,1469.5444126246666,107.01215273080726,116.42517577877317,210.83862707936004,0.8653134305935117,True,True,False
eval_0187,0.001,0.9832903654495109,0.8957016475601047,1.0330894278749576,0.8850781261453766,1.0101107755761625,0.22868907959044318,2366634.791252995,1822569.1209042761,1822569.1209042761,0.0,False,17,,1266.0361525223748,123.2470562874105,102.42718466869074,210.76057980349609,0.8681121121173734,True,True,False
eval_0188,0.001,0.980195101810565,0.7763798645854858,0.8117303045978312,0.7044107800406033,1.095675844913063,0.24806101128831745,1934691.5508931247,1570944.8855552415,1570944.8855552415,0.0,False,18,,1106.7852165936265,139.97562241226535,90.47084350840383,210.68613837136544,0.8707834244405329,True,True,False
eval_0189,0.001,1.2551302333510395,0.8631263020567911,0.9849657606478626,0.927968692608407,1.0759417876261632,0.24359322071856335,2139421.4718799293,1702108.0490941578,1702108.0490941578,0.0,False,18,,1201.6421997748112,127.38889613239557,77.63422277959312,210.82515839190825,0.8657962535998369,True,True,False
eval_0190,0.001,1.0902128562061795,0.8616644039970155,1.2700584525966836,0.8315007232476795,1.096905131462619,0.24833932176313694,2143505.902318446,1730430.7404653744,1730430.7404653744,0.0,False,18,,1212.306208529812,127.58157112817733,89.24303461677117,210.77356892184883,0.8676461941745387,True,True,False
eval_0191,0.001,0.8927563355012272,0.7809114624879404,0.8889199992466996,1.0301098095995034,1.1120078334340335,0.2517585734894652,1946065.034658605,1596650.209844955,1596650.209844955,0.0,False,18,,1119.1965307786718,139.25447383166042,99.84618535359974,210.66260500816438,0.8716283060946174,True,True,False
eval_0192,0.001,0.8465518694089909,1.1006061826945077,0.9245019076326135,0.9190888885228032,1.1383014904430757,0.25771145743631235,2781616.2990614213,2282589.311384675,2282589.311384675,0.0,False,17,,1552.4993497829128,102.48513670712535,143.07347215429198,210.81755509703507,0.8660688423458551,True,True,False
eval_0193,0.001,0.9130627657581394,0.7253591666722727,0.7539836486255318,1.15248186050457,1.2955151146451236,0.293304621955656,1621966.2771569013,1474709.03006354,1474709.03006354,0.0,False,18,,1043.2344557687807,148.66293427951683,91.44716396781156,210.6283248114661,0.8728593523656778,True,True,False
eval_0194,0.001,1.0124431298194247,0.9100767296304615,0.8963427657789791,0.8997660024614762,0.9120350918528062,0.20648474479547532,2535390.7856053757,1847171.3658835806,1847171.3658835806,0.0,False,17,,1282.9106290882014,121.50698475912718,100.90244576796478,210.77706400914462,0.8675208356640678,True,True,False
eval_0195,0.001,1.1060981053944818,1.1110941721704926,0.7946166008133264,1.1470994088633193,0.918515794663086,0.20795197591172265,3100007.8157339985,2249264.955959828,2249264.955959828,0.0,False,17,,1542.5915254129072,101.61644801578592,110.4373345309129,210.89540253868122,0.863278832373435,True,True,False
eval_0196,0.001,0.9709556982189401,0.9630824235789314,0.7090661424835654,1.1299133029010622,1.0180233609823481,0.2304804889264036,2549477.7097758744,1967081.2756761177,1967081.2756761177,0.0,False,17,,1357.1211751023036,115.50975555667294,110.67651998950929,210.79200183945505,0.8669851064393285,True,True,False
eval_0197,0.001,1.2292971686667404,0.9412468813260051,0.8786038325284636,1.0284192202012536,0.8918501819743898,0.20191488119900183,2608832.6736785243,1869924.2699660468,1869924.2699660468,0.0,False,18,,1306.849970734152,117.90405200953448,85.64222910499302,210.85830854526765,0.86460800398026,True,True,False
eval_0198,0.001,1.150171902166496,0.8642229417853038,0.8630736204903213,0.8901020830361611,0.817214429474451,0.1850173468330157,2499568.870570786,1724383.4226967585,1724383.4226967585,0.0,False,18,,1211.1051671380596,127.24475775682615,84.81465924118046,210.79335797580276,0.8669364738266806,True,True,False
eval_0199,0.001,0.963410039886159,1.0516561688613375,0.7220059461427362,1.0752949849480409,0.9901721830393155,0.22417498224010102,2844213.866692349,2154821.909345564,2154821.909345564,0.0,False,17,,1476.238076438319,106.7546056680692,120.69125024430627,210.83037611809678,0.8656092022004117,True,True,False
eval_0200,0.001,1.0705016555813813,1.0425006636481435,1.137500701982229,0.8453838896977425,1.2237309368602658,0.27705268410516415,2463884.7440315327,2113369.6145772994,2113369.6145772994,0.0,False,17,,1454.5517358354705,107.59491288891071,107.76915885392589,210.8574140492974,0.8646400618079072,True,True,False
eval_0201,0.001,1.0938998206770194,0.9850423181137725,0.9795675287696498,1.070034017109054,1.3331167473553795,0.3018176316012579,2184483.5023519783,1988442.68052429,1988442.68052429,0.0,False,17,,1376.0898129810967,113.20189675218427,100.24029125750667,210.83867316700332,0.8653117785581386,True,True,False
eval_0202,0.001,1.013553304589974,1.0256275393889729,0.9967473070782521,0.9814444915981363,0.9675796706333395,0.21906003743138805,2792560.391203911,2089776.9465902136,2089776.9465902136,0.0,False,17,,1437.0436798717387,109.18038857250106,112.1714529122186,210.8335437465226,0.8654956497173957,True,True,False
eval_0203,0.001,1.0232817129525995,0.9603443389457262,1.1361085504250832,0.9879639356641177,1.0287918556183702,0.232918476111999,2515493.0604288634,1950826.4333785775,1950826.4333785775,0.0,False,17,,1349.1034296616217,115.80441860000158,104.74980695831897,210.80602144905816,0.866482377280146,True,True,False
eval_0204,0.001,0.8310689364299189,1.0579206286635985,0.8693082703979758,0.7791852117465593,0.8905510726306789,0.20162076284358568,3056116.7574815713,2195725.287672128,2195725.287672128,0.0,False,17,,1496.4888408620811,106.18751241473838,140.6575595896072,210.79544783863687,0.8668615301616306,True,True,False
eval_0205,0.001,1.009519462561855,0.9081480329725335,0.7340102090807405,1.000500530892581,1.1744703636191693,0.2659000903233799,2191845.763896513,1843681.8946259683,1843681.8946259683,0.0,False,17,,1280.570252517448,121.73747467695105,101.00307364659926,210.7751594393501,0.867589146470258,True,True,False
eval_0206,0.001,1.0578120912068174,0.9862077563657403,1.2280627653133367,0.8858229998564859,1.1116487885178064,0.25167728572043135,2467082.8286766685,1998156.13524342,1998156.13524342,0.0,False,17,,1380.6860195249742,113.08210073618758,103.7698478710391,210.82857143451815,0.8656738976466458,True,True,False
eval_0207,0.001,0.9930325138986689,0.8767104365797924,1.0261932472114452,0.8179995457380775,0.9039654121555897,0.2046577693120255,2451152.123655134,1780661.3912385318,1780661.3912385318,0.0,False,18,,1239.8922650908785,125.62702831096203,99.50090242482393,210.75285384524912,0.8683892684484638,True,True,False
eval_0208,0.001,1.0193747517151728,1.1412858912904955,1.1307417328851184,0.8949312617169463,0.9502175047494572,0.21512924307527712,3155454.155103094,2330845.2307514898,2330845.2307514898,0.0,False,17,,1590.8611787779068,99.19982804962696,122.75205821171095,210.88194557581832,0.863760975342062,True,True,False
eval_0209,0.001,1.1837195353725238,0.973699977180114,0.8931922174320708,0.792905053540991,1.0855764621167336,0.24577451102322848,2441430.3891389277,1946703.570336802,1946703.570336802,0.0,False,18,,1353.5216410031885,114.38177077252843,91.6785939581251,210.86012320226806,0.8645429693508511,True,True,False
eval_0210,0.001,0.9823496361936251,0.8709578046629949,0.9379321020268896,0.8737089774100679,1.0087242087464565,0.22837516086019774,2298370.271210612,1770590.2824538038,1770590.2824538038,0.0,False,18,,1233.039136487908,126.36692890999025,99.99402614690527,210.74636137709007,0.8686221910192621,True,True,False
eval_0211,0.001,0.8846049814425947,0.8475695106649938,0.8222723970631419,0.8465428152936263,0.984490009137936,0.22288853806882872,2282341.1856548376,1739863.5904494666,1739863.5904494666,0.0,False,17,,1209.2793236042771,129.4707860975412,108.38081417646684,210.703346465505,0.8701657485179332,True,True,False
eval_0212,0.001,1.083490324549185,0.9866683676998084,0.7481066129703527,0.8981698559136695,1.19808501267503,0.2712464468696268,2351600.0851006964,1993939.9141794567,1993939.9141794567,0.0,False,17,,1379.130461828487,113.03482719794869,101.35291935071572,210.83635472885132,0.8653948850667003,True,True,False
eval_0213,0.001,1.2240237082467917,0.7595467144732552,0.950289457827477,0.9685728185586724,1.3731439058283659,0.310879780279542,1586761.9841658243,1491076.8354475654,1491076.8354475654,0.0,False,18,,1067.0890229876109,142.72350856051787,71.05395090244956,210.75078375878383,0.8684635329241042,True,True,False
eval_0214,0.001,0.837600009603944,0.8584549675986952,0.6691807865609072,0.7806278692991852,1.3959605133014954,0.3160454602114585,1863839.194319446,1771916.951927513,1771916.951927513,0.0,False,17,,1227.5485924925295,128.0066989765363,115.77217779619964,210.69600556541948,0.870429234110742,True,True,False
eval_0215,0.001,1.1448969572622725,0.9093375065726845,1.1343639733712978,0.960358994270256,1.041773267691514,0.23585746780535874,2330273.115446746,1819796.8820590838,1819796.8820590838,0.0,False,18,,1271.3626674327718,121.59521856954058,89.16423254235902,210.81645749808712,0.8661081944260082,True,True,False
eval_0216,0.001,1.1406079644328024,1.0935217807988464,1.117664875766494,1.0056589390066497,1.3466246407690114,0.30487581867010416,2418320.8098412184,2205278.1604643143,2205278.1604643143,0.0,False,17,,1516.1072813347878,103.08078796229823,105.57460015089872,210.8986137763048,0.8631637875977376,True,True,False
eval_0217,0.001,1.1587998582680938,1.115214272644156,0.9254242646592341,0.9899825475064973,1.0030571567427968,0.22709214028656918,2958684.891924916,2246620.338799296,2246620.338799296,0.0,False,17,,1543.2208973653487,101.27940295971588,105.76549560695747,210.9122079479349,0.862676805942939,True,True,False
eval_0218,0.001,1.107023611805745,0.821766648952907,1.0056986656470968,0.9813294795351815,0.9229729106332643,0.20896106696737102,2238147.1223355946,1643255.8182700304,1643255.8182700304,0.0,False,18,,1157.9923406631822,133.08423397450633,84.25391330210358,210.75483354205292,0.8683182480720584,True,True,False
eval_0219,0.001,0.8814783976588488,0.7054732640846128,0.5879504485929441,0.8930917488821053,1.0407617215364868,0.2356284537558606,1813724.1523747928,1437911.8015124868,1437911.8015124868,0.0,False,18,,1018.72883414255,152.35901503841333,92.42591204176321,210.6029143922385,0.8737721320709648,True,True,False
eval_0220,0.001,1.0961124083533205,0.9021564077854953,1.0466752174131007,0.9545833586467083,1.0092253154610793,0.22848861142038834,2362333.327573971,1814231.9054661766,1814231.9054661766,0.0,False,18,,1265.6937231398665,122.45934815833175,92.47546785962503,210.7978940522313,0.8667738094441252,True,True,False
eval_0221,0.001,0.8676688029838822,1.0399269921782666,1.1082871339311948,0.9941786780392914,1.3318733574787,0.3015361281331777,2362190.3410338224,2150054.924297665,2150054.924297665,0.0,False,17,,1469.0217574045755,107.83362768409292,132.66775383985868,210.7979707473695,0.8667710592051251,True,True,False
eval_0222,0.001,1.0570317924662673,1.013434478557177,1.11304884074054,0.9874486114883664,1.08307088746502,0.24520724892208048,2579678.111651917,2055310.707758774,2055310.707758774,0.0,False,17,,1417.0187222906777,110.35687665047529,106.4109019770517,210.8407915963554,0.8652358431435627,True,True,False
eval_0223,0.001,1.0985041796005683,0.8528927661492384,0.8190794264992332,0.9979368471585859,1.129995003283315,0.2558308687433425,2080355.1821803646,1710389.648157889,1710389.648157889,0.0,False,18,,1200.0077806313818,128.7504906145454,87.76532561621666,210.77099399276338,0.8677385519737693,True,True,False
eval_0224,0.001,0.9362234587332946,0.8261115053281798,0.6645229213124801,0.7583321494057713,1.061338625872453,0.24028706489752336,2117939.825234322,1684505.5214604286,1684505.5214604286,0.0,False,18,,1176.5722854043238,132.46118752314143,100.093393051566,210.70551401049133,0.8700879527304426,True,True,False
eval_0225,0.001,1.15334481435024,0.9268302395148569,0.9234815257552669,0.7856905814358018,0.9266105622089943,0.20978463128411629,2533143.088105742,1854746.6559434992,1854746.6559434992,0.0,False,18,,1293.8906299230587,119.54241797446477,90.03106165449458,210.82807215845673,0.8656917962084556,True,True,False
eval_0226,0.001,1.1184331475089748,0.9128293485924044,0.7963363678129984,0.9245119229956011,1.2183744148546505,0.27583996752309287,2132022.610830712,1832262.2401809548,1832262.2401809548,0.0,False,18,,1278.103831228501,121.17960039809604,91.58704114705576,210.81029082091035,0.8663292951633573,True,True,False
eval_0227,0.001,1.1602819274211078,0.9857697812922792,1.0477946215004514,0.995175866073803,1.3707586005540437,0.3103397471654355,2131499.6563137313,1976599.86260103,1976599.86260103,0.0,False,18,,1371.472547771858,113.12708936938068,94.56783218533886,210.85872319245084,0.8645931435383513,True,True,False
eval_0228,0.001,0.972149131732967,0.8231324830051682,0.7877706788139763,0.8602854994333369,0.8580360544307087,0.19425936272311245,2355133.768650487,1671427.5324984107,1671427.5324984107,0.0,False,18,,1169.8828257440532,132.88772104659387,96.08505178611985,210.7144835283792,0.8697660429980054,True,True,False
eval_0229,0.001,1.0408291595164196,1.0460955308627309,1.1209261142623357,0.8696351179794937,1.0821886466624493,0.2450075096043785,2673392.969082361,2127046.0034439284,2127046.0034439284,0.0,False,17,,1461.9530980778272,107.26332441626084,111.18414763854936,210.8503252022902,0.86489412850863,True,True,False
eval_0230,0.001,1.131899633189719,1.0393740134466305,0.8371449854210814,1.1082512231504558,1.2401354568440692,0.28076666742949724,2422284.726235817,2094147.7220510435,2094147.7220510435,0.0,False,17,,1445.0162454568272,107.88506263398929,101.6492871890532,210.87403677534178,0.8640443646127068,True,True,False
eval_0231,0.001,0.9548501252937364,0.7139409192792148,1.1258253765389536,0.859509552138586,1.0588211359809896,0.23971710518609604,1805706.2088839484,1442895.2483619726,1442895.2483619726,0.0,False,18,,1025.0580543431613,150.7622198855599,86.22750933281043,210.63239660571406,0.8727131079884889,True,True,False
eval_0232,0.001,0.9262744535189926,1.0445599413000477,0.9249519393441484,0.8682449838810699,0.9943178221971051,0.22511355494542457,2826064.106275577,2147628.0814088965,2147628.0814088965,0.0,False,17,,1470.0369589314457,107.40470431636825,124.7701176060255,210.81669302491756,0.8660997500769791,True,True,False
eval_0233,0.001,1.052647119184901,1.1475504899255187,0.9908386525487063,1.0019182166835887,1.268934439847724,0.2872867571815247,2670015.2765829694,2336734.300043446,2336734.300043446,0.0,False,17,,1596.0785848541022,98.7134235733925,119.45781151352115,210.89369766947314,0.8633399118981295,True,True,False
eval_0234,0.001,1.001752275300378,0.9914911361693654,1.079432334697414,0.9922062810065893,1.0565778754653816,0.2392092310053624,2568413.5132222734,2020565.9224897472,2020565.9224897472,0.0,False,17,,1392.4870410913245,112.5423225593916,110.10254650773572,210.8146116513001,0.8661743742679563,True,True,False
eval_0235,0.001,0.8649709450738639,0.7532481192877911,0.8922421169731707,0.7614636527954171,0.9730401975846161,0.2202963007331571,2026277.41670945,1542919.5891353842,1542919.5891353842,0.0,False,18,,1084.0528813958867,143.78064155516847,99.8094444199364,210.6345230211296,0.8726367369519745,True,True,False
eval_0236,0.001,0.9400965355403096,1.118370166592306,1.021094637602618,0.8310284133395247,1.3918541537922493,0.31511578041856525,2460464.3995738113,2299923.793162714,2299923.793162714,0.0,False,17,,1567.6524104658347,101.02281721245163,130.70182359730802,210.85085008491538,0.8648753159502334,True,True,False
eval_0237,0.001,0.985021325383439,1.0082196686955507,0.9073257946555306,0.9982838018697455,0.9888262089561866,0.22387025370768063,2716841.60463888,2059090.6037639128,2059090.6037639128,0.0,False,17,,1416.2679156886682,110.86817801630478,113.66350165639544,210.81745956569983,0.8660722674027945,True,True,False
eval_0238,0.001,1.2250935187760186,0.7389542619335842,1.1523645908956641,1.0213565304308327,1.259037043108204,0.2850459865596974,1635290.508670725,1447572.4641299215,1447572.4641299215,0.0,False,18,,1039.7946139468359,146.24083302992477,69.28443507231411,210.73660341842788,0.8689722927104335,True,True,False
eval_0239,0.001,1.1572879088416304,1.0843394105042843,0.9829358140425972,1.0303072333273737,1.0159802680686005,0.23001793269073115,2851764.0967137753,2182617.056303143,2182617.056303143,0.0,False,17,,1502.4214850158091,103.86372618180454,103.26859298464016,210.89987047441008,0.8631187664857197,True,True,False
eval_0240,0.001,1.085990156933611,0.981741611826298,0.9362414878478943,0.8552155713523636,0.9366095938332352,0.21204841204384442,2695057.924501338,1983135.4709876892,1983135.4709876892,0.0,False,17,,1372.365562823822,113.54262054692225,100.66738153815669,210.83479148484503,0.8654509219910232,True,True,False
eval_0241,0.001,1.163069014955874,0.8918280472344456,0.993882296294855,1.1362110655234972,0.9874669011574303,0.2235625064220422,2347245.4076162744,1779652.1300672267,1779652.1300672267,0.0,False,18,,1246.7103123772658,123.72485472055982,86.26033417086298,210.8126381161143,0.8662451334522391,True,True,False
eval_0242,0.001,0.9450968853981334,1.1076515423124005,1.2653588787460595,0.955881695033318,1.1201781427018593,0.25360833150770096,2805332.518477007,2276371.912397828,2276371.912397828,0.0,False,17,,1552.8363476090756,101.89988302486859,128.89128614784298,210.8480839240263,0.86497446024256,True,True,False
eval_0243,0.001,1.217454701070392,0.9177569343978336,0.5549976867298084,1.0982250273605572,1.3451596545213567,0.30454414578363515,1987743.783044329,1823262.5986083755,1823262.5986083755,0.0,False,18,,1276.7479786848921,120.59809772745427,84.54351618609809,210.84290151155068,0.8651602144369319,True,True,False
eval_0244,0.001,1.0856197070807447,0.8571788184170925,0.6618527072816862,0.8507140988666881,0.9718204369397575,0.2200201469231611,2284301.655902218,1721868.2871030483,1721868.2871030483,0.0,False,18,,1206.6917927593363,128.1765589478186,89.20459957499985,210.76956849053985,0.8677896829923912,True,True,False
eval_0245,0.001,1.120204768694681,0.8367882160210199,1.1666698729844187,0.8201803701399485,1.2999732255243677,0.2943139382587168,1856006.4650384574,1672391.0466186316,1672391.0466186316,0.0,False,18,,1176.9652995992328,130.95555927322022,84.6159467358816,210.7680774820404,0.8678431643809303,True,True,False
eval_0246,0.001,1.1826415431692279,1.125842330209517,0.8780516108950913,0.8540937391657839,1.0108352262343128,0.2288530952194484,2970359.2281925203,2263600.844120276,2263600.844120276,0.0,False,17,,1555.108897568534,100.42070784536716,104.51946206257438,210.9230893626939,0.8622870481403582,True,True,False
eval_0247,0.001,1.2484902935262718,0.9457692115117098,1.0488245567823287,0.7632245983640388,1.1876703487000972,0.268888566945702,2226430.091539524,1875563.6798092301,1875563.6798092301,0.0,False,18,,1311.2693233163245,117.3997100658099,84.68790317711864,210.86636073038616,0.8643194340827184,True,True,False
eval_0248,0.001,1.0334262173406186,1.0956987244342464,1.131768964049385,0.9761758480764254,1.277161155838054,0.2891492856817354,2534681.2142113056,2232533.543109753,2232533.543109753,0.0,False,17,,1528.7503723295017,102.89698077110552,116.73241430149753,210.86852888818808,0.864241736570686,True,True,False
eval_0249,0.001,1.0137755929842196,0.9254864084504237,1.0854282069027592,0.8847388848825196,1.114978305858488,0.25243108844636164,2308901.6617436665,1879349.785613765,1879349.785613765,0.0,False,17,,1303.3704775395847,119.69755727894727,102.29312725850944,210.78559537139836,0.8672148582293452,True,True,False
eval_0250,0.001,1.0530329551129287,0.9396359298579107,1.1126984219095806,0.8226925473405713,0.8565175869136007,0.19391558167723918,2697018.9034014787,1901359.5865438466,1901359.5865438466,0.0,False,17,,1319.0436721212814,118.08480220234028,99.8246061603062,210.804515909363,0.8665363612208955,True,True,False
eval_0251,0.001,0.9085553462222846,1.0139450505646348,0.925677012516292,0.8690657879135297,1.3498470824554696,0.3056053794679183,2269999.6993678613,2086798.8817441256,2086798.8817441256,0.0,False,17,,1430.5541144440745,110.30708084052281,123.85649759115655,210.79800238328832,0.8667699247617314,True,True,False
eval_0252,0.001,0.917166528032297,0.9059552569225188,0.888141905297787,1.12410862805652,1.2078324362791015,0.27345326357358857,2165329.3925905013,1857107.7047238022,1857107.7047238022,0.0,False,17,,1285.0427053729343,122.0006315953774,110.93364905940139,210.74662706591147,0.868612658935272,True,True,False
eval_0253,0.001,1.0650575349335174,0.7292094677454135,0.7922588815484582,1.1246732671016828,1.3509657448054433,0.30585864462395235,1559218.5884720911,1455633.3619080838,1455633.3619080838,0.0,False,18,,1037.870147708758,147.96858776960266,78.76458274194422,210.6785986634997,0.8710540902696411,True,True,False
eval_0254,0.001,0.9442264309448144,0.7119871448759068,0.8289572365469124,0.9425877876401613,1.2834541373938695,0.29057401670597205,1594031.301917192,1440628.4616937423,1440628.4616937423,0.0,False,18,,1023.1702537360002,151.12758059454666,86.98686753746132,210.62755425146878,0.872887028778283,True,True,False
eval_0255,0.001,1.0536441373154777,0.8176779004075934,0.8008046036759129,1.0528190364733492,0.9945572762796899,0.2251677673497218,2149449.2839271436,1644618.91440611,1644618.91440611,0.0,False,18,,1156.5171291893412,133.67613324321965,88.13040079848453,210.73586866305806,0.8689986560016336,True,True,False
eval_0256,0.001,1.0489383370522736,1.0420737952927814,1.0353463810469614,1.080886162901561,0.7989575583330359,0.18088399120659934,3110946.395715813,2116940.989733624,2116940.989733624,0.0,False,17,,1455.8787261952261,107.63442953265118,109.94422008997631,210.85096150583226,0.8648713224742063,True,True,False
eval_0257,0.001,1.2508077310495196,0.8421882964072164,0.6874619857122187,1.1764278525943161,1.0361688145588803,0.2345886196161305,2129575.783788858,1659145.0148652997,1659145.0148652997,0.0,False,18,,1174.3272090489208,130.2074804002385,76.21616330386863,210.81179091617108,0.8662755093885031,True,True,False
eval_0258,0.001,1.0809212061854947,1.1024955843085609,0.9569370803066226,0.7533860841175228,1.2196974174812762,0.27613949531776094,2619214.688683363,2236672.676581516,2236672.676581516,0.0,False,17,,1533.4644225134628,102.32749436230405,112.22437557321754,210.88483650064705,0.8636573926147229,True,True,False
eval_0259,0.001,1.068880495699836,0.9640308292732584,1.008467545760551,1.0107468430588957,1.01440504132363,0.22966130135566984,2535844.192252255,1949449.6401427726,1949449.6401427726,0.0,False,17,,1350.2266132759273,115.40805578459012,100.62555704803746,210.82128882564456,0.8659349805007567,True,True,False
eval_0260,0.001,1.1097565119950115,1.0940471460957426,0.9004762785433105,0.9068221520787705,1.2039024439891575,0.27256351331914525,2613310.2738363515,2212900.3676132266,2212900.3676132266,0.0,False,17,,1519.6030094620326,103.03636647379858,108.55637622871619,210.88986916267265,0.86347707755881,True,True,False
eval_0261,0.001,1.1715321913002996,1.0376652813718092,1.1581939515936601,0.9886894539127957,1.0012458122357415,0.22668205189017188,2739679.6471897853,2082415.9902008693,2082415.9902008693,0.0,False,17,,1439.2938102310761,108.04432410856899,98.06575834370332,210.88498203883336,0.8636521780117504,True,True,False
eval_0262,0.001,1.0104795259798207,0.9677487014790009,1.0126769951405454,0.9795587999851295,0.8098446618733137,0.18334883144811823,2867769.13650934,1968977.9772417191,1968977.9772417191,0.0,False,17,,1360.0516764841832,115.01117442930152,106.80854971319275,210.8058659176926,0.8664879541123482,True,True,False
eval_0263,0.001,1.0692084836786964,1.0161665304840155,0.787011064130093,0.8783025547863318,1.116581253627502,0.25279399582126644,2538238.768143139,2058539.016452477,2058539.016452477,0.0,False,17,,1419.607026835536,110.09096670769189,105.45313453706862,210.84557301759128,0.8650644579983401,True,True,False
eval_0264,0.001,0.8630233091357405,0.9358451323971047,0.9948204019985669,0.8941184548891228,1.113686855325387,0.25213870404566757,2369352.331651002,1931058.7087681654,1931058.7087681654,0.0,False,17,,1329.5677781305803,118.51242007772642,121.36324566118486,210.74674815977477,0.8686083144741429,True,True,False
eval_0265,0.001,1.0068881253597877,0.7407423084694558,1.0199731625210473,0.9145573937298906,1.3618208451446394,0.30831623934074637,1587144.5056842805,1490554.2688905145,1490554.2688905145,0.0,False,18,,1057.2819638863693,145.92832846755542,84.47977485753908,210.66898134665087,0.8713993677103,True,True,False
eval_0266,0.001,0.9826867549303341,0.9508899908907567,1.104932770329815,1.092158312168613,1.0304060260383316,0.23328392429507827,2495503.792297222,1939025.1524073808,1939025.1524073808,0.0,False,17,,1339.845656870769,116.83402844757377,108.11578869093303,210.78939157001378,0.8670787154717535,True,True,False
eval_0267,0.001,1.0765828216488902,0.8518877036080201,1.1121048104715765,1.0740269859607667,0.7819595658806917,0.1770356457153886,2527997.5261775246,1712437.6622151074,1712437.6622151074,0.0,False,18,,1200.3419877548915,128.88584883935985,89.45835189224147,210.763716118218,0.8679996076674956,True,True,False
eval_0268,0.001,1.0155572076839405,0.9840602615370699,0.9179797961022473,1.0323611792241372,1.0147356080246461,0.22973614165677989,2603578.1432947563,2002184.091133936,2002184.091133936,0.0,False,17,,1381.3956208934376,113.30304877533666,107.87668339057676,210.81515894406627,0.8661547518528555,True,True,False
eval_0269,0.001,1.0714293867590776,1.1441048021169433,0.8572043659882302,1.0805796721824912,1.0543955876218387,0.23871516103758428,2977279.1912829615,2325483.889646391,2325483.889646391,0.0,False,17,,1589.7209679626003,98.98033654461487,117.04721772469361,210.89779025955846,0.8631932903122174,True,True,False
eval_0270,0.001,0.9203366545209997,0.958503681616057,0.6567571846934772,1.0264330490493199,1.0311291019481836,0.23344762868106878,2529385.369913847,1967570.4518902306,1967570.4518902306,0.0,False,17,,1355.220182230754,116.00338658730743,116.26692525231253,210.77496658470133,0.8675960636164131,True,True,False
eval_0271,0.001,1.0032295803060691,0.7543004785987607,0.854904175355356,0.8443598990486725,1.0460243724893337,0.23681991793158513,1922352.045002806,1520018.4225109983,1520018.4225109983,0.0,False,18,,1075.6417625146803,143.6028916251242,86.16086707132969,210.67771263670434,0.8710858987657467,True,True,False
eval_0272,0.001,0.9842691235340081,1.0707927826502621,1.1918442619714886,0.9728757013836666,1.0653108531877988,0.24118637716171765,2778498.3721903875,2190665.4539728463,2190665.4539728463,0.0,False,17,,1499.9583998059165,105.04182286627581,120.05975794712572,210.84438614259912,0.8651069995911037,True,True,False
eval_0273,0.001,1.09472873640238,1.0721916201611357,0.8066555307050862,0.9421198146177976,1.3426327688213882,0.30397205886116224,2381602.146780696,2170406.322950421,2170406.322950421,0.0,False,17,,1491.9058210703588,104.91887625722997,108.0720590491594,210.8768035005775,0.8639452245006657,True,True,False
eval_0274,0.001,1.0319231049120647,0.889692383220565,1.053199925067956,0.9332984544729135,1.3009190989564365,0.2945280840037372,2000240.315138502,1800489.7442814412,1800489.7442814412,0.0,False,18,,1254.1672702576936,123.98993491780921,97.01520511258738,210.77179509494877,0.8677098177232272,True,True,False
eval_0275,0.001,1.007142603430867,0.8361574729231738,0.9807869410334672,1.0774075391017257,0.9482437770884602,0.2146823911328274,2269456.1006051293,1692391.3809555108,1692391.3809555108,0.0,False,18,,1184.6489188370565,131.0435191171893,94.05178876821618,210.73317052571258,0.8690954677327357,True,True,False
eval_0276,0.001,1.1868854707946892,1.0062222065101487,0.9355830025596032,0.8502297242053456,1.0784532785049445,0.24416182225351943,2538419.032259876,2013816.7592327625,2013816.7592327625,0.0,False,17,,1396.3226842272188,111.06533905615227,94.16428530589386,210.87590512408306,0.8639774157555301,True,True,False
eval_0277,0.001,0.972538896050811,1.0176926661085977,0.9933016664822865,1.0358899530739347,1.122384836389763,0.2541079269586423,2555064.279302259,2081547.9536275782,2081547.9536275782,0.0,False,17,,1430.011478589045,109.94301048038244,116.09111177509983,210.8181311522673,0.866048189272394,True,True,False
eval_0278,0.001,0.9396962372358884,0.8754220164251075,1.1991601153695752,1.0201313691698437,1.0386256586841802,0.2351448491260984,2282110.210787412,1788211.8506189373,1788211.8506189373,0.0,False,17,,1242.3447753355147,125.79196072532585,105.01061461171864,210.73619916435075,0.8689867974717174,True,True,False
eval_0279,0.001,1.2516054794331077,0.8759309417126174,1.2741073702928534,0.8417482740180765,0.9735929354705931,0.22042144059054228,2301218.805534383,1729508.034605449,1729508.034605449,0.0,False,18,,1218.8151350906808,125.72675875154869,78.88208828979802,210.831188215635,0.8655800899720152,True,True,False
eval_0280,0.001,0.9087544686147894,1.1282705666002641,1.0280444132506583,0.9251635877629936,0.8517090612886338,0.19282693147574667,3320720.448940348,2327444.6417212556,2327444.6417212556,0.0,False,17,,1583.8511044794097,100.22665811161394,136.2836528351494,210.84584447416202,0.8650547281488729,True,True,False
eval_0281,0.001,0.9159733257328128,0.7930247421867334,0.9716897391287957,1.16486095874525,1.0884669294478684,0.2464289128269974,2000066.0656106817,1618082.8634954975,1618082.8634954975,0.0,False,18,,1133.744552978897,137.3640253739232,98.6546906217462,210.67788474744077,0.8710797199433112,True,True,False
eval_0282,0.001,1.055531865793734,0.8030954819092746,0.9963417879557823,0.8960006275118072,1.1430900160684108,0.2587955796378882,1942075.556775303,1613500.9835692053,1613500.9835692053,0.0,False,18,,1136.9513652528228,135.8323353069612,86.57630736698489,210.72713417363016,0.8693120667572998,True,True,False
eval_0283,0.001,1.1213267655301473,0.7418610176398444,0.6418890548335745,1.0129027578632426,0.8295281219418775,0.18780516680764106,2108437.0059453943,1472307.6006739286,1472307.6006739286,0.0,False,18,,1050.8058919748346,145.733507982991,75.95947720737271,210.7056723618418,0.8700822693734185,True,True,False
eval_0284,0.001,0.9838247846761575,0.8889108232484848,1.0150405586153723,1.0906312571325654,0.7747702646588417,0.17540798791876175,2678697.7679898385,1808150.7618618682,1808150.7618618682,0.0,False,17,,1256.9179644001429,124.08723822393144,101.67839842464943,210.7569753871375,0.8682414122307913,True,True,False
eval_0285,0.001,0.9946407643879531,0.7501304032616587,0.8762551139982439,1.0599291230744545,1.0265618470111937,0.23241360216333423,1933112.2372883805,1512717.794550389,1512717.794550389,0.0,False,18,,1070.6787882990952,144.30992454118496,86.47909194181338,210.67204462202452,0.8712893876813285,True,True,False
eval_0286,0.001,1.021906036546444,1.021722078182443,0.7663939393874171,1.153913772990125,1.178170460627929,0.2667377922861631,2480297.498275222,2079869.6308453851,2079869.6308453851,0.0,False,17,,1431.1055623692505,109.55435608533897,110.87482810684936,210.83424130818642,0.865470644130823,True,True,False
eval_0287,0.001,0.9452848669867343,1.0169618787840837,1.0408742041737726,1.1119726487978263,0.9167136577774553,0.20754397212081588,2862437.954105307,2085607.8829458405,2085607.8829458405,0.0,False,17,,1431.4023479562645,110.01380715552227,119.36133710086033,210.8099352513458,0.8663420441889618,True,True,False
eval_0288,0.001,0.9829422601552855,0.9581286664591949,0.7624028340185199,1.1072134301670715,1.1179306054680644,0.25309948907796975,2399160.3741608155,1954233.36617089,1954233.36617089,0.0,False,17,,1349.499200261464,116.04401175238613,108.82353593289463,210.79307016645387,0.8669467949493795,True,True,False
eval_0289,0.001,0.9806102944384474,0.795263808992564,1.0037489750156912,0.9196426907962681,0.900885654080576,0.2039605120838424,2213138.583678541,1610843.135622245,1610843.135622245,0.0,False,18,,1131.9968337501311,137.02039194687217,92.38297019646227,210.69903464042346,0.8703205098471298,True,True,False
eval_0290,0.001,1.0463685420973436,0.9599610698520862,0.6326263856899479,0.9302342611090413,1.0152729126275875,0.2298577874188858,2528059.068664354,1945402.652897107,1945402.652897107,0.0,False,17,,1346.6751276137115,115.84578982270357,102.40204866584862,210.81264762859263,0.8662447923884035,True,True,False
eval_0291,0.001,1.1259002916832181,0.7556810036686052,1.1882419614296793,0.9126505974179933,1.1480580369011504,0.25992033955442045,1798933.246718152,1500683.3632517597,1500683.3632517597,0.0,False,18,,1068.8395939260672,143.37040059592363,76.89784060056547,210.71699960481087,0.8696757476941819,True,True,False
eval_0292,0.001,1.090673903024142,0.7472596592124677,0.8529929346857503,0.7978011259481433,1.0599766541598201,0.23997871450178326,1871677.572583779,1489246.6637760631,1489246.6637760631,0.0,False,18,,1060.1141668793302,144.80085657045,78.59728096062587,210.69992069675763,0.8702887067282692,True,True,False
eval_0293,0.001,0.9415445481039035,0.8208893555961247,1.0919457212372932,0.8341509754803642,1.126033185941472,0.25493391329714926,2029419.3504476477,1672428.45999163,1672428.45999163,0.0,False,18,,1169.1783989901796,133.21077509498286,98.9676701596201,210.70381646036307,0.8701488797032558,True,True,False
eval_0294,0.001,1.1072596374432397,0.9740452079783403,0.8122802510809783,0.9959095110689893,1.0508990349921972,0.23792354152223344,2505254.0834701834,1962764.8345721317,1962764.8345721317,0.0,False,17,,1360.3497309529607,114.34547981179877,98.04040678101566,210.83746632145073,0.8653550387983884,True,True,False
eval_0295,0.001,0.9746500172973601,0.9000358223156673,0.8134867242967454,0.8901633623843435,0.9208334174079427,0.2084766857011582,2501467.9806374963,1833387.7415583062,1833387.7415583062,0.0,False,17,,1272.5172903042558,122.71697652717324,103.78156924237412,210.7603906220999,0.8681188984531277,True,True,False
eval_0296,0.001,1.0522205686002337,1.0639499832911135,1.0748156033300065,0.9473393624014821,1.267662417502055,0.28699877132246526,2464572.0785051435,2162067.3527623727,2162067.3527623727,0.0,False,17,,1484.736177771275,105.64762613744094,111.66242225647689,210.86111292150352,0.8645074997455008,True,True,False
eval_0297,0.001,0.9377361298606239,0.9570211645931606,1.017099921474521,0.915516195788332,1.053622853911691,0.23854021412560683,2490736.0158780175,1960949.3864257587,1960949.3864257587,0.0,False,17,,1351.7819584334036,116.16416015554088,113.95168950945867,210.7792964980481,0.8674407650234461,True,True,False
eval_0298,0.001,0.834730480270819,0.9689735685957324,1.2422638244371713,0.9578500054091306,1.0931915729771928,0.24749857212203644,2492251.5374267143,2006892.6618196866,2006892.6618196866,0.0,False,17,,1376.4782283436957,114.88104314775374,129.44310805338574,210.755424565086,0.8682970457514785,True,True,False
eval_0299,0.001,1.023884291074398,0.7985638968686809,0.8809235156910422,1.0020248544615495,1.3597020616806124,0.3078365467644906,1723964.5855903388,1609802.3808786366,1609802.3808786366,0.0,False,18,,1133.2316238807477,136.51715638956244,88.80459978092307,210.7144562145033,0.8697670232323353,True,True,False
eval_0300,0.001,1.004455477651186,0.9293724578370672,0.7293475982718286,1.0351561551720556,0.7421765468331974,0.1680287702030359,2856580.225159061,1889368.8901145451,1889368.8901145451,0.0,False,17,,1309.3148195712804,119.25007285526242,103.62969745101262,210.7848514462173,0.8672415381313571,True,True,False
eval_0301,0.001,0.9280155330439906,0.7893170492326445,0.618265479883511,0.9193427608029496,0.9062972071969505,0.20518568770938958,2199450.8760896306,1607981.6694162646,1607981.6694162646,0.0,False,18,,1127.8919144893173,137.93699495293527,96.97003869335039,210.6790380095866,0.871038317777823,True,True,False
eval_0302,0.001,1.1958289471368804,0.9205382208591169,0.8640310615016111,0.8163962177284356,1.2507250646434738,0.28316415463528244,2100230.8825435317,1833284.4430864078,1833284.4430864078,0.0,False,18,,1282.1506306173178,120.27243667491946,86.30548609549163,210.83773630700318,0.8653453609305483,True,True,False
eval_0303,0.001,1.0509308504159165,1.087978621842711,1.100300638541936,0.9211266097445535,0.9891145614181863,0.22393553670507738,2929302.638827555,2212653.0942178154,2212653.0942178154,0.0,False,17,,1516.8670235303673,103.55194049355026,114.0620550458543,210.87049355357667,0.8641713327371758,True,True,False
eval_0304,0.001,1.200711448560778,1.020270310675949,1.002599506924205,1.1863106003565587,1.0512530861308438,0.23800369870002303,2611751.4556678385,2040230.3553475912,2040230.3553475912,0.0,False,17,,1413.736973405401,109.69405396251567,94.24359323905405,210.88618191137337,0.8636091871022477,True,True,False
eval_0305,0.001,1.0820786819066408,1.0341776679263834,0.8015106345855245,1.058499705818751,1.1027749084395533,0.24966823927071485,2602848.149352379,2093569.5313977187,2093569.5313977187,0.0,False,17,,1442.4610877203258,108.37091677965611,105.8527112615739,210.85722215238684,0.8646469392338405,True,True,False
eval_0306,0.001,1.038452740975026,1.0194954453539564,1.167422444300468,0.8581744545226535,0.9606349408255663,0.2174877506029082,2779697.083970726,2071807.3140682154,2071807.3140682154,0.0,False,17,,1426.7007225153527,109.76876876451148,108.89502647883633,210.8380687661217,0.8653334436772417,True,True,False
eval_0307,0.001,1.1144209924959383,0.8333752471874893,0.9401809383377762,0.9742258879722462,0.9550156693400531,0.21621554753858802,2230518.432932798,1666298.9672782994,1666298.9672782994,0.0,False,18,,1172.8655771855563,131.43298036329898,84.74614159553892,210.76423512197334,0.8679809905246119,True,True,False
eval_0308,0.001,1.1631663323489856,1.0181364389720415,0.8435725866600192,0.9115425603043086,0.9526201070471696,0.21567319223547918,2759247.753525225,2043452.6251137764,2043452.6251137764,0.0,False,17,,1414.1351315004972,109.9000654397159,97.10325778370651,210.87410882428912,0.8640417828485708,True,True,False
eval_0309,0.001,1.060593890192838,0.8721258064538012,0.942930934774167,0.8184720808981996,0.9455260907946968,0.21406710695591935,2367021.911272539,1758046.9284116635,1758046.9284116635,0.0,False,18,,1228.515264727418,126.21596909496468,92.72784088904967,210.77057687184887,0.867753513518453,True,True,False
eval_0310,0.001,1.0491225475998212,1.0102353509629496,0.6976624764953617,1.1012801874623344,1.138884641279345,0.2578434827856437,2496620.9545052564,2050227.6750696257,2050227.6750696257,0.0,False,17,,1413.4375330494117,110.66995855136706,106.90982201215698,210.83704327142905,0.8653702034456093,True,True,False
eval_0311,0.001,0.8442285701758271,0.7674528354219758,0.9753434561695024,0.9387672422505174,0.9528158382802805,0.2157175057866555,2095345.114914466,1576952.4297345353,1576952.4297345353,0.0,False,18,,1104.638803504659,141.41911515912042,103.96937033662842,210.63849008976152,0.8724942622611692,True,True,False
eval_0312,0.001,1.189750478604082,0.9760703259487534,1.0023914874889468,0.9073998341899207,1.0681051070173138,0.24181899622871983,2469879.547436949,1950445.6063537803,1950445.6063537803,0.0,False,18,,1356.1587843629463,114.13308061309195,91.41261797315828,210.8630405487574,0.864438418303446,True,True,False
eval_0313,0.001,1.0695451556927176,0.8964566058289856,0.9880816881946723,1.0648240315026023,0.9706319012901388,0.21975106245208742,2402500.697437169,1807423.0999378527,1807423.0999378527,0.0,False,18,,1260.2119567010561,123.15438072392493,94.23767981434581,210.78681064559856,0.8671712744173732,True,True,False
eval_0314,0.001,1.1076295844763218,0.9665163012786984,1.1063065375576677,0.9111940529508065,1.459531572612011,0.3304379480393593,2002246.4496493437,1946908.358284106,1946908.358284106,0.0,False,17,,1350.313248578328,115.14241680768265,97.32931944822275,210.83398833981545,0.8654797123028419,True,True,False
eval_0315,0.001,1.1466748906332007,0.8376542350083988,1.022089755052734,0.7944808933657008,1.1867396092980456,0.2686778475450775,1969160.3285566054,1669228.271748902,1669228.271748902,0.0,False,18,,1176.1275203488408,130.83498862161898,82.73882920758129,210.77675460793472,0.8675319328085203,True,True,False
eval_0316,0.001,1.2138981081617204,0.8605566896555898,1.0712145723325888,0.9383575704883556,0.9539566083764508,0.21597577613642846,2290007.7230654554,1704563.0587175007,1704563.0587175007,0.0,False,18,,1201.3833064034784,127.72796916341377,80.05810999016953,210.810907034059,0.8663072008060795,True,True,False
eval_0317,0.001,0.965344523338942,0.8374584808465166,0.9835941209103789,0.9173945244073106,1.1579927619898243,0.2621695613144962,2033792.279354981,1703053.8168873198,1703053.8168873198,0.0,False,18,,1189.556010533774,130.86222214673333,98.26004235068504,210.72133644164427,0.8695201151945504,True,True,False
eval_0318,0.001,1.0607172901698658,0.8286823865029216,0.5514912204548088,0.9565850320393137,1.329614824736883,0.30102479632043033,1817965.970136852,1666507.9406738007,1666507.9406738007,0.0,False,18,,1170.6475594171588,132.09536762914183,88.59033393986662,210.74489114270352,0.8686749388654742,True,True,False
eval_0319,0.001,1.09747430740414,0.959536653459472,1.100453306163781,1.0005751369358582,1.1916028701442176,0.26977888980065085,2287061.6775507764,1934303.7636511314,1934303.7636511314,0.0,False,17,,1341.8770501982112,115.89163859340746,97.59489685656702,210.82759772250122,0.8657088043551474,True,True,False
eval_0320,0.001,1.0967018756078684,0.7008416616459634,1.232956625378035,1.0871976496735347,1.0904696250188874,0.2468823231042761,1713096.8260381997,1389959.7188299438,1389959.7188299438,0.0,False,18,,997.9750340511033,153.24728962049795,73.85708899053122,210.66673277483628,0.8714800996715572,True,False,False
eval_0321,0.001,1.0205759273157464,1.0155545863112103,1.1503429348144965,0.7406894317279888,1.0388309615535416,0.23519132969572182,2656267.064652836,2067210.4039392876,2067210.4039392876,0.0,False,17,,1422.9921628387397,110.15041062732793,110.41857395987134,210.8311049803297,0.8655830737968987,True,True,False
eval_0322,0.001,1.1058177336102601,0.9133652942329344,0.90924854181924,0.9719231159641182,1.1704915853908595,0.2649992949324906,2191206.374308711,1835846.2391119348,1835846.2391119348,0.0,False,18,,1279.8225523527944,121.11607082682838,92.68047505075596,210.80676946783905,0.8664555559548756,True,True,False
eval_0323,0.001,0.9410270414266867,0.6609347095011509,0.7973346649150288,1.0738474802226534,1.0366778052497858,0.2347038551085515,1681507.3619704032,1332391.9145892921,1332391.9145892921,0.0,False,18,,955.0263168360602,161.36802606947862,81.74364225258992,210.5839751479111,0.8744526009162032,True,False,False
eval_0324,0.001,0.9066942239268532,0.9752340665828383,0.8943092603477012,0.9538089790328628,0.824753126099062,0.18672410774882764,2892064.9153281953,2005594.6900263855,2005594.6900263855,0.0,False,17,,1378.7984223909787,114.220689608147,119.85825422575891,210.77924235523483,0.8674427068942125,True,True,False
eval_0325,0.001,1.0389747809758918,0.771813003713865,0.7485407741675004,1.0138963819273212,1.2054923874205126,0.27292347651200405,1800234.9665447646,1550527.0333798816,1550527.0333798816,0.0,False,18,,1096.4639615098204,140.7102492738402,84.90687095551117,210.7011094432449,0.8702460396064506,True,True,False
eval_0326,0.001,1.0425077158767322,0.9891129822799304,0.663372836959318,0.9290654683801907,1.0058445350415,0.22772320273339558,2624623.443357186,2007330.8836500046,2007330.8836500046,0.0,False,17,,1385.8523920188118,112.78462015051467,105.57094656794868,210.82542985049625,0.8657865217936375,True,True,False
eval_0327,0.001,1.1092623175517053,1.1126688155963946,1.0687498635993746,0.94395149066922,0.9673798636938797,0.21901480114029437,3021554.164500434,2251870.0414187927,2251870.0414187927,0.0,False,17,,1544.393411353558,101.48735668118525,110.26238285572276,210.89691547942041,0.863224629804205,True,True,False
eval_0328,0.001,1.1131401405395773,0.8934979283635507,1.0092214690680035,1.0643504859917456,0.911236240011725,0.20630388473865452,2464949.4591295645,1792781.8271966425,1792781.8271966425,0.0,False,18,,1252.841851390121,123.51840754681999,90.2801032004397,210.79836567050054,0.8667568975438671,True,True,False
eval_0329,0.001,0.8870856843395085,0.9965415753636306,0.7504929055763975,1.1278837782735038,1.2749224520647142,0.2886424431474513,2321159.6972360862,2054498.1178642248,2054498.1178642248,0.0,False,17,,1409.0609265156825,112.03134806451182,124.90172666360336,210.7837745920713,0.8672801584281361,True,True,False
eval_0330,0.001,1.218152196918634,0.9789136014342927,0.7873157208656192,0.9504896465732317,0.8676760772902455,0.1964418638985116,2761023.162788815,1950682.4457082343,1950682.4457082343,0.0,False,18,,1357.556698767519,113.83625685285186,89.51409289688445,210.8728948608227,0.8640852836133711,True,True,False
eval_0331,0.001,1.0374898680156743,1.0220476977332758,0.9482941869187849,0.8718510399589043,1.1856287611888883,0.2684263515331643,2468092.973817546,2077352.4007850909,2077352.4007850909,0.0,False,17,,1430.1868393420364,109.52307405187875,109.24060222906664,210.8389195260353,0.8653029477036573,True,True,False
eval_0332,0.001,1.0436857224992346,1.0175321694223298,0.988978002812855,0.9001732544865093,0.9765016878011195,0.22107998211817342,2748702.6432687864,2066621.9701010315,2066621.9701010315,0.0,False,17,,1423.6307280697638,109.95855079708856,108.16202884062591,210.8387215930582,0.8653100427019705,True,True,False
eval_0333,0.001,1.2049207059757034,1.0612091585674102,0.7694144384675194,0.889625564928309,1.092976756411367,0.24744993765153347,2662568.12434683,2124501.607518467,2124501.607518467,0.0,False,17,,1467.5397919650727,105.89233345270351,97.28605403860482,210.90459322587773,0.8629495790780332,True,True,False
eval_0334,0.001,1.0107397134197593,0.9710373501592708,1.0946430939521787,0.9075797668860069,1.136344276566064,0.2572683442145569,2404104.6420378014,1975837.2570323762,1975837.2570323762,0.0,False,17,,1364.4197334,114.662478108432,107.10578313949883,210.80753322029412,0.8664281706717234,True,True,False
eval_0335,0.001,0.911222166812375,0.8977281380771925,1.0052467257988211,0.969244600400095,1.2905460944151486,0.29217963577558964,2053334.0537326713,1840872.4907257934,1840872.4907257934,0.0,False,17,,1274.4888955790198,122.99861995050493,110.7513579759842,210.74035191849157,0.8688377980194676,True,True,False
eval_0336,0.001,1.1755193812133347,0.8547363944922528,0.9791342936121168,0.852973865376862,0.9713969410338679,0.21992426745006768,2259098.0223791413,1699645.6639226098,1699645.6639226098,0.0,False,18,,1196.5962510603067,128.50296326142202,82.1732829937767,210.7957085609571,0.8668521806157964,True,True,False
eval_0337,0.001,0.9660800702651262,1.0230663650171197,0.9851385606785401,0.8760081641536753,0.9837566680402763,0.22272250964431853,2771392.9540503733,2094169.5220579458,2094169.5220579458,0.0,False,17,,1437.760208847065,109.42533191871709,117.42013603269935,210.8186719222806,0.8660288013682123,True,True,False
eval_0338,0.001,0.9815009204436066,1.0593158438561283,0.9329891252192181,0.993295940856813,1.3974084575944257,0.31637327479937793,2307285.5534399077,2167139.6069972916,2167139.6069972916,0.0,False,17,,1484.8673834504693,106.06206748921993,119.24022170935697,210.83880949833107,0.8653068916955162,True,True,False
eval_0339,0.001,0.9799046975370567,0.6899493481073884,1.0763670901024835,0.983347842392199,0.7973603576470186,0.180522384971285,2012430.1765599963,1387407.2838561127,1387407.2838561127,0.0,False,18,,991.2734937555829,155.37902147862505,81.52622872719243,210.62094826738405,0.8731243060117991,True,False,False
eval_0340,0.001,1.0341642243373292,0.8404474637064085,1.2399406377858508,0.739342908074079,1.2369460691685406,0.28004459005975757,1944329.3605115097,1696345.8186008104,1696345.8186008104,0.0,False,18,,1188.3267285489537,130.44766921171265,92.01269290326385,210.74398103021923,0.8687075914928618,True,True,False
eval_0341,0.001,0.991785547110108,0.9492567422523808,0.9022320659218982,0.8735126627652732,0.9831769010373523,0.22259125039485655,2554287.0529315593,1933768.8527754294,1933768.8527754294,0.0,False,17,,1336.9109233550416,117.01383186029709,106.95931134812402,210.79124815339478,0.8670121347607508,True,True,False
eval_0342,0.001,1.240002348273199,0.9694560714372242,0.9747597667565377,1.0273000008961855,0.7704674341935698,0.1744338271014242,2881822.170087824,1926593.6371156953,1926593.6371156953,0.0,False,18,,1343.2462171536592,114.82986579633553,87.1758538634278,210.87508825578382,0.8640066865898227,True,True,False
eval_0343,0.001,0.9560864890448101,0.9237679410854551,0.6329683325001934,0.9553333811759176,0.9147297335246996,0.20709481166999197,2584969.9105140176,1887091.4715041216,1887091.4715041216,0.0,False,17,,1305.7551193405272,119.89655877986817,108.28534271937605,210.76763788758407,0.8678589324582274,True,True,False
eval_0344,0.001,1.007432207376717,0.7957855508291268,0.7630952493819452,0.8513074418201695,1.086037671522945,0.24587892883279472,1992810.0503770947,1606978.1427657576,1606978.1427657576,0.0,False,18,,1130.7288794498743,136.94057503471683,89.97577507999674,210.7075830082134,0.8700136954154516,True,True,False
eval_0345,0.001,1.0411174544885533,1.0926395779130522,1.0211908506198377,1.0048675485689456,0.969547535143308,0.21950556195644494,2976623.6465285877,2224492.517684247,2224492.517684247,0.0,False,17,,1523.970615866368,103.15547173196386,115.5797039586402,210.8695252275921,0.8642060325591816,True,True,False
eval_0346,0.001,1.008745306032612,0.8412562299467597,0.8337342712894629,1.0295348809743685,0.9667542915706019,0.21887317161158426,2260620.900160474,1702868.138204591,1702868.138204591,0.0,False,18,,1191.3343053835715,130.33596659537707,94.41212458264101,210.73676134024132,0.8689666264420549,True,True,False
eval_0347,0.001,1.0039820866309221,0.9766580262654044,1.0062182384331353,0.7914643150737437,0.9228809114368249,0.20894023834929715,2719460.5035743294,1988987.9187166356,1988987.9187166356,0.0,False,17,,1372.4913522345191,114.07159526017574,108.3852280170938,210.8082521641968,0.8664023922356083,True,True,False
eval_0348,0.001,1.2413908991631735,0.9743852910349744,0.9518118696747777,0.9343520106891743,1.0787820573554192,0.2442362577852669,2440110.4009871,1936586.5559572433,1936586.5559572433,0.0,False,18,,1349.6422655481135,114.30975347281995,87.47455250452296,210.8778053622361,0.8639093254165183,True,True,False
eval_0349,0.001,0.9924183270780642,0.7706382609214104,0.7207466648066326,0.9285360154916077,0.9849322264221082,0.2229886560619653,2038012.6905215038,1556554.392929724,1556554.392929724,0.0,False,18,,1098.2329865396287,140.90051140715386,88.77000196535406,210.6859205034336,0.870791245347672,True,True,False
eval_0350,0.001,0.9933836898960346,1.0352462966718585,1.1478122684461403,0.9198503470027006,1.0812264305587203,0.24478966387849427,2655647.063520379,2114122.555195068,2114122.555195068,0.0,False,17,,1451.651765593799,108.27062727398895,115.41065257056398,210.83192453484114,0.8655536944536696,True,True,False
eval_0351,0.001,0.9809727377701609,0.832884491148683,0.6756154885253107,1.005422303322403,1.1041021374794577,0.24996872392534922,2078688.2691298253,1690411.961285739,1690411.961285739,0.0,False,18,,1182.2558277659887,131.5019266993534,96.22424689316509,210.72323654220827,0.8694519298652182,True,True,False
eval_0352,0.001,0.8824236488971757,1.0725683860888693,0.9238332816922863,0.9616419260380643,1.1158998476715216,0.2526397255128325,2731336.0307317064,2215854.336690619,2215854.336690619,0.0,False,17,,1511.5380977928235,104.88581306903909,134.1157204483669,210.81614905566394,0.866119253048045,True,True,False
eval_0353,0.001,0.9886133393730372,0.9169404111038348,0.8057848563858899,1.0198039128858916,1.2570929293545514,0.2846058392058704,2123458.662897522,1866295.2501900306,1866295.2501900306,0.0,False,17,,1293.9924665291726,120.69405347256838,104.03063165392663,210.77364177386735,0.8676435811442929,True,True,False
eval_0354,0.001,1.1174474343373815,0.7878030840624772,1.0965251328936372,1.0406828088130098,1.2649092733342675,0.2863754594828781,1769723.8461933078,1569853.0777204148,1569853.0777204148,0.0,False,18,,1112.1025612037668,138.17238232368996,80.39429412877557,210.73629517146958,0.868983352701567,True,True,False
eval_0355,0.001,1.2217182391184604,0.8245476422054734,0.6827778825897715,1.1185805738883432,1.0942549756379742,0.24773932648443736,2020754.371448467,1627677.9748198597,1627677.9748198597,0.0,False,18,,1153.1833930724724,132.6847452060637,76.5740332260387,210.79216759649185,0.8669791621673553,True,True,False
eval_0356,0.001,1.1653651427816116,0.8355729784828984,1.0180662880210458,0.9526163210738963,1.0795576861855294,0.24441186015240385,2078008.5835491722,1661342.391484452,1661342.391484452,0.0,False,18,,1171.9673375813245,131.1251389204732,81.23170888349891,210.78128478496686,0.8673694543803661,True,True,False
eval_0357,0.001,0.851414920390283,1.007496886466621,0.9309102928983171,0.9365884095054278,0.9961967924493613,0.2255389538105354,2734069.4608939076,2084920.3860168091,2084920.3860168091,0.0,False,17,,1426.8623263089878,110.93943629516502,131.41543087922096,210.7786803494736,0.8674628636921892,True,True,False
eval_0358,0.001,1.048231838310171,0.8468146532166414,0.7286505603179492,0.7705122777533915,1.3042521651384456,0.29528269018734404,1889048.27716228,1707121.8565253206,1707121.8565253206,0.0,False,18,,1195.745867642022,129.57360475286688,91.39021249707018,210.75208174035117,0.8684169675872211,True,True,False
eval_0359,0.001,1.1809836726076297,1.0455502974063116,1.0692009601701598,0.9818341878708827,0.8341090716392006,0.188842293819115,3027901.4980805246,2096884.184299352,2096884.184299352,0.0,False,17,,1448.9149839793076,107.31347879525033,97.94345223578347,210.89108574639042,0.8634334899188038,True,True,False
eval_0360,0.001,0.8832637077379963,0.9456783136026746,1.0788128863920656,1.1261464739957185,1.1730880555730807,0.2655871357817455,2316784.499616134,1947855.8573530281,1947855.8573530281,0.0,False,17,,1341.1016598959375,117.40980295226899,119.69577730709652,210.75770895214683,0.8682150969216028,True,True,False
eval_0361,0.001,0.8105010261847456,0.9874842890091469,0.8450766807004828,1.0282103431674998,0.8950583285364113,0.20264120558064352,2839927.96525798,2050959.9185825177,2050959.9185825177,0.0,False,17,,1403.4640913087399,112.95118863298197,135.59048061556297,210.7575384608736,0.8682212129692951,True,True,False
eval_0362,0.001,1.2198777313300095,1.0335719729000334,0.7187706876986948,0.887780293349317,0.8082184813910006,0.18298066418692252,3025333.1403122908,2063960.535174954,2063960.535174954,0.0,False,17,,1429.6791791071644,108.42784685999513,93.84614503909691,210.89757519389264,0.8632009951369327,True,True,False
eval_0363,0.001,1.0441602498182765,0.9871640083024686,1.0390261386700126,0.9463000652447391,1.3079247970842847,0.29611417405988205,2228127.3354807547,2002914.429292528,2002914.429292528,0.0,False,17,,1383.1147112835763,112.98400459740036,105.21785767454278,210.82500506022632,0.8658017505606453,True,True,False
eval_0364,0.001,1.0421478534339907,0.7247751590535436,1.054879491878013,1.0613273854809164,1.247114710790393,0.282346770522945,1641309.1290306717,1450331.8769646422,1450331.8769646422,0.0,False,18,,1033.5385927796078,148.7688401913291,80.06307371570293,210.66805137467009,0.8714327569005003,True,True,False
eval_0365,0.001,1.0782245026403299,1.1888002164985232,1.043089669064589,0.9556274237791902,1.211815589177036,0.2743550493896809,2850304.704369819,2417195.4406497898,2417195.4406497898,0.0,False,17,,1648.56019703841,95.63166699432136,120.38230415157415,210.91553873617104,0.8625574972678063,True,True,False
eval_0366,0.001,1.0167200085820713,1.089056747356007,0.8306917855923799,1.0706681874405741,1.0051760071844031,0.22757184802654887,2914835.580222163,2222150.690377788,2222150.690377788,0.0,False,17,,1521.4125382161055,103.45994953722958,118.00487308371099,210.8611022680661,0.8645078815421281,True,True,False
eval_0367,0.001,0.9596721674870725,1.0507548088445717,0.5335014912392632,1.0547182800516255,1.3532328947284389,0.3063719273665185,2344142.9814424906,2153706.2829175047,2153706.2829175047,0.0,False,17,,1475.3647117963374,106.83672400529382,121.06820756758059,210.82891959752934,0.8656614163910672,True,True,False
eval_0368,0.001,1.1124279655058813,1.0247921363169241,0.859279627918628,0.9999435335457212,1.0355776537330583,0.23445478080516438,2666274.8708048137,2067716.8421624913,2067716.8421624913,0.0,False,17,,1427.3438010203956,109.26015803140095,102.12683013807725,210.8620454831491,0.8644740788612684,True,True,False
eval_0369,0.001,0.9979001945112801,0.6533062940236625,1.089226705700542,0.9414663028589804,1.0574743042125314,0.2394121824737171,1630721.869326801,1306217.4619996797,1306217.4619996797,0.0,False,18,,941.1289302843645,163.02253991992353,76.30250784715966,210.59525605446555,0.8740472740470858,True,False,False
eval_0370,0.001,1.0361074252827072,0.9141882127040015,0.9812041685637458,0.8925145135264984,0.9095367985565788,0.20591913119320943,2545941.9033865584,1851194.9559902905,1851194.9559902905,0.0,False,18,,1286.4979224484441,121.01865911228926,98.99572760733551,210.7863063411567,0.867189360406387,True,True,False
eval_0371,0.001,1.0616457501490673,0.9773956009769115,1.0292458684462302,1.0495083401300285,0.9985638083051933,0.22607484620029575,2597566.591329123,1978938.8594924677,1978938.8594924677,0.0,False,17,,1368.6265067669633,113.99452776493175,102.56754139720346,210.82555298862152,0.8657821072929306,True,True,False
eval_0372,0.001,1.0174001513382331,1.1378305811900096,0.6407037838014169,0.9930981652108501,0.9244890306009862,0.20930431652806328,3190662.671953506,2324048.657307454,2324048.657307454,0.0,False,17,,1586.4361618192281,99.47027113682951,122.65590892286797,210.88010385891207,0.8638269661072187,True,True,False
eval_0373,0.001,1.0058862868129688,0.9028557804666169,1.0669319188374629,1.0814806428014618,1.0594192370486373,0.23985251526781146,2318663.8536639065,1833246.733817643,1833246.733817643,0.0,False,17,,1273.7951401559824,122.37462848863464,100.84010771283921,210.771220636529,0.8677304226032427,True,True,False
eval_0374,0.001,1.0506340657958653,0.962139922273757,0.8816917922441792,1.0477795337871811,1.0279463306410965,0.23272704925714424,2515773.3938827263,1949129.0278763154,1949129.0278763154,0.0,False,17,,1349.2243831312692,115.61100756801426,102.19341455038267,210.81497175690643,0.8661614631746652,True,True,False
eval_0375,0.001,0.8620025280149355,0.8417815271543936,0.5868516061082791,0.9570753895077557,1.1019564629571457,0.24948294321349776,2128539.037368438,1731866.8077083095,1731866.8077083095,0.0,False,17,,1203.2423973499886,130.2635215560831,110.54579326563,210.69308422398828,0.8705340943950636,True,True,False
eval_0376,0.001,1.1433376388555283,0.9573635137978886,0.9181042890706061,0.9363448078005903,1.2609087925937048,0.2854697506432148,2190260.8077213317,1920610.1542416492,1920610.1542416492,0.0,False,18,,1335.2068164407963,116.12699237883736,93.49015843222212,210.84023524748105,0.8652557854037992,True,True,False
eval_0377,0.001,1.1844020000735818,0.9415435694529051,0.9650590232494877,0.9391966465204693,1.1048474460008153,0.25013746177458457,2329806.575844167,1879394.4443193483,1879394.4443193483,0.0,False,18,,1310.8803437210302,117.87082619248564,88.91358369324814,210.8448449901357,0.8650905528948871,True,True,False
eval_0378,0.001,1.0796245175814643,1.1701755964306655,0.8178627832019771,1.1020983385803982,1.2895613967285258,0.2919567002193382,2691239.0158984866,2378061.67605503,2378061.67605503,0.0,False,17,,1623.6418449241767,96.99769735040871,118.53303693778449,210.90947156328494,0.8627748259297044,True,True,False
eval_0379,0.001,1.2098711370774973,1.139911192355793,1.0100092728589607,1.1440189292228578,1.316427231559266,0.2980391252250178,2553887.9497390394,2286940.5934447832,2286940.5934447832,0.0,False,17,,1571.2057289553902,99.30723891267999,103.31266186359794,210.93612796113388,0.8618200758480817,True,True,False
eval_0380,0.001,1.0066840326665556,1.0645984534975883,0.7687250344173768,0.9255183745599237,0.8703034183084332,0.19703669390502926,3067608.2139594667,2172958.2817727122,2172958.2817727122,0.0,False,17,,1489.6718273863476,105.589902324667,116.77718617259559,210.8482511123166,0.8649684678329661,True,True,False
eval_0381,0.001,1.1413437071748946,0.8196085142858209,0.8275362488541116,0.9854130876189946,1.3440689898431417,0.30429721930048725,1768552.880724541,1632307.4150318601,1632307.4150318601,0.0,False,18,,1152.5825968274935,133.39597294166362,81.52943019953453,210.76410363259052,0.8679857071612468,True,True,False
eval_0382,0.001,1.0064153864553407,0.9718148149633623,1.14593911261942,1.1230148174872818,0.9131877225556103,0.20674570038659015,2719167.501756585,1978336.284517349,1978336.284517349,0.0,False,17,,1365.8202873710131,114.580365423928,107.64307706818643,210.80663941013364,0.8664602193535571,True,True,False
eval_0383,0.001,0.9647358946176645,0.7825708259880887,1.0597424458244145,1.1610666054004108,1.066577406983893,0.24147312494115333,1985947.9218292504,1586897.6257028792,1586897.6257028792,0.0,False,18,,1116.1827043931605,138.99232669507262,92.57086295739256,210.6856462567642,0.8708010901317448,True,True,False
eval_0384,0.001,1.0540888071119898,1.0039356942408708,1.1171138493393884,0.8455915897699979,1.2300578541590939,0.2784850981816188,2361587.540571699,2036024.5128361795,2036024.5128361795,0.0,False,17,,1404.6179872563239,111.29193234851098,105.811455856644,210.83564805596845,0.8654202167576069,True,True,False
eval_0385,0.001,0.9502666530009684,0.9777842732142237,0.8650901850447599,1.02281548035651,1.0499443946125806,0.23770741094028824,2550800.232455422,2002175.3448441247,2002175.3448441247,0.0,False,17,,1378.5295183171652,113.9539599961844,114.63009800030184,210.79311566982994,0.8669451631522567,True,True,False
eval_0386,0.001,1.0400824721635757,0.7450395295715129,1.0481352335895036,1.0294097666991142,1.08151469621538,0.24485492722316204,1852786.5705915522,1493680.5444204176,1493680.5444204176,0.0,False,18,,1060.6940933278247,145.18290076259876,82.20350355762506,210.68247351492107,0.8709149856603942,True,True,False
eval_0387,0.001,1.1685744641653604,0.897442900636899,1.124519262665921,0.9823994807768919,1.0642373225918629,0.24094332983479774,2264392.607195327,1790328.6877765767,1790328.6877765767,0.0,False,18,,1253.720745912609,123.03352543663645,86.33635598065308,210.81734025010527,0.8660765451941651,True,True,False
eval_0388,0.001,1.0283550377036703,0.9119894930741266,1.0366747273543933,0.8646650173793059,1.083518944776831,0.24530868909747452,2308753.4480190473,1848086.500544177,1848086.500544177,0.0,False,17,,1284.1876048025915,121.27929429462263,99.52766919804358,210.7828264723566,0.8673141621199753,True,True,False
eval_0389,0.001,1.0252598909846562,0.976577060758723,0.944472473894477,1.1941745721228958,1.1254638786956004,0.25480502213668393,2429952.3000188847,1984537.9719643667,1984537.9719643667,0.0,False,17,,1370.5927786229204,114.08006178533827,106.12797050827221,210.81445389285733,0.8661800304947403,True,True,False
eval_0390,0.001,1.0916465711413896,0.8218355727634137,1.1146007829406301,0.8001179800406788,1.0115064142451944,0.229005052185112,2133482.716721343,1646276.8458172686,1646276.8458172686,0.0,False,18,,1159.2267179399255,133.07430294099683,85.44709843545851,210.75014020753693,0.868486620660819,True,True,False
eval_0391,0.001,1.1551883729240577,0.8903778252246382,0.9551115588430157,1.0152923975513535,1.1323854376940616,0.25637206309393556,2165948.497130817,1778137.6341633126,1778137.6341633126,0.0,False,18,,1245.4039793374377,123.90472871038763,86.72271876098574,210.8094483014025,0.8663595039569655,True,True,False
eval_0392,0.001,0.8574930186744188,0.9577239417761154,0.8293816504991742,1.0387465443861699,1.2091511168535407,0.2737518128556416,2308934.8184999083,1978538.2166344365,1978538.2166344365,0.0,False,17,,1359.4322292257743,116.08788863726969,124.6970184178833,210.7563609227147,0.8682634551642588,True,True,False
eval_0393,0.001,0.8880471711116601,1.1304845624630495,1.1998076991428197,0.9061838965914655,0.7484078719335169,0.16943954220574822,3532266.4018887393,2336564.44681238,2336564.44681238,0.0,False,17,,1588.768687796362,100.05041405458468,139.70715517127752,210.84089237128234,0.8652322308893725,True,True,False
eval_0394,0.001,0.9413129861523144,0.934892176144558,0.9474601801349563,0.9620718853979828,1.399416145487283,0.3168278153383209,2021566.3919138147,1913497.715086496,1913497.715086496,0.0,False,17,,1321.8518897971646,118.62042563537018,111.1680650430948,210.76910090976824,0.8678064546925548,True,True,False
eval_0395,0.001,1.0988395771995096,1.0708592390612837,0.6127795535404642,0.8810823667482967,0.779325978034279,0.17643940142696077,3224678.891878875,2166760.4854839467,2166760.4854839467,0.0,False,17,,1489.7663893706854,105.03597505121665,107.54772059948762,210.8774563311252,0.8639218319919718,True,True,False
eval_0396,0.001,0.8489810401789315,0.72049312848009,0.927091317457638,0.9634542013269065,1.253000521765314,0.28367931812766706,1658025.6714958549,1475831.7174989374,1475831.7174989374,0.0,False,18,,1041.1500822322128,149.55014562927195,97.76620173641733,210.60485211081019,0.8737025186064915,True,True,False
eval_0397,0.001,1.1950664467660113,0.719439541755493,1.2142108471968922,0.9918307977684355,1.1779328530833115,0.26668399793806175,1663730.0006290423,1411844.7430559911,1411844.7430559911,0.0,False,18,,1016.0276379250447,149.74368592374935,69.36382000309831,210.71258875960189,0.869834042642879,True,True,False
eval_0398,0.001,1.0428215150067022,1.1198687708357102,0.8322779891498168,1.0931080295473077,1.1609725161954112,0.2628441776666411,2755544.247086036,2281059.549596715,2281059.549596715,0.0,False,17,,1560.1089993556948,100.90145231251232,117.96853190469811,210.88058539837726,0.863809711901311,True,True,False
eval_0399,0.001,1.092161733139571,0.9398490831824504,0.8212288982955913,1.040082178771482,0.8341754722242527,0.1888573269115708,2722723.160264482,1894065.8784170402,1894065.8784170402,0.0,False,18,,1316.13400034876,118.06085306440286,96.26772352067012,210.8162832750702,0.8661144408601007,True,True,False
eval_0400,0.001,0.842916475842448,0.7234939370217512,0.8442767536862481,1.1410108576637623,1.3314633300392207,0.30144329792087954,1598100.5790380617,1483342.69238002,1483342.69238002,0.0,False,18,,1045.607552966927,149.00172833071798,98.83203231570714,210.60534098535373,0.8736849557575573,True,True,False
eval_0401,0.001,0.8664094049349014,1.0701404728972699,1.021911634690797,1.0431457765272611,0.8769672952146508,0.19854539563659693,3107851.5387416705,2214108.530619597,2214108.530619597,0.0,False,17,,1509.7285430905708,105.09925892339344,136.31723330096145,210.81060856586797,0.8663179023838091,True,True,False
eval_0402,0.001,1.269237420873987,0.9704777934107245,0.9997488030261907,1.0145207159974965,0.8501428102398674,0.19247233223830595,2750628.8119052406,1922886.5322303136,1922886.5322303136,0.0,False,18,,1342.1823247502412,114.72165225915386,85.24821882385162,210.88442366444863,0.8636721844890934,True,True,False
eval_0403,0.001,1.1697805188808523,0.9633888874609581,0.9282094909874066,0.9993334642842131,0.9980458470555209,0.22595757977336992,2534776.0612544,1927943.5565920745,1927943.5565920745,0.0,False,18,,1341.016500142697,115.4768722750811,91.89125392988016,210.8510620193678,0.8648677199370687,True,True,False
eval_0404,0.001,1.0316335506008318,0.8315402346347883,1.2110869590809397,0.9231713697278553,1.046871708719232,0.23701175485403414,2131020.7775950907,1678012.6221507965,1678012.6221507965,0.0,False,18,,1176.640103501618,131.69116628341743,91.36744345219194,210.73777644249512,0.868930204559222,True,True,False
eval_0405,0.001,0.9154643655472232,1.0084502171546308,0.7890885412090307,0.8050715120972319,1.025591833194161,0.23219399103515803,2678958.7215344096,2073803.9633097183,2073803.9633097183,0.0,False,17,,1422.586868023026,110.8454686213846,122.32470776243397,210.7974711740552,0.866788973623189,True,True,False
eval_0406,0.001,1.1381142925665801,0.8921498261653626,0.8605315119814687,0.8573384219436122,1.374628965341366,0.31121599775328523,1911430.3723487512,1785136.9118646136,1785136.9118646136,0.0,False,18,,1249.0914529591118,123.68501742407213,88.18010321986661,210.8052125830638,0.8665113805869007,True,True,False
eval_0407,0.001,1.0543053889303569,0.7828181755823249,0.9331631259468502,0.8996076614420003,0.7691024130013152,0.17412478630349776,2329589.196579991,1570946.4389128685,1570946.4389128685,0.0,False,18,,1110.0280975038806,138.95333776764735,84.7301870290448,210.71335973442214,0.8698063736765026,True,True,False
eval_0408,0.001,1.0319988276767682,0.9822911332362367,0.6865292098793873,0.9839356214733648,1.448558088895344,0.32795355132590587,2063010.3997768299,1995158.5092026414,1995158.5092026414,0.0,False,17,,1377.6461942082003,113.48574631896956,105.9871106163888,210.8191445107414,0.8660118580179393,True,True,False
eval_0409,0.001,1.1939424865638721,0.7691049907286723,1.0400740750891022,1.1845059991564642,1.0063966464340752,0.22784820075267462,1970324.3567828843,1516621.2923526247,1516621.2923526247,0.0,False,18,,1081.8465986423769,141.1496434976957,73.65638195905593,210.74777711369632,0.8685713990946207,True,True,False
eval_0410,0.001,1.0609882132059831,1.1192022104505925,0.842256997762082,1.0206846652613604,1.4032390305714282,0.31769331652137134,2424121.95168352,2275783.480064582,2275783.480064582,0.0,False,17,,1557.5380305360018,100.95539609018255,115.88666862543852,210.8855273018039,0.863632641416815,True,True,False
eval_0411,0.001,1.094180787366779,0.704165083570833,1.068010721307714,0.806899364148793,0.9839787422752302,0.2227727872511121,1828281.7169928327,1397435.214856153,1397435.214856153,0.0,False,18,,1002.5633191094881,152.60882641528997,74.33696696427319,210.66855792360445,0.8714145700163121,True,True,False
eval_0412,0.001,1.0131083650541721,0.7726255809048346,1.0829476715140776,0.8498340324438676,1.4732315861064444,0.333539631094499,1567745.6691270205,1556972.4042339954,1556972.4042339954,0.0,False,18,,1099.4019363593004,140.57895457514644,87.15601483712538,210.69367500836944,0.8705128882112274,True,True,False
eval_0413,0.001,0.9664485369245795,0.7083212647715209,0.6304894264981717,1.0655862189421539,0.9812800232770451,0.222161797269923,1867180.8345067366,1428869.030405835,1428869.030405835,0.0,False,18,,1016.7474017431028,151.81806697927217,84.60019894429703,210.6315789842655,0.8727424735911916,True,True,False
eval_0414,0.001,1.1391997702706949,0.9303364119037223,1.2070022117623564,1.0962231678415526,0.9406640515505779,0.21296634127105082,2526745.7397769014,1864860.312981106,1864860.312981106,0.0,False,18,,1299.6814677261318,119.13961094177847,91.45711730869688,210.8255886338931,0.865780829411225,True,True,False
eval_0415,0.001,1.11620907094239,1.0652650548871643,1.0227012122191823,0.9513296161979695,1.0375358170147793,0.23489810897214602,2775008.1039447356,2151442.455229993,2151442.455229993,0.0,False,17,,1480.7821432583096,105.53063336947636,105.37788615951453,210.8802310909349,0.8638224072052652,True,True,False
eval_0416,0.001,1.0151203386273522,0.8085035023460472,0.9174167848028312,1.07799904741817,1.0189655757992209,0.23069380636094358,2102313.883571543,1632434.973695174,1632434.973695174,0.0,False,18,,1147.1392559810383,135.02432571095036,90.5615878011706,210.7182342501593,0.8696314403388546,True,True,False
eval_0417,0.001,1.0271893456535706,0.8925236057812804,1.1313271470485933,0.780031615576557,1.244953611939168,0.2818574977430276,2068360.2451670286,1807361.5810276184,1807361.5810276184,0.0,False,18,,1258.3166609025757,123.63877575440611,97.73910829755583,210.77193884747157,0.8677046615739042,True,True,False
eval_0418,0.001,1.1367559243868401,0.9804913121682105,0.976855923865996,1.053441778593982,1.1535006549229598,0.2611525482745581,2381033.6143996026,1970322.3318679084,1970322.3318679084,0.0,False,17,,1366.443671602594,113.67224571674495,96.06206283298145,210.84926603562434,0.8649320908710654,True,True,False
eval_0419,0.001,1.1167659508820829,1.031539862581709,1.0077109512234497,0.959179910568847,1.0239263246905663,0.2318169199099442,2701152.612946138,2080915.0765991476,2080915.0765991476,0.0,False,17,,1435.9319871999342,108.61930550809761,102.33033333288081,210.8662430407475,0.8643236516222487,True,True,False
eval_0420,0.001,1.0261071795193362,1.0467269100738155,0.7592834807539006,0.8522047336557137,0.8385843337239006,0.1898554931550911,3062312.358086963,2131425.604206787,2131425.604206787,0.0,False,17,,1464.0948273281256,107.20530701112166,112.84038611445376,210.8463310794596,0.8650372867612475,True,True,False
eval_0421,0.001,0.8073697080933904,0.9868765499319074,1.1485144796141877,1.0688790488593358,1.097014244698086,0.24836402499964666,2541830.0149439503,2050310.7456807224,2050310.7456807224,0.0,False,17,,1402.9142741554765,113.01347454139498,136.04133856232934,210.75635239100026,0.8682637612268413,True,True,False
eval_0422,0.001,0.9761259821760395,1.0191472647941133,0.8313127817104218,0.8965777611122214,1.2521528940595656,0.28348741521508564,2387984.4805536,2083867.7718320445,2083867.7718320445,0.0,False,17,,1431.644644653908,109.80237601924705,115.8126406176811,210.819821223649,0.86598759648328,True,True,False
eval_0423,0.001,1.1408328388111169,1.1167951616203176,0.5944349767050375,1.1463620729556179,1.0706580113832913,0.24239697377717714,2860724.4918704787,2253731.19750941,2253731.19750941,0.0,False,17,,1546.969291949813,101.15070013510488,107.56789444183043,210.9075979859631,0.8628419407771835,True,True,False
eval_0424,0.001,1.1400403335124734,1.0734442109081794,1.0195327449667313,0.9678190492687059,1.217452713003424,0.2756312942239752,2536077.981707788,2163524.597251794,2163524.597251794,0.0,False,17,,1489.5160098089982,104.80903912968043,103.88542449914,210.89049749573178,0.8634545656418906,True,True,False
eval_0425,0.001,1.055310935524884,0.9989202249641218,0.867399876838449,0.9375456189278621,1.0344136872601086,0.23419125879568858,2608532.9392344537,2025275.5155147682,2025275.5155147682,0.0,False,17,,1397.8321006447432,111.79236447913402,105.21580793221881,210.83371844217214,0.8654893873634768,True,True,False
eval_0426,0.001,0.9439490174163878,0.982539165249886,0.7395515815043437,1.007293425921145,1.1470845869719446,0.25969995049044825,2434510.4622946875,2013454.289798936,2013454.289798936,0.0,False,17,,1385.430102826517,113.46009503923295,115.8995882276281,210.79355925673138,0.866929255713891,True,True,False
eval_0427,0.001,1.01028506160384,0.9519614598134044,0.9813803216994441,1.0519697536366195,1.1308699834546678,0.2560289642541368,2360446.724385039,1935778.2159900602,1935778.2159900602,0.0,False,17,,1338.9940769053953,116.71638361095428,105.26835116940451,210.79804840239441,0.8667682745472347,True,True,False
eval_0428,0.001,0.987286462574495,0.8744231818233787,1.0749870896561338,0.9040925669385308,1.244431100547701,0.2817392011639995,2030822.302605561,1776946.4493830446,1776946.4493830446,0.0,False,18,,1237.2852801967986,125.9201329727882,99.84704560897372,210.7498284076078,0.8684978066966454,True,True,False
eval_0429,0.001,1.1002332930303786,0.8083595185981035,0.9267742898132173,1.0062888602522926,0.7373373170536036,0.16693316858093585,2446084.1164712026,1616297.0501106847,1616297.0501106847,0.0,False,18,,1140.673294664299,135.04570914110747,83.54260293540676,210.7443041783027,0.8686959976915128,True,True,False
eval_0430,0.001,1.016106685948271,0.9436684113313741,1.255912792443618,0.748604192947651,1.100081872525609,0.24905853593979785,2376301.710641711,1917161.6764343597,1917161.6764343597,0.0,False,17,,1327.445681481827,117.6334363563952,103.84927805368548,210.79560843685456,0.8668557710800544,True,True,False
eval_0431,0.001,1.0372124542494012,0.8036020193190099,0.6932868151471189,0.9530131976641714,0.9373586531664457,0.2122179990768833,2181141.6918406715,1617970.738519015,1617970.738519015,0.0,False,18,,1138.9722486889307,135.75622857853838,88.1548249597578,210.72183230957697,0.8695023207976369,True,True,False
eval_0432,0.001,1.035791734935866,0.8164104120203746,0.5846231102486271,0.9905737930371588,1.058482454771763,0.23964042776032715,2074795.1072213594,1645280.9400971949,1645280.9400971949,0.0,False,18,,1156.1543733442343,133.86072888541779,89.5257458842359,210.72960302162505,0.8692234769744084,True,True,False
eval_0433,0.001,0.9220906430733582,0.8663216598860165,1.2248648901508865,1.025876112098106,0.8704296162356588,0.19706526511575315,2481787.7038004855,1772368.6371755893,1772368.6371755893,0.0,False,17,,1231.5291921132714,126.96985244421492,106.0228183859615,210.72568579955848,0.8693640397949339,True,True,False
eval_0434,0.001,1.0182219901428637,0.8986599493663661,1.1608199007424849,1.0202928462883027,1.302072357765353,0.2947891817980759,2023474.8336366676,1822013.5436598165,1822013.5436598165,0.0,False,18,,1267.2133359930012,122.8847344533849,99.2049099691312,210.77261948451766,0.8676802484196272,True,True,False
eval_0435,0.001,1.144101326520936,0.9937962984871641,0.71071728032635,0.9434024160467429,0.9557879932141868,0.2163904016636919,2688373.3691078806,1996591.5549846692,1996591.5549846692,0.0,False,17,,1383.4808472427335,112.3084968743576,96.60430287587262,210.85758712087627,0.86463385907697,True,True,False
eval_0436,0.001,0.8827326971640415,0.9741871756576665,0.9893293968692072,0.977766782021807,0.9664356241827972,0.21880102531498527,2674833.897976377,2008221.6534207552,2008221.6534207552,0.0,False,17,,1379.4221022611982,114.33056301778542,122.99345999368967,210.7718079354729,0.8677093571559982,True,True,False
eval_0437,0.001,0.8526533847511569,0.9310937134694992,0.9604618328660641,0.7360851673485728,1.0552672324523455,0.23891250142721102,2434439.320617723,1923046.901370828,1923046.901370828,0.0,False,17,,1324.0351676433402,119.05297925197041,122.28150814692391,210.7412459880387,0.8688057198665049,True,True,False
eval_0438,0.001,1.049930666494485,1.1503347096892098,0.8790347422832924,0.9647648320122924,0.7541375450610392,0.17073674020181928,3540962.550474318,2343134.2024023337,2343134.2024023337,0.0,False,17,,1600.0447142150217,98.49885199423343,120.02778317958231,210.89393901414007,0.8633312652994483,True,True,False
eval_0439,0.001,1.1394736491817699,1.0782659210840628,0.8622434798016321,0.7743701363218491,1.4259281409645603,0.3228301311143764,2287165.8825797923,2173699.690725161,2173699.690725161,0.0,False,17,,1495.9651826813438,104.3884722667343,104.35583721778866,210.89226410509724,0.8633912722801144,True,True,False
eval_0440,0.001,1.1364425966498541,1.060562799729874,0.6788548993876099,1.068570248966835,0.9685097746251178,0.21927061297512665,2863296.005918704,2137408.6922574663,2137408.6922574663,0.0,False,17,,1472.7413317621729,105.9502149852242,103.09182519377852,210.88421307387074,0.8636797299480214,True,True,False
eval_0441,0.001,0.8334466047881508,1.1556224952273002,0.9156554822420331,1.013547014282634,0.9200115469366414,0.20829061422645562,3297975.451201028,2401344.7391050616,2401344.7391050616,0.0,False,17,,1627.7431786767957,98.09402464922655,151.8284784094296,210.83519455427984,0.865436473257744,True,True,False
eval_0442,0.001,0.8747097996076965,0.8591283548732357,0.7764074652037329,1.0310849035950906,1.2817003445274464,0.29017695800101384,1973733.235188556,1766232.1440242475,1766232.1440242475,0.0,False,17,,1225.5660608870207,127.91725706659064,110.93802868706206,210.70737316566635,0.8700212266980896,True,True,False
eval_0443,0.001,0.8971160675801342,1.0691173065033694,1.0734537453238104,0.8144155073152692,0.944551879890734,0.21384654560726216,2983457.1643719296,2205477.9024316445,2205477.9024316445,0.0,False,17,,1505.5761252822153,105.18948166673803,131.53842110406657,210.81886320596323,0.866021943412445,True,True,False
eval_0444,0.001,1.135723159740601,0.9272549968599426,1.0244489204470282,0.7685326920316577,0.8413678132267379,0.19048567291453347,2662746.53116316,1859092.4977570002,1859092.4977570002,0.0,False,18,,1295.8722572472468,119.49346870565981,91.46541822119394,210.82297229283398,0.8658746262926199,True,True,False
eval_0445,0.001,1.0952346781980413,0.9428680556064417,0.9669530314849653,0.8803589521991111,0.7638017322895763,0.17292471219036007,2842899.612480724,1899790.2585102206,1899790.2585102206,0.0,False,18,,1319.8978748594616,117.72273596942395,96.27334055751075,210.8187146824106,0.8660272683190642,True,True,False
eval_0446,0.001,1.0910180495880013,0.8187180934741873,0.8765003161899259,1.1720172051130597,0.8131502307260038,0.18409721223636724,2375971.1417547455,1639827.892115819,1639827.892115819,0.0,False,18,,1155.1273166296116,133.52503457135956,85.2077191308792,210.7480022337038,0.8685633225997581,True,True,False
eval_0447,0.001,1.2529775199883066,0.6939243725223505,1.1949545890569275,0.9457224376246601,1.2202499939909468,0.27626459863955033,1551388.257212936,1348000.2737090385,1348000.2737090385,0.0,False,19,,978.436862236003,154.5940146570409,64.08223052575885,210.71166881566103,0.8698670581208887,True,False,False
eval_0448,0.001,0.987914088705139,0.822361001641942,0.7142302682256132,0.713545854419699,1.0422574724416225,0.23596709176078332,2119493.8860069728,1666831.6644604024,1666831.6644604024,0.0,False,18,,1167.6694732776978,132.99864590119003,94.47288466649617,210.71877534135365,0.8696120225215745,True,True,False
eval_0449,0.001,0.8539464405121168,1.036148307796008,0.8256702417626288,1.0326186153301569,1.1632484378921129,0.26335944633877434,2573511.088712224,2144928.1220718822,2144928.1220718822,0.0,False,17,,1465.160318270062,108.18612561086837,134.3604266134925,210.79240514457587,0.8669706433874295,True,True,False
eval_0450,0.001,0.9905657565720754,0.9238583340320221,0.9099565996208379,1.0330298194695955,1.049546677228066,0.23761736772443412,2392759.486949822,1880490.182036378,1880490.182036378,0.0,False,17,,1303.0777844631643,119.88607395090338,104.52532489064895,210.7778669588309,0.8674920368056653,True,True,False
eval_0451,0.001,0.8783592894583966,0.8496381189704838,1.2046723409109321,0.8270635455235268,1.2734233002776898,0.288303035182869,1958027.8710103733,1745433.9613603838,1745433.9613603838,0.0,False,17,,1212.5381439532289,129.1898885137994,109.38879859748565,210.70274705419564,0.8701872623907749,True,True,False
eval_0452,0.001,0.9742548114563493,0.8076636001187456,1.0284402335789646,0.826030310176848,0.8404568316564015,0.19027942668700928,2330226.0371742495,1638277.0272514855,1638277.0272514855,0.0,False,18,,1149.0420670548422,135.1491609928032,94.2730724788266,210.70523447037357,0.8700979856704134,True,True,False
eval_0453,0.001,1.1150491641472082,1.054727199110037,0.9883752065446048,1.0066231330288136,0.9434095577695174,0.21358792387901873,2891187.556102425,2129682.223944175,2129682.223944175,0.0,False,17,,1466.8857908838895,106.47580895109449,104.55110083573483,210.87555031822788,0.8639901294826341,True,True,False
eval_0454,0.001,1.1008434081302025,0.9998411512449451,0.5650448924144573,0.8820602621224694,1.0616682731860116,0.24036169704931304,2562815.5200980743,2017963.161796718,2017963.161796718,0.0,False,17,,1395.178007174445,111.70012445876262,100.94722189975442,210.84753308763342,0.8649942035422774,True,True,False
eval_0455,0.001,1.1031940927930393,0.9228569241734284,0.5353365177933608,1.0183496608928457,1.4137334833217603,0.3200692606240465,1949903.5391116403,1856258.6389553165,1856258.6389553165,0.0,False,18,,1292.6485588877617,120.00233586904724,93.7630977803772,210.81092615891384,0.8663065150853954,True,True,False
eval_0456,0.001,1.0998089242283684,0.8203806264134672,0.8230520085319828,1.1561549314937452,0.8216824467455645,0.1860289059431958,2367670.6542771873,1641686.6237564192,1641686.6237564192,0.0,False,18,,1156.6857147085898,133.28426876885257,84.67933556690596,210.75174791369074,0.8684289436276976,True,True,False
eval_0457,0.001,1.0839860423214547,0.983647096863214,0.7389942142895647,0.896960879190559,1.1397609506197546,0.2580418792203124,2417892.8189695664,1987522.8232569117,1987522.8232569117,0.0,False,17,,1375.0691480138673,113.34566123788923,101.02875105940547,210.83509161833965,0.865440163172431,True,True,False
eval_0458,0.001,1.0484256472442155,0.8797896728590172,1.2226192405149012,1.0348207777042029,0.7075867916324909,0.16019764962559593,2738355.570385961,1776485.8825402195,1776485.8825402195,0.0,False,18,,1239.6720037701157,125.23466612019179,94.5390809572623,210.77123585431386,0.8677298767648461,True,True,False
eval_0459,0.001,1.00552458929638,0.6808012905899432,0.9317024378361107,0.9490920173666849,1.1929046826295535,0.2700736201473309,1582690.500425127,1363471.5499751572,1363471.5499751572,0.0,False,18,,977.3466354322339,157.21725334994298,78.52006937614266,210.62143401425666,0.8731068581914951,True,False,False
eval_0460,0.001,1.0715773403366278,1.032271335706537,0.783257341154433,0.8622570238891223,1.0125760507411807,0.2292472178878033,2730211.665810813,2091746.6344075552,2091746.6344075552,0.0,False,17,,1440.840508888321,108.5503071415024,106.71340970765807,210.85333220114634,0.8647863545550801,True,True,False
eval_0461,0.001,1.2450347262108545,0.9444864660885804,1.0675512219097798,0.8870595851218003,1.1910532289798734,0.26965445104104335,2219804.803325518,1873573.3639158846,1873573.3639158846,0.0,False,18,,1309.8555394578548,117.54230776489621,84.81992746330188,210.86468360101887,0.8643795363295955,True,True,False
eval_0462,0.001,0.8173039818157074,0.7589871917238896,0.991924754379266,1.0034245895703013,1.3939935472349922,0.31560013909400225,1634110.7024869206,1563848.73722636,1563848.73722636,0.0,False,18,,1095.1883716157042,142.81676568988456,106.34345509211202,210.6242706439446,0.8730049692712369,True,True,False
eval_0463,0.001,0.948133857362774,1.129445100198878,1.2035165727449895,1.0278712141249502,1.0194581512346121,0.23080532543951618,3022265.881905689,2321424.5682460847,2321424.5682460847,0.0,False,17,,1581.7293044094931,100.13307882766578,130.74537940777944,210.85736411540609,0.8646418513959052,True,True,False
eval_0464,0.001,1.1669490896996768,0.878585352675804,1.0067976127881888,0.9482150702642217,1.4067697214659827,0.3184926649398985,1843337.6421156863,1751219.4578713959,1751219.4578713959,0.0,False,18,,1228.8554941201496,125.38781919422637,84.83329118653194,210.80657152998862,0.8664626532922048,True,True,False
eval_0465,0.001,0.8687247016843165,0.9036568519511428,1.0403473794028768,1.005319032620637,1.1841823686413184,0.26809888826039446,2196323.14786288,1861725.0046408167,1861725.0046408167,0.0,False,17,,1285.8538998965878,122.27773909876896,116.85411323739723,210.73114466189455,0.8691681592805358,True,True,False
eval_0466,0.001,0.9970422854447243,1.0016325442150893,0.9186131521638286,0.9681812480061716,1.2560384184322169,0.28436709793305387,2335089.2208551774,2042808.0351553743,2042808.0351553743,0.0,False,17,,1406.4335924726024,111.52115311262182,111.63560899895595,210.81793811268224,0.8660551102293875,True,True,False
eval_0467,0.001,1.0470964118243726,0.9963890581320825,0.9094165409063371,0.9350499573854705,1.0224306101267833,0.2314782901327037,2620345.8743086816,2021642.0709314314,2021642.0709314314,0.0,False,17,,1395.1598139226403,112.04670792722587,105.80052005156986,210.83014699213604,0.8656174159923875,True,True,False
eval_0468,0.001,0.9426452390109493,0.9517213330797056,1.173554537158503,0.9597735917362924,1.3795566098374572,0.3123316164672003,2081997.3491518544,1948773.633485626,1948773.633485626,0.0,False,17,,1344.2764705537297,116.74272749810997,112.79645758726055,210.7780758112655,0.8674845460712883,True,True,False
eval_0469,0.001,1.074301077599137,0.9971065883270951,0.9342429110151445,1.1194807100919033,1.0448676715335563,0.23655804083519713,2584546.254075763,2017627.9521608956,2017627.9521608956,0.0,False,17,,1393.7993621654769,111.97448446208281,103.1878329153771,210.83846635246283,0.8653191919378009,True,True,False
eval_0470,0.001,0.9257266310052947,0.8614419651188104,1.0726650169415834,1.047107280978026,1.0280081356133468,0.2327410419028617,2258921.781767931,1761358.1197040011,1761358.1197040011,0.0,False,17,,1224.707073423099,127.6109411755183,105.07584844106458,210.7239003793917,0.8694281082806699,True,True,False
eval_0471,0.001,1.0624449607009456,0.7732647847768139,1.0643424396718824,0.7761352257234013,1.2252891517025095,0.2774054639454481,1780649.2961791167,1549303.1802972283,1549303.1802972283,0.0,False,18,,1096.7185263018098,140.47585128690773,83.16976247406345,210.70938698326853,0.8699489510804337,True,True,False
eval_0472,0.001,1.257152746654793,1.1342060367654858,0.721347993508633,1.0084431927981754,1.0919634508756686,0.24722052527825136,2848407.66999691,2264991.0577220744,2264991.0577220744,0.0,False,17,,1559.2810078802872,99.75562961088981,98.98015102683583,210.94785925407265,0.8613999735248891,True,True,False
eval_0473,0.001,0.9628285857195765,1.0521972117571587,1.0111914931022143,1.0111401697998452,0.9272480763069865,0.20992896447590173,2946016.8167179674,2156080.6056072167,2156080.6056072167,0.0,False,17,,1477.0135897792086,106.7053774223168,120.81985015607005,210.8304401567932,0.8656069065207875,True,True,False
eval_0474,0.001,1.0625438732641337,1.0071658221136242,0.5821434785956502,0.9561633352987129,1.0486753505967161,0.23742009937509653,2609612.973869228,2041064.6748463446,2041064.6748463446,0.0,False,17,,1408.195913769352,110.97210752332762,105.27199887691066,210.8395886231692,0.8652789637087593,True,True,False
eval_0475,0.001,0.9370168189126852,1.026417446565244,0.7861811641024359,1.1753142585458944,0.8540562468855132,0.19335833429488017,2995297.5446617645,2107207.7603545133,2107207.7603545133,0.0,False,17,,1444.7855032764082,109.10507527992459,121.41748565642249,210.81179787649074,0.8662752598286796,True,True,False
eval_0476,0.001,1.0719076369569318,0.8620291719922006,1.1355438412308827,1.0767003431755529,0.8419979834219796,0.19062834344673618,2475192.9084877083,1734681.7517879084,1734681.7517879084,0.0,False,18,,1214.1981230971899,127.53343882932741,90.80131527105173,210.7682138999204,0.8678382711395187,True,True,False
eval_0477,0.001,1.0241794947937852,0.8939371119675341,0.6478274922231229,1.1124765880265959,0.9016699722879568,0.2041380817259934,2499133.763182,1810918.6978006898,1810918.6978006898,0.0,False,18,,1260.440046382202,123.46423029082699,98.16492632266836,210.7718151852888,0.867709097117759,True,True,False
eval_0478,0.001,1.012010005098584,0.6491162017327572,0.9458091050544053,1.0682699064582832,0.8592169019881243,0.19452670661011132,1809717.9910108147,1294835.9268309008,1294835.9268309008,0.0,False,18,,934.6251485975727,163.94628337562534,74.81474376635572,210.59601433521598,0.8740200303153363,True,False,False
eval_0479,0.001,1.0993385732945116,0.9369395097394448,0.7097836952516068,0.943058144041749,0.9727544403506332,0.22023160529538335,2509835.5226653004,1886545.649192801,1886545.649192801,0.0,False,18,,1311.6809245616994,118.38863872686761,95.3744576124512,210.81696331569518,0.8660900593585811,True,True,False
eval_0480,0.001,1.1282284427954046,0.721612216791297,0.9762997979659899,0.9788263409216271,0.7775404310707074,0.17603515359440813,2106486.272073783,1428290.800535615,1428290.800535615,0.0,False,18,,1023.4429388579523,149.34513802613512,73.66911319602845,210.69286025065782,0.8705421339406887,True,True,False
eval_0481,0.001,1.2817486864930476,1.0050616919231754,1.2343384905457069,1.0996577064099018,1.03231395902449,0.23371588032314455,2578842.0544182835,1992193.365195467,1992193.365195467,0.0,False,18,,1386.7457178477925,111.18022541849197,87.10501170336217,210.90382915054332,0.8629769507277073,True,True,False
eval_0482,0.001,1.0250182094351754,0.8499949786551894,0.625444688303098,0.9128887989185595,0.9705363162352181,0.21972942199565337,2277799.6678758217,1718247.2874541283,1718247.2874541283,0.0,False,18,,1201.7561468440658,129.14155824784646,93.77260301174161,210.7469359964848,0.8686015755026814,True,True,False
eval_0483,0.001,0.8259506909997603,0.983279215950593,0.9861064959682555,0.99133927513172,1.3860430119459242,0.31380013790455724,2171179.109693401,2038921.8747546808,2038921.8747546808,0.0,False,17,,1396.4777015860698,113.38363144918547,132.5467524361567,210.75991791425474,0.8681358555339519,True,True,False
eval_0484,0.001,1.0025533445848844,0.9544028933077403,1.1213468084200064,1.0290447764470303,0.9976736389152837,0.22587331185042023,2546336.3560629273,1942462.1583480784,1942462.1583480784,0.0,False,17,,1342.8935821026491,116.44924016900346,106.32353941884288,210.79698536189014,0.8668063946556157,True,True,False
eval_0485,0.001,0.9267521558739712,1.0358504431958486,0.978448933606642,0.903662513245872,0.8315612004598588,0.18826545578411202,3065312.7120131785,2129189.1398201156,2129189.1398201156,0.0,False,17,,1458.3243666398025,108.21401472113112,123.77315466763002,210.81302764569315,0.8662311671431727,True,True,False
eval_0486,0.001,0.8944651818692443,0.7170011976997548,1.0236386994097542,0.9844539776328779,0.9778488018681084,0.22138496874293973,1909720.3255546112,1460209.9504955488,1460209.9504955488,0.0,False,18,,1033.3107166419386,150.19359198642687,92.39718308142437,210.6160906083862,0.8732987954760787,True,True,False
eval_0487,0.001,0.9935022487502343,0.8624980528481828,1.2262923169368338,1.0666614016412803,1.2870533157587365,0.2913888706877779,1954899.4597854195,1750625.38365007,1750625.38365007,0.0,False,18,,1220.8694124923222,127.47162389275478,98.01469703724456,210.744800870311,0.8686781776072579,True,True,False
eval_0488,0.001,0.995453411806333,0.7903531046599304,0.6453621697919067,0.9148027863942415,1.227061748698618,0.2778067799053671,1834251.4870361788,1597704.8829978777,1597704.8829978777,0.0,False,18,,1124.3496729023686,137.77638987889475,90.50609652893851,210.70030146839537,0.8702750398175116,True,True,False
eval_0489,0.001,1.133981747868012,1.0371676485137544,0.9582666715437724,0.7826622258736623,0.9744591324716672,0.22061754759158544,2787454.1501538428,2089115.274233268,2089115.274233268,0.0,False,17,,1441.9057344554687,108.09079825105458,101.26952809941388,210.8737102014023,0.8640560669138433,True,True,False
eval_0490,0.001,1.0435982513724003,1.0798719879551426,0.9641046947014089,1.049136086966552,0.9139167295925605,0.2069107475797557,3030621.023413522,2197222.6286208713,2197222.6286208713,0.0,False,17,,1506.7275321443883,104.24916928693791,114.09526700629549,210.8651305261659,0.8643635200563374,True,True,False
eval_0491,0.001,0.9623273652748126,1.0686396627314076,0.8700962770603503,0.9792530123014864,1.0718811130603927,0.2426738839968729,2767707.1769574713,2190752.8925977903,2190752.8925977903,0.0,False,17,,1499.0545717981993,105.23165583849776,122.57568665003555,210.83721824839165,0.8653639312156218,True,True,False
eval_0492,0.001,0.9100785488091031,1.0874367539101641,0.6727799943838393,0.8266703557830677,1.0078104360993612,0.22816828273289536,2931107.0352270785,2241352.176149298,2241352.176149298,0.0,False,17,,1528.9705517836153,103.59824010497717,131.65650411733873,210.83009771776014,0.8656191824007268,True,True,False
eval_0493,0.001,1.0723623680791095,0.9471316874783346,0.9113573818163154,0.9987225555177064,1.0035017292104345,0.22719279149324234,2502360.784761981,1913272.1392008897,1913272.1392008897,0.0,False,17,,1327.4428783172332,117.24864342338489,98.72432727559324,210.814024785658,0.8661954156262615,True,True,False
eval_0494,0.001,0.9863722532822234,1.001579129389512,0.7459081622891144,0.8727500436631765,0.8955233350045115,0.2027464830450214,2840249.510945465,2044868.898715427,2044868.898715427,0.0,False,17,,1407.2775630716437,111.52648092206923,112.83783086340017,210.81481048610505,0.8661672453129095,True,True,False
eval_0495,0.001,0.9982945452863132,0.7359965327279971,0.9660320551170489,1.0576498973327755,1.0524792093701962,0.2382812930014124,1865472.3197184731,1482021.3081554587,1482021.3081554587,0.0,False,18,,1051.5441126022683,146.76081652595738,84.72366947205572,210.66278814114327,0.8716217306279989,True,True,False
eval_0496,0.001,0.9303725009735386,0.8017399863261154,1.2605069785770358,0.9671075662213434,0.9788106597538395,0.22160273336826924,2147315.7395982277,1633901.989343419,1633901.989343419,0.0,False,18,,1144.3626056847525,136.0364327781715,98.07571301822436,210.68804684467648,0.8707149157720936,True,True,False
eval_0497,0.001,0.9246768766241968,0.9252012624270813,1.04599986362333,0.9321048522109773,0.9519267631111095,0.21551621916835517,2543191.8359735366,1896314.8661276218,1896314.8661276218,0.0,False,17,,1310.2302184549892,119.73053006616777,112.11885970723674,210.7591584918003,0.8681630978641866,True,True,False
eval_0498,0.001,1.0152625955337335,0.9552242407572082,1.0358878427675322,0.9543660813950527,1.4331346494450832,0.3244616846343668,2020289.648788935,1941653.7724473039,1941653.7724473039,0.0,False,17,,1342.937016644196,116.35965409721622,105.07339553020589,210.80113572423238,0.866657566887967,True,True,False
eval_0499,0.001,0.9556929359088847,1.0092358616356303,1.1135904037531397,0.9047781252136939,0.9623945585330349,0.2178861280518791,2766267.4161829334,2067222.820226795,2067222.820226795,0.0,False,17,,1420.158737976464,110.76815432441498,117.257405225511,210.80942989222598,0.8663601640262945,True,True,False
eval_0500,0.001,0.970375361091303,0.6542356645702173,1.0123553171222412,0.8041201246739254,1.1140498942043584,0.25222089604786674,1587271.9184829525,1312963.6447230983,1312963.6447230983,0.0,False,18,,944.1518543723546,162.8191026493158,78.56488101043841,210.58732557468906,0.8743322143913292,True,False,False
eval_0501,0.001,0.8967611237554274,0.8338035417357175,0.9534026593230835,0.9897552771677216,1.2222525318803963,0.2767179732177217,1968036.7057786733,1708295.8205203868,1708295.8205203868,0.0,False,18,,1189.873213238344,131.3728705154084,105.3637241856614,210.69849353724695,0.8703399317332264,True,True,False
eval_0502,0.001,0.9140387864139788,1.1265559141675707,0.7179858316991217,0.9028190749658417,1.205227999514219,0.27286361909001916,2737071.8262058785,2322704.6675322577,2322704.6675322577,0.0,False,17,,1581.0560694721582,100.36360079765646,135.31087902705545,210.84667016656243,0.8650251329140354,True,True,False
eval_0503,0.001,0.9570117432499489,0.8692480474484356,0.8456503133406783,1.0572962247873714,1.2970396127277823,0.2936497683215699,1967808.9547796212,1771847.2479607293,1771847.2479607293,0.0,False,18,,1232.7267704947137,126.58858652454697,102.46174718047,210.73779717473155,0.8689294606899475,True,True,False
eval_0504,0.001,1.124664203604215,0.9650961046538845,0.9478090717182726,0.8836600124258279,0.9474443624281188,0.21450140365372608,2621694.350406257,1940525.021979779,1940525.021979779,0.0,False,18,,1347.0132016455348,115.29404629698638,95.72906588075534,210.83838133682235,0.8653222393738764,True,True,False
eval_0505,0.001,1.0762537906784848,0.7685241514843741,0.7776695560046467,0.8117130839919514,1.2123041405378916,0.2744656574177786,1778615.260232647,1536789.346893819,1536789.346893819,0.0,False,18,,1089.4217830630926,141.24425896432817,81.6559951918366,210.71041737368552,0.8699119710541303,True,True,False
eval_0506,0.001,1.1374055933974725,1.0621219629837917,0.901436160800873,0.8778129394705729,0.9613887262448643,0.21765840762183727,2878798.695013772,2140460.2495666696,2140460.2495666696,0.0,False,17,,1474.7252326815678,105.81070437728029,103.14035208836434,210.88513383598132,0.8636467391591516,True,True,False
eval_0507,0.001,0.9336765913786199,0.8724820507252459,0.8854863326958915,0.8624992044937424,0.9507858130328285,0.21525790807063236,2388188.700468342,1783160.4813222224,1783160.4813222224,0.0,False,17,,1238.8786146715288,126.17000043285721,105.37097524918502,210.7327146914749,0.8691118237430051,True,True,False
eval_0508,0.001,1.057211903226614,0.9943327209031645,0.9725235134448234,0.8426821761015926,1.181556099238474,0.26750430086759047,2397577.806148892,2015286.115289431,2015286.115289431,0.0,False,17,,1391.5593341340655,112.25422994912701,104.59449212578161,210.8321678443128,0.865544972353623,True,True,False
eval_0509,0.001,0.9191807355611121,0.8454337795866331,0.8937503449126609,1.1381401757122451,1.2594843717497604,0.28514726176414573,1954513.712231044,1728734.867557915,1728734.867557915,0.0,False,18,,1203.7578707175812,129.76213208912458,104.06979242074404,210.71235556286828,0.8698424117142908,True,True,False
eval_0510,0.001,0.9852444115550782,0.9910678645919238,1.0247596752547088,0.8937001028823918,1.210087080439533,0.27396371501151023,2367731.8272870863,2023022.9795059084,2023022.9795059084,0.0,False,17,,1393.3272262635548,112.58536792838163,111.90452371507246,210.80960090086694,0.8663540324387756,True,True,False
eval_0511,0.001,0.8573057109610029,0.8679954349156558,0.7251222787723377,0.7890728940389088,0.844125455589537,0.19111000314547116,2538709.529928771,1788364.0709648775,1788364.0709648775,0.0,False,17,,1238.838590890031,126.7514921974382,114.2312100029064,210.70748229091055,0.8700173101737148,True,True,False
eval_0512,0.001,0.8603285495399691,0.6905418764200517,1.1764612782619968,0.9079285589997083,1.0199110780005798,0.23090786805933125,1796364.4588210676,1409755.2778731042,1409755.2778731042,0.0,False,18,,1000.1085917904105,155.26148487649087,92.92776764603107,210.5841412597651,0.8744466321448929,True,True,False
eval_0513,0.001,0.913908307951072,0.8145345068159826,0.9704196014773786,1.0245593588377817,1.0793100341442545,0.2443557917302592,2069709.4623878878,1664134.9674284288,1664134.9674284288,0.0,False,18,,1162.7349353960333,134.13490596358352,101.2579522302637,210.6914209807817,0.8705937970880625,True,True,False
eval_0514,0.001,1.0343916734820597,0.9931603928045495,1.0562650728472507,0.8404470734411144,1.2169150226517567,0.27550956112835767,2354609.9136580946,2017453.371722655,2017453.371722655,0.0,False,17,,1391.937343458083,112.37289899829075,106.78911167119804,210.82493180873175,0.865804376639106,True,True,False
eval_0515,0.001,1.2959559193426244,1.1428533879180771,0.9084012389274135,0.9850754111502246,1.179495128760959,0.2670376971514811,2732171.3918055203,2274539.831045627,2274539.831045627,0.0,False,17,,1567.0893888367527,99.07765052380779,96.6735452820508,210.96231995357473,0.8608821943465695,True,True,False
eval_0516,0.001,0.9540936961402369,1.020744643716195,1.1683065210458177,0.863034888658517,1.0771584460626988,0.243868672188595,2630394.19055145,2091754.4068051383,2091754.4068051383,0.0,False,17,,1435.698940174012,109.64836981118204,118.65344964819764,210.81417662144804,0.8661899717262876,True,True,False
eval_0517,0.001,1.097756913936148,1.0233687564416671,1.0571867040046494,0.924335148909309,1.069836681555007,0.2422110247040536,2616484.793453565,2067752.0137723994,2067752.0137723994,0.0,False,17,,1426.721998129405,109.39635225954542,103.36286835752678,210.85711644571782,0.8646507276784291,True,True,False
eval_0518,0.001,0.9868941278185208,0.6312557612663159,0.9122681470192981,1.1568131463726734,1.1276093480128728,0.2552907563901144,1510832.1760045453,1260996.503211178,1260996.503211178,0.0,False,18,,912.3744041141147,168.00781044577556,74.86408793109992,210.57157392037814,0.8748982314176824,True,False,False
eval_0519,0.001,1.1209516820124275,0.9216579288938851,0.960019008365684,1.0113894209377425,1.0174151729066319,0.23034279514606143,2401297.333231247,1850266.5659155296,1850266.5659155296,0.0,False,18,,1289.6286622241057,120.14184637094988,92.17059259966125,210.81564750718238,0.8661372351931166,True,True,False
eval_0520,0.001,1.2575811220983433,1.0327004706833198,0.9977659849645892,1.0438453359045712,1.162597220628804,0.2632120107503612,2480044.6791839777,2054417.5090284382,2054417.5090284382,0.0,False,18,,1425.268915997903,108.50987036864541,90.96374261146948,210.9084473412218,0.8628115152245236,True,True,False
eval_0521,0.001,0.9288941762051508,0.9362674843026871,1.0539065573407176,1.0028149898657386,0.7959568873289641,0.18020463929127745,2810058.983040467,1918866.3933609559,1918866.3933609559,0.0,False,17,,1324.713219029317,118.46461732732014,112.80248804125229,210.7661730439014,0.8679114762899031,True,True,False
eval_0522,0.001,1.0592630390425972,0.8823269658259982,0.9576322553394458,0.9058554549024684,0.9104931264257125,0.2061356438227813,2444519.3775971206,1779732.3117647723,1779732.3117647723,0.0,False,18,,1242.2053497937723,124.91326864986021,93.81260230989244,210.77592483620865,0.8675616939929627,True,True,False
eval_0523,0.001,1.0568238471434643,0.6198883612605298,0.6844591960900068,0.9974360755413008,1.1804837310300587,0.26726151670520526,1426061.5174749854,1224857.574776911,1224857.574776911,0.0,False,19,,892.8171921541251,170.70251134366143,68.80675234461938,210.58338300922213,0.8744738778633954,True,False,False
eval_0524,0.001,1.0794849248728209,1.0071265161311138,1.074024846851805,0.7665909110658001,0.9494803155304803,0.21496234343610074,2751310.753133155,2037531.9897681884,2037531.9897681884,0.0,False,17,,1406.6915193755813,110.97598778644614,103.61627459443578,210.8445415423023,0.8651014295156757,True,True,False
eval_0525,0.001,1.0002187791992903,0.7107238961598714,0.9927302032765893,0.904443851808539,0.9999783458480503,0.2263950974999986,1848200.9799307974,1427976.9160810849,1427976.9160810849,0.0,False,18,,1017.6591045175653,151.36478623168554,81.98864681516778,210.64404145811974,0.872294897484857,True,True,False
eval_0526,0.001,0.907514615804726,0.9107174863083647,0.7720083085332733,0.958492773454038,1.202599722860743,0.2722685772556722,2185548.8382505914,1869069.4245615473,1869069.4245615473,0.0,False,17,,1292.2052663805919,121.43061166953414,112.63977229956876,210.74637845461896,0.8686215783302099,True,True,False
eval_0527,0.001,1.0825915655484712,1.0102824688342888,1.0241662289322968,0.7832098751013568,0.9415151370469292,0.21315902702742476,2771959.4179820744,2043498.591046348,2043498.591046348,0.0,False,17,,1410.6243225699595,110.66533390161466,103.6089653534379,210.84687139254535,0.8650179204203629,True,True,False
eval_0528,0.001,1.089783948015936,0.8041792730756542,0.9408833326988838,0.8957575696725912,1.1416499724040237,0.25846955375227093,1940077.723554622,1609432.6906253253,1609432.6906253253,0.0,False,18,,1135.8816494009632,135.66960447337812,83.95578161441573,210.73839711121116,0.8689079351300075,True,True,False
eval_0529,0.001,1.2156313269040777,0.9956922352788491,1.0446462076934828,1.069321634537732,1.381017572221254,0.3126623783508919,2133057.6799430745,1986101.5236811594,1986101.5236811594,0.0,False,18,,1379.9546389612124,112.11694027709652,91.07526723477677,210.87978810977515,0.8638382798657269,True,True,False
eval_0530,0.001,0.8734784157544306,0.9478128808466306,0.51057965275102,0.9269608712628962,1.075650459528716,0.2435272640373013,2449374.849201747,1954331.6052823446,1954331.6052823446,0.0,False,17,,1344.7807214843717,117.17326688871134,121.2810249139754,210.75596074549347,0.8682778109544402,True,True,False
eval_0531,0.001,1.2311205821803248,0.7183094266013111,0.782495039998145,0.9434534048112726,0.7661244500885307,0.17345057550004334,2088325.1260082587,1403085.601743441,1403085.601743441,0.0,False,18,,1012.0996280533424,149.95186021152597,67.23898128977629,210.72335498192052,0.869447679683108,True,True,False
eval_0532,0.001,0.9214928020016387,1.1249013227840556,0.9278585638990465,0.9810900125681223,0.9649008471114819,0.2184535517860395,3106686.2704913653,2317625.8584607528,2317625.8584607528,0.0,False,17,,1578.1396058793393,100.49611963799852,134.03935658429987,210.84812908545234,0.8649728415531239,True,True,False
eval_0533,0.001,1.0177414411582992,0.8242384720010514,0.8481677053695447,0.8667508601562435,1.04467026698653,0.23651334844575037,2116011.7211039965,1665199.6955985478,1665199.6955985478,0.0,False,18,,1167.942436761918,132.72903447030987,91.89040820017397,210.7290185870087,0.8692444480803257,True,True,False
eval_0534,0.001,1.2631975553055756,0.9380991983257583,0.9875096372064822,0.9373622181124542,1.1097768525497922,0.25125347941727294,2298323.580769674,1856697.7877304014,1856697.7877304014,0.0,False,18,,1299.9566303506515,118.25776389073505,83.09456822060241,210.86709524704264,0.8642931119650611,True,True,False
eval_0535,0.001,0.9349697655985305,0.6926340684528907,0.8322199062723763,1.0417259032079733,0.9866467730454416,0.22337682941748796,1822218.119086442,1401037.9054465077,1401037.9054465077,0.0,False,18,,997.8817095734598,154.84793156883595,85.73745719573009,210.60907449519254,0.8735508318692139,True,False,False
eval_0536,0.001,0.937292204029144,0.797221557767735,0.7711037137415311,0.8434650706689892,1.138898476980916,0.2578466151884794,1952983.4729880886,1623029.7210191041,1623029.7210191041,0.0,False,18,,1137.799390560827,136.7213890120038,96.86393504273536,210.68715190471735,0.8707470413719829,True,True,False
eval_0537,0.001,1.158328330817667,0.8440834675950505,1.0714504182649927,0.8299171648610171,0.912670451998042,0.2066285903323567,2306622.8679101886,1680536.4029062097,1680536.4029062097,0.0,False,18,,1183.7778016695984,129.94703850467408,82.46611014624571,210.78417729067536,0.8672657159993249,True,True,False
eval_0538,0.001,1.0221385677349706,0.7311992310015651,0.9420043062917365,1.058729996252305,1.1870476105897687,0.2687475790375236,1715886.2087764372,1467545.6717159718,1467545.6717159718,0.0,False,18,,1043.4852157974149,147.6123821504534,82.26990774193405,210.6666335509139,0.8714836622133809,True,True,False
eval_0539,0.001,0.9954041028774464,1.0684542589689539,0.8803249753210924,1.1655968300673991,0.772094441529313,0.17480218156223645,3257134.261252351,2183415.978433379,2183415.978433379,0.0,False,17,,1495.8325569823294,105.24803584717952,118.48412032664959,210.84661075208513,0.8650272624952445,True,True,False
eval_0540,0.001,1.0052062108768602,1.138811704179566,0.6741617550127255,1.052597352262672,1.2233419412432558,0.2769646154974731,2722544.062949665,2328732.3184738806,2328732.3184738806,0.0,False,17,,1588.8918335186577,99.39332244758575,124.23993150932182,210.87701166670183,0.8639377653856497,True,True,False
eval_0541,0.001,1.025522486823522,1.0772892876412312,0.9599423043430857,0.9628448050359881,1.1461392366014609,0.2594859231665707,2668871.8139608614,2195617.8873181357,2195617.8873181357,0.0,False,17,,1504.9149050204664,104.4733719347553,115.85713241356592,210.85888366002527,0.864587392594754,True,True,False
eval_0542,0.001,1.0559105476671995,1.0633993519066367,0.9663375424621503,0.9440896668747372,1.1723424951778707,0.26541834090826993,2589286.9607318565,2160142.877104697,2160142.877104697,0.0,False,17,,1483.6733556102965,105.69669270481042,111.22055254770278,210.8619527151021,0.8644774034434317,True,True,False
eval_0543,0.001,1.0364999052744044,0.7739689213843505,0.8041714261336096,1.0723940380712875,1.0360992169399512,0.23457286271520494,1981672.9245026903,1555531.4950654332,1555531.4950654332,0.0,False,18,,1099.5155787835001,140.3624554259059,85.32049198618218,210.7018281433788,0.870220243872129,True,True,False
eval_0544,0.001,0.9889285299291805,1.0080600327301683,1.1327446827184926,1.1357104004905445,0.8057706388761435,0.1824264726415589,3006803.2605875367,2057957.1171016784,2057957.1171016784,0.0,False,17,,1415.7177699128335,110.88390811402557,113.19836243993777,210.81852084772888,0.8660342177438383,True,True,False
eval_0545,0.001,1.0583307091065313,0.7783022902318741,0.7612197210780556,1.0898207542883016,0.860934164318695,0.19491549480175252,2195355.84684571,1560681.219466477,1560681.219466477,0.0,False,18,,1103.7226705921832,139.66874944428173,83.97556452969035,210.71155020378407,0.8698713149532282,True,True,False
eval_0546,0.001,1.058983128680571,1.0848350213512106,0.667800867268832,0.8196397043344597,1.1893218598572985,0.2692624690716924,2620707.018605631,2204370.546673274,2204370.546673274,0.0,False,17,,1511.949659807196,103.82114952340577,112.90123704062825,210.8715573353938,0.864133212636534,True,True,False
eval_0547,0.001,1.2275326747957895,0.9213494995296843,1.0993557112854937,1.0710087598890754,1.1273529598473593,0.25523271010944215,2239495.079192666,1828789.232945946,1828789.232945946,0.0,False,18,,1280.6948229567577,120.17778867011252,84.14267314740745,210.84781524313985,0.8649840903981546,True,True,False
eval_0548,0.001,1.0523447448740373,0.9612562473957731,1.081481863362501,0.9468387590648675,0.8656729636165303,0.19598835896278247,2749288.529032017,1946929.7337859736,1946929.7337859736,0.0,False,17,,1347.904927593715,115.70610822508594,101.94343233045642,210.81504697580638,0.8661587663096011,True,True,False
eval_0549,0.001,0.9131416819925162,0.940429782928383,1.2175241279839155,1.037069671292411,1.1236339187872701,0.254390719213438,2358729.5713725216,1930795.0450304563,1930795.0450304563,0.0,False,17,,1331.588489590462,117.9956590615606,115.20448238943317,210.76371500331587,0.8679996476601617,True,True,False
eval_0550,0.001,1.0599411114415744,0.9979036891429562,0.7816027586126935,0.8728868728662939,1.099653341739881,0.24896151656990906,2514186.864796061,2022207.9083411563,2022207.9083411563,0.0,False,17,,1396.0833533504713,111.89436569360936,104.66069606680021,210.83461146648432,0.8654573750838415,True,True,False
eval_0551,0.001,1.0184593628456193,0.7423031951509389,0.8507086488941051,0.905263920180777,0.9248596428629887,0.20938822314418062,2018488.9515759426,1491779.8320474965,1491779.8320474965,0.0,False,18,,1058.5566797267338,145.65665203899255,83.67573701813247,210.67373148853503,0.8712288258897712,True,True,False
eval_0552,0.001,1.0896336267596451,1.0142944793963888,0.820143252751014,1.0353908418838687,1.1695132961013432,0.2647778102373441,2458250.1653920724,2050449.3918477162,2050449.3918477162,0.0,False,17,,1415.3560983182401,110.27302829792531,103.305578990732,210.85072954908028,0.8648796361219812,True,True,False
eval_0553,0.001,0.931388023333628,0.908601159087606,0.8536024659605355,1.0552295947836465,1.1541903236168443,0.2613086892668535,2232525.414164058,1859915.999831038,1859915.999831038,0.0,False,17,,1287.4449597266193,121.68324184484581,109.52472064671636,210.7522558701487,0.8684107206910765,True,True,False
eval_0554,0.001,0.9383047023056138,1.1160104726227693,0.9702609302401599,0.9587608012699151,0.8187959443165723,0.18537540179327197,3336147.7714794944,2295357.5978895286,2295357.5978895286,0.0,False,17,,1564.6591270241647,101.21454005186656,130.70336718990458,210.849429821272,0.8649262204856728,True,True,False
eval_0555,0.001,1.030613082788923,0.7668507200032626,0.6806499818004047,0.9645924595689634,0.9994310680003411,0.22627119379527721,2003331.1014369347,1541573.9924820093,1541573.9924820093,0.0,False,18,,1090.4448741743502,141.51758699416783,85.10743635988605,210.6950764503103,0.8704625839794834,True,True,False
eval_0556,0.001,0.9435565845737859,1.016538343322147,0.855175564342233,1.1114207845981394,0.9916903497928511,0.22451869519310147,2745812.721195859,2085071.7171411423,2085071.7171411423,0.0,False,17,,1430.9855653507234,110.05488175227278,119.53533790206046,210.8092458413638,0.8663667632593126,True,True,False
eval_0557,0.001,1.0919309528316696,1.0300513190483331,0.6108609121626968,0.9170920247995795,0.9805186042936092,0.2219894120120731,2767493.87210547,2082914.1110006622,2082914.1110006622,0.0,False,17,,1436.1135873074943,108.76000046696952,104.52235755490135,210.85831944389253,0.8646076133862842,True,True,False
eval_0558,0.001,0.8857579233355621,1.06749482795948,0.8958772292842296,1.0977089608702892,0.9021191167358871,0.20423976802900481,3052055.4956431985,2204447.8298862297,2204447.8298862297,0.0,False,17,,1504.4249282876635,105.33288484011166,133.04377224001797,210.81496500705683,0.8661617051808714,True,True,False
eval_0559,0.001,1.0413668795924695,0.8458566777089094,1.0955571023084365,0.9019552845432847,1.1076259337170322,0.25076651139353606,2098003.613480934,1706402.2647298838,1706402.2647298838,0.0,False,18,,1194.9914136013713,129.7043343566197,91.8999604675086,210.74942365634374,0.8685123274745912,True,True,False
eval_0560,0.001,1.169979073394976,0.9315938005554119,0.6539955891655453,0.9954592920986809,0.9870183265095498,0.22346094912176206,2459619.453540351,1861442.8006602142,1861442.8006602142,0.0,False,18,,1298.8661871910158,118.99584358004722,89.15869203292472,210.83551469600624,0.8654249972534778,True,True,False
eval_0561,0.001,0.8557550450287015,0.9896924345456247,0.9042362567055002,0.9665889861150051,1.262127511218788,0.2857456685399336,2325829.580319072,2046420.7277033909,2046420.7277033909,0.0,False,17,,1402.5516461050038,112.72548247999195,128.67731899449672,210.77153637219516,0.8677190976695655,True,True,False
eval_0562,0.001,0.9220023317881754,0.894991345770513,0.8406042562278969,1.1347529836500578,1.0921694487489386,0.2472671631967597,2273297.568895738,1832986.434457418,1832986.434457418,0.0,False,17,,1269.9600028322616,123.33438257358179,109.15845780231626,210.74201378391294,0.8687781724801162,True,True,False
eval_0563,0.001,1.039842227618217,0.9066340265597463,1.0877472176940732,1.1373982936459572,1.0339640308690305,0.2340894565887485,2354653.46416522,1834580.6097553317,1834580.6097553317,0.0,False,18,,1276.1279752793014,121.91904543124043,97.91169547824988,210.7833959663149,0.8672937375559173,True,True,False
eval_0564,0.001,1.0971714360439409,1.1614163497783228,0.7419785387030164,1.0778393795605639,1.314889487825412,0.2976909800436733,2631324.0237408904,2355984.2890309617,2355984.2890309617,0.0,False,17,,1610.3195054843154,97.65444898170048,115.8529370542228,210.91137238417488,0.8627067363880474,True,True,False
eval_0565,0.001,0.8950522362084159,0.9668059134825386,0.780738201632682,0.9869468729158843,1.0170567613277868,0.23026165076461091,2577967.9573062425,1990171.4995592423,1990171.4995592423,0.0,False,17,,1368.4745349978268,115.11154696624178,120.47759859329035,210.77174608625063,0.8677115755803532,True,True,False
eval_0566,0.001,0.9835413631103904,0.7970089799715492,1.193987883278286,1.0851423416315078,1.0561952562563395,0.23912260601643526,2033801.4427015814,1613993.7585924596,1613993.7585924596,0.0,False,18,,1134.114380260939,136.75379013565632,92.28722218469997,210.70108569913103,0.8702468918381131,True,True,False
eval_0567,0.001,1.0817994567805858,0.9885137056811257,1.2795635795149827,0.784846620679639,1.0725636200633468,0.2428284035823417,2520883.0575725953,1998139.6759675425,1998139.6759675425,0.0,False,17,,1381.7284551956852,112.84584923777989,101.68133193977721,210.83671331925368,0.8653820309505208,True,True,False
eval_0568,0.001,1.2277700480418345,0.9904264514061449,0.926431858508761,0.9235737004382317,1.0336690653328804,0.23402267639136412,2548237.9713601954,1972714.9577036311,1972714.9577036311,0.0,False,18,,1371.9723458131548,112.65066317173242,89.74758841883785,210.88105457591004,0.8637929007158386,True,True,False
eval_0569,0.001,0.8960881245197285,0.7922018148022387,0.7304952347038416,1.1326593816514745,1.3237168028428863,0.29968948416362945,1763555.0287815216,1620025.648687186,1620025.648687186,0.0,False,18,,1134.103116555951,137.49077062617965,100.75098638883296,210.67131554794713,0.8713155631601711,True,True,False
eval_0570,0.001,0.9472460947849412,1.030714468517441,0.9697348050849781,0.9995557135024664,1.1143440115084062,0.2522874842055032,2606587.6745218546,2114137.27832374,2114137.27832374,0.0,False,17,,1449.6423373497953,108.69727349331254,120.55690795233754,210.81664363701904,0.8661015207809127,True,True,False
eval_0571,0.001,1.150869432775793,0.992991224560974,0.8487401274804212,1.007703922284031,1.1504614302985765,0.2604644678195977,2414744.2614945644,1993546.579104045,1993546.579104045,0.0,False,17,,1381.841066532298,112.39004470957371,95.96650431722274,210.85923149905562,0.8645749265384155,True,True,False
eval_0572,0.001,1.0871930967995636,0.6998033945769698,1.0472823462949492,0.9065224628452925,0.939738613303353,0.2127568220518791,1863124.6473347112,1389436.7319399787,1389436.7319399787,0.0,False,18,,997.2311048890184,153.44788328085352,74.40566226832985,210.662878842263,0.8716184739703853,True,False,False
eval_0573,0.001,0.9392849369982857,0.8472821148830456,0.8398622824579312,1.0697082054736786,1.2983605498749233,0.29394882849168263,1915611.917974498,1728826.2154588958,1728826.2154588958,0.0,False,18,,1204.6926609523512,129.5099121185192,102.0406480959826,210.719491995782,0.8695863045246347,True,True,False
eval_0574,0.001,1.207902223575486,0.9797734553990225,0.7949934113682966,1.1284713766401475,0.8792302758235846,0.19905773444645955,2748154.351426696,1954533.6229378665,1954533.6229378665,0.0,False,18,,1359.547755105509,113.74680941891867,90.34467717656209,210.87021005237804,0.8641814919287494,True,True,False
eval_0575,0.001,1.1016922066848331,0.784966839254491,0.9643290846564164,1.0747917672958605,1.0871254356133182,0.24612519862285523,1944274.644361274,1566776.3829358537,1566776.3829358537,0.0,False,18,,1109.4698046576705,138.61560131301573,81.28327325316164,210.72950420351245,0.8692270228292779,True,True,False
eval_0576,0.001,0.9820809697620232,0.9487422590276631,0.937073371655375,0.8766311293715302,1.047226361659022,0.2370920482796026,2466856.326125863,1934618.3867952854,1934618.3867952854,0.0,False,17,,1337.0251733681425,117.07059057978987,107.96387654417896,210.78813582105155,0.8671237497503644,True,True,False
eval_0577,0.001,1.243563368649722,0.7167701469645125,1.088584356206035,1.0487461463597136,1.3693463594851594,0.3100200157874401,1486183.8306724667,1397651.4109951928,1397651.4109951928,0.0,False,19,,1009.2288422273502,150.23636871326485,66.4401456969746,210.72622173388424,0.869344808398823,True,True,False
eval_0578,0.001,1.0328023134878759,0.853383015941463,0.6159639054178092,0.8791124055705481,1.0683208549966772,0.2418678415712477,2165943.1268815272,1723922.076545624,1723922.076545624,0.0,False,18,,1205.6794893655963,128.6845725923703,93.39634660446995,210.75130152947918,0.8684449577326542,True,True,False
eval_0579,0.001,1.1081090925879291,1.149087725470105,0.7312505881739715,0.9508840924397243,0.9630460963838784,0.21803363622131006,3134056.6899208217,2327937.947964462,2327937.947964462,0.0,False,17,,1592.8974911912621,98.59483207306931,113.61532224548871,210.91008446200544,0.8627528710742931,True,True,False
eval_0580,0.001,1.0701611280588954,1.191155934434946,0.9085033947230569,0.8400691621376786,1.2009000692668697,0.27188377568201927,2874522.225133954,2423884.0788391433,2423884.0788391433,0.0,False,17,,1652.4761428070503,95.46176309972367,121.50522436692553,210.91406316660203,0.8626103516341985,True,True,False
eval_0581,0.001,1.0289208271912709,1.0970960817711928,0.765501799895878,1.0307118184024873,0.8837646896046276,0.20008432572648768,3137411.4204611112,2236418.8738429197,2236418.8738429197,0.0,False,17,,1531.025397511658,102.77935857814884,117.37773194143276,210.86778932403865,0.8642682392104162,True,True,False
eval_0582,0.001,0.9759716391249683,0.9453292019853978,1.1250174283970953,0.990706304731537,1.3768308664400128,0.3117145081620189,2063688.3337919274,1928638.9940450916,1928638.9940450916,0.0,False,17,,1332.9669631550357,117.44858352287203,108.29005984516155,210.78461864840352,0.8672498871586524,True,True,False
eval_0583,0.001,1.1969133048090868,0.9387992589832945,0.8196376517217124,0.9862561388047806,1.1849074421934562,0.2682630449125985,2222007.259681533,1871197.0199098103,1871197.0199098103,0.0,False,18,,1306.2332189230817,118.17890547033628,87.75480727172847,210.84727109576613,0.8650035939964441,True,True,False
eval_0584,0.001,1.032741880787835,0.9592710499626045,1.0626319104246362,1.0121094555296448,1.1011390205017595,0.24929787424159833,2413666.9794144193,1946676.214304966,1946676.214304966,0.0,False,17,,1346.8861284059426,115.92035041454679,103.68647260784356,210.80828497329756,0.8664012158374373,True,True,False
eval_0585,0.001,0.8837902198516049,0.8815607144490762,0.9124052789646135,0.9732219095122828,1.3879225357752822,0.3142256620995239,1918154.0983901373,1811990.4628185956,1811990.4628185956,0.0,False,17,,1254.976927479514,125.01014839387234,112.35156149231814,210.72316116454988,0.8694546347778156,True,True,False
eval_0586,0.001,0.9505118150150305,1.1247227209820094,0.9946458167919677,1.0636292171404835,0.8760872621217888,0.19834615614437298,3254529.0064525655,2311010.676561135,2311010.676561135,0.0,False,17,,1575.1854345499053,100.51044611065153,129.92862862368398,210.85623309124088,0.8646823865625636,True,True,False
eval_0587,0.001,1.058730029258194,0.8106567560904127,1.0551952695770435,1.002586296204492,1.1934077394770812,0.27018751221761117,1908765.6103349396,1628857.6077581595,1628857.6077581595,0.0,False,18,,1146.7876874580065,134.7053753201846,87.03690055684642,210.73297808912722,0.8691023726349387,True,True,False
eval_0588,0.001,1.0648327577475798,0.9146485095701318,0.8413384215536649,0.9447680860462072,1.0349501531536223,0.23431271467398007,2370535.937156749,1846544.0369210609,1846544.0369210609,0.0,False,18,,1284.80780184867,120.96424327390189,96.3685132423259,210.79513622830245,0.8668727045904694,True,True,False
eval_0589,0.001,0.9060890086743252,1.043756907017659,0.9865613284259829,0.9152590835398424,1.1489921594826318,0.2601318249068678,2602078.20305417,2150137.87428311,2150137.87428311,0.0,False,17,,1470.752134962204,107.47879414400884,127.46176479350119,210.8105814052517,0.866318876229281,True,True,False
eval_0590,0.001,0.977617513095917,0.8181560317573195,0.9148860070980034,0.9657707394324427,0.8026339741046303,0.1817163317372883,2413651.4389747726,1659863.6549816865,1659863.6549816865,0.0,False,18,,1162.8197429348463,133.6066357641644,95.03346696199601,210.71299188929484,0.8698195749831072,True,True,False
eval_0591,0.001,0.9566230532098438,1.0121212050294819,1.110229565989066,0.931409566613284,0.8971756764453203,0.20312057314722048,2876386.2701071952,2073100.0552002615,2073100.0552002615,0.0,False,17,,1423.9392971053012,110.48517562733703,117.44342872241742,210.81101321532225,0.866303393683933,True,True,False
eval_0592,0.001,1.2037781652088655,0.7221231216142321,0.6923688719496915,0.719832333032373,1.2659403091796149,0.2866088859982648,1591085.7431178973,1415951.3507326737,1415951.3507326737,0.0,False,18,,1018.989464840583,149.251737438876,69.0888108474064,210.71740315840924,0.8696612654274979,True,True,False
eval_0593,0.001,1.0377073347319103,1.127904599439729,1.0253863462140336,0.8483768798455251,1.1404098814454309,0.25818879715924553,2808171.8841657285,2298937.1092539113,2298937.1092539113,0.0,False,17,,1571.2965442124525,100.25585355756391,119.31332521064475,210.88216613602486,0.8637530725018311,True,True,False
eval_0594,0.001,1.0117522930875675,0.932011999269623,0.9494962692357585,1.0913622750942045,0.9625736009976731,0.21792666326587318,2528957.2926821588,1893486.3623878602,1893486.3623878602,0.0,False,17,,1312.2446866597184,118.9481076148887,103.14349427696204,210.78837597174905,0.8671151373080291,True,True,False
eval_0595,0.001,0.9942684844013784,0.8989552213163969,0.8186343417332225,0.9385055738494936,1.3529187787014196,0.30630081149800137,1975261.354274291,1827291.9576479597,1827291.9576479597,0.0,False,17,,1269.5110828990246,122.84869222801632,101.62472033354592,210.7656346844454,0.8679307873862548,True,True,False
eval_0596,0.001,0.8885085426162707,0.8577914571139557,0.9521330074085217,1.0083714777708468,1.0251600000851369,0.232096224019275,2259778.1778722117,1760759.4381806545,1760759.4381806545,0.0,False,17,,1222.6993864625,128.0949561746231,109.06362729472747,210.71066635942597,0.8699030351758732,True,True,False
eval_0597,0.001,1.0460462571598161,0.906933796827814,0.5697037787999959,0.8854667344521419,1.0166039638418514,0.23015913741379515,2376735.2492483035,1834001.5775163968,1834001.5775163968,0.0,False,18,,1276.0326808486288,121.8830500414782,97.35973233625869,210.7854127682181,0.8672214070357389,True,True,False
eval_0598,0.001,1.1937424201345872,1.0304294555013067,1.1089821056539588,0.7592256879159845,1.327179715889989,0.3004734876774935,2280940.3338704943,2062789.2392579047,2062789.2392579047,0.0,False,17,,1427.7833289578407,108.72422345627281,95.63935384373777,210.88847941110987,0.8635268700544514,True,True,False
eval_0599,0.001,0.9846932209303143,1.0905248067407474,0.7571957171717365,0.7984886925035923,1.2394985293858556,0.2806224670529577,2582313.2516158926,2232018.320768341,2232018.320768341,0.0,False,17,,1526.2905092987496,103.33496263060138,121.99031140447316,210.8525355256715,0.864814907929945,True,True,False
eval_0600,0.001,0.9254059320915418,1.1098026031720394,1.2013154411893456,0.9806632342646542,1.2719415618324104,0.2879675695988577,2599181.326193204,2285090.130042942,2285090.130042942,0.0,False,17,,1557.540611830296,101.72259004551775,131.8632835663452,210.84336650707328,0.8651435471412158,True,True,False
eval_0601,0.001,1.0280110535102827,0.9435622678676743,1.1570582732428225,0.8698191658251968,0.7639131488533362,0.1729499369003953,2861298.938478523,1914574.88844837,1914574.88844837,0.0,False,17,,1326.3266369924181,117.64527118164175,102.63637745185129,210.7990759803388,0.8667314264742176,True,True,False
eval_0602,0.001,0.9026739856697183,1.0356267074273098,0.9135441471584069,1.1798655135516594,0.9971122764755993,0.22574621939407566,2801627.9579608953,2133710.7364701605,2133710.7364701605,0.0,False,17,,1460.149517940048,108.23497303098436,127.05010691154158,210.80604428183048,0.8664815585743386,True,True,False
eval_0603,0.001,1.0707767016696177,0.9016520218527064,1.0416175238729282,0.8829416812416055,0.9772342953362201,0.2212458444641202,2408403.8047868083,1818093.2960072416,1818093.2960072416,0.0,False,18,,1267.0307727141194,122.52052357719973,94.61626879766081,210.7899936194175,0.867057124674196,True,True,False
eval_0604,0.001,0.9785476785401074,1.0096129209399676,0.8949971685082494,1.0379389379182424,1.1030951218304164,0.24974073558240625,2558526.769832571,2063340.4153569478,2063340.4153569478,0.0,False,17,,1418.6886839516092,110.73108839486997,114.55710107609919,210.8162165753706,0.8661168322533906,True,True,False
eval_0605,0.001,0.9908599990652869,1.075890145926779,0.5270001054516049,1.034681818517563,0.8820334018246738,0.19969236217310615,3085724.6229145876,2199982.8135816087,2199982.8135816087,0.0,False,17,,1506.1754782792111,104.59525309388059,119.77034574754258,210.8483693770799,0.8649642289598911,True,True,False
eval_0606,0.001,1.0148313266917248,0.9503093322434171,0.7264192656692441,0.7731605446814617,1.1996553251777473,0.27160196562024197,2270009.3628981835,1931394.0366374175,1931394.0366374175,0.0,False,17,,1336.41335567427,116.89788679989299,104.63405333863366,210.79856529941978,0.8667497390136717,True,True,False
eval_0607,0.001,1.1237997692114858,0.8946768067902426,0.6719953369919264,1.1059877342621502,1.1648087755561138,0.26371270678590414,2145653.166246805,1793192.1598165429,1793192.1598165429,0.0,False,18,,1253.569838282108,123.37309392104794,89.52909204969846,210.80223617693858,0.8666181067573412,True,True,False
eval_0608,0.001,1.1597988701587045,1.0762734978149424,1.189966825172855,1.0769725100817809,0.8506785691500198,0.1925936280555645,3098959.668431999,2165281.552834273,2165281.552834273,0.0,False,17,,1491.501921395971,104.56182915845419,102.35704073117941,210.89740323814033,0.8632071555408065,True,True,False
eval_0609,0.001,1.2727411084945046,1.066174082341946,1.0903748242606497,1.1062864008331548,0.9545057910284837,0.2161001110888487,2869522.7151061147,2120702.610339688,2120702.610339688,0.0,False,17,,1468.110396654662,105.44992200248505,92.48839441009895,210.92667617343093,0.8621585821633633,True,True,False
eval_0610,0.001,0.8372972066012242,0.8460139778479181,0.9063832583564463,1.0193286021937569,0.8882660293995794,0.20110342905606476,2413837.611494026,1745578.4305614494,1745578.4305614494,0.0,False,17,,1210.8343929756525,129.68284969055117,114.31714959992125,210.68836744525578,0.8707034072609279,True,True,False
eval_0611,0.001,1.1140026853078224,0.9908649255022093,0.7082719581897288,1.03968138339759,1.1828206589094659,0.2677905971771031,2375393.3558689095,1996552.2184702829,1996552.2184702829,0.0,False,17,,1382.1328378275568,112.60601838309537,98.95226382606141,210.84731788808628,0.8650019168390941,True,True,False
eval_0612,0.001,0.9948872795726733,1.0731242027748265,0.9453681219874168,0.9298177694403438,1.029803470601038,0.23314750574407497,2836485.0856206836,2193328.0025173025,2193328.0025173025,0.0,False,17,,1502.1171010198236,104.8370770725326,119.01036649408611,210.84838840205524,0.8649635470627577,True,True,False
eval_0613,0.001,1.208631255182954,0.771832618469255,0.815034975011262,1.0840586517797757,1.155657250221781,0.26164080145021124,1818901.1739448544,1519672.657220635,1519672.657220635,0.0,False,18,,1084.4177388223911,140.70707696868644,72.9900754660758,210.7542784874853,0.8683381601706051,True,True,False
eval_0614,0.001,1.0338612353082803,1.0662956648716533,0.8918214787062415,1.018986314216662,1.0851198877374026,0.24567114258374795,2725672.2660900126,2170823.855881339,2170823.855881339,0.0,False,17,,1489.5035930821143,105.43913664946582,113.87004225363201,210.856779998909,0.86466278569499,True,True,False
eval_0615,0.001,1.1179529267471016,1.1446284504205981,0.9780503007475684,0.8612987240397539,0.8719017405638263,0.19739855406365026,3279627.796161797,2316529.251856941,2316529.251856941,0.0,False,17,,1586.047647283332,98.93967554448933,112.22240602468462,210.91129261176417,0.8627095939008248,True,True,False
eval_0616,0.001,1.149719211746103,0.84262788123232,0.7513585424925553,0.9804154470993908,0.8192646110457391,0.18548150794075532,2429400.9109604275,1679103.8094483258,1679103.8094483258,0.0,False,18,,1182.4961545250644,130.1469744393067,82.95598222458477,210.78065931055195,0.86739188710572,True,True,False
eval_0617,0.001,1.070914820282479,0.8598636001037356,1.0732928370214292,1.041418447657392,1.1715174431001345,0.26523154911787045,2057545.4879399533,1730323.8490352584,1730323.8490352584,0.0,False,18,,1211.3916935624934,127.81974708218172,90.68191692405402,210.7666570146969,0.8678941162134259,True,True,False
eval_0618,0.001,0.8990176935261512,1.0027716923126127,1.0604360705139866,1.01085432473547,0.9658584860286447,0.21867036123688513,2755207.9994537295,2065201.0293098716,2065201.0293098716,0.0,False,17,,1416.3933609580274,111.40765635969493,123.93395162063669,210.79011721317755,0.8670526923491229,True,True,False
eval_0619,0.001,0.9509701562070536,0.7395941701270172,1.1300785886214926,0.8464212289866366,1.0289180969045577,0.23294705713919187,1909164.9919971842,1498214.1064924651,1498214.1064924651,0.0,False,18,,1059.6599707180646,146.12883467854047,89.3245353676428,210.65080050911678,0.872052175717109,True,True,False
eval_0620,0.001,0.9729279409750342,0.9982399064296175,0.6214257344117146,1.0298616733262316,1.1219773552375967,0.2540156732257919,2503450.623729172,2040591.047663764,2040591.047663764,0.0,False,17,,1403.9667125094338,111.86060747554065,114.05536676597279,210.80936210159774,0.8663625946908403,True,True,False
eval_0621,0.001,1.0787713583218541,0.7964924513751435,1.212421533394046,0.8246730573933805,1.3142593283154165,0.29754831193061027,1751413.9641240388,1595274.8108925093,1595274.8108925093,0.0,False,18,,1126.4601967635313,136.8325858050874,84.09199063838052,210.7300059013387,0.869209020620652,True,True,False
eval_0622,0.001,1.226147437567108,1.07920664193708,0.7242425943652754,0.9306408551592477,1.0516211659273622,0.2380870319659548,2767356.7619863376,2157477.0998096326,2157477.0998096326,0.0,False,17,,1489.4547177141026,104.30683110166089,97.0550479209809,210.9180434773626,0.8624677800405594,True,True,False
eval_0623,0.001,0.8318885989279876,0.8830306068442704,1.1442192743164157,0.9403454976604695,1.1494835597167483,0.26024307791987183,2189987.579597228,1825167.9786483282,1825167.9786483282,0.0,False,17,,1261.065056197567,124.8244423362144,119.53876590242112,210.7087528300753,0.8699717105962755,True,True,False
eval_0624,0.001,0.9579444847049869,0.6641247257461536,0.88659369025001,0.8571283608105373,1.0122857698936962,0.2291814983039328,1710743.2520483038,1336276.5118456876,1336276.5118456876,0.0,False,18,,958.1897718242731,160.68636216732523,80.64068619632675,210.59211760157592,0.87416003538345,True,False,False
eval_0625,0.001,1.0910792885364535,0.7858418874377702,1.0001411641008475,0.8813234634421976,1.0808123970989527,0.2446959267032029,1955435.5553603694,1570567.4599225025,1570567.4599225025,0.0,False,18,,1111.3987091247086,138.4785440270977,82.15514645933047,210.72678774075084,0.8693244979898629,True,True,False
eval_0626,0.001,0.8954230383865005,0.9539664089088482,0.847234778103674,1.0759273193112506,1.2880290575267181,0.29160977862404897,2198311.206449326,1962968.4996240446,1962968.4996240446,0.0,False,17,,1351.2147246091258,116.4969069816637,118.9956034274067,210.7654503851966,0.8679373982718136,True,True,False
eval_0627,0.001,0.959181539184993,0.9893229072792291,0.7936140519701405,0.7891835904618225,1.0655691418446618,0.2412448537136314,2559156.145743027,2024639.2436970202,2024639.2436970202,0.0,False,17,,1393.2142897860865,112.76318816746868,114.76393133356362,210.80120106176545,0.8666552239974129,True,True,False
eval_0628,0.001,0.9967283815169464,0.9547129461491328,1.2186031105547288,0.835043032883174,0.8449356360118145,0.1912934279930748,2774452.9939965764,1944278.6015494885,1944278.6015494885,0.0,False,17,,1343.790476457268,116.41540516720704,106.97598546642625,210.7954257153716,0.866862323506674,True,True,False
eval_0629,0.001,0.88896439040969,0.8405823687669199,0.7996826292234763,0.9661996380691777,1.0230925601324872,0.23162815561399508,2213512.739377712,1724182.609273309,1724182.609273309,0.0,False,17,,1199.565373801418,130.42902301394903,107.0569752790311,210.70036665016625,0.8702727002746684,True,True,False
eval_0630,0.001,0.9493211509054502,0.9927124429401306,0.5446928324719897,1.1002698223840275,1.2850735070544153,0.2909406419971196,2287151.46823875,2033768.4914407446,2033768.4914407446,0.0,False,17,,1398.5918533595368,112.41831199104215,116.31168778580225,210.79993495331385,0.8667006247079785,True,True,False
eval_0631,0.001,1.014165401271982,1.0173524467555748,0.8726236674977716,1.0793340610422333,1.2480046534854468,0.2825482535491051,2381004.7488623983,2072294.2647510134,2072294.2647510134,0.0,False,17,,1425.9461524675612,109.97595814741308,111.29279004228961,210.83004535202048,0.8656210596304658,True,True,False
eval_0632,0.001,0.8243243315478689,0.6659674305854202,0.9687713481273623,0.7987462139474464,0.995892549425277,0.2254700731898827,1756476.903352613,1363500.0878539467,1363500.0878539467,0.0,False,18,,969.4636556347966,160.29529794089856,93.94089047490318,210.55191092580498,0.8756049166638938,True,False,False
eval_0633,0.001,1.2653549087282736,0.8383045718654205,0.7317931233682502,1.116275498578611,1.1071510868541647,0.2506590060637829,2034953.139862564,1648295.1358654886,1648295.1358654886,0.0,False,18,,1168.1156716800288,130.7445974677557,75.03043567112802,210.81406662125332,0.8661939156576767,True,True,False
eval_0634,0.001,1.2121734083329438,0.9899084205005511,1.0257649293166953,1.0094915077596698,0.9299053492983189,0.2105305710811394,2700193.0126083107,1974775.8433216081,1974775.8433216081,0.0,False,18,,1372.596380088819,112.70345597339396,90.85976067867134,210.87613686693587,0.8639691117572971,True,True,False
eval_0635,0.001,1.0725540130461688,0.642777141235383,1.1753319734601375,0.9847299431684251,0.9145042459131573,0.2070437612747388,1722782.4470648447,1270924.2480208566,1270924.2480208566,0.0,False,18,,922.3052007496874,165.3644662921016,69.98616704696734,210.6097740206066,0.8735257024071948,True,False,False
eval_0636,0.001,0.9793658731770808,0.8676122277199343,1.180193374735938,1.0880158867772696,1.1191002337458023,0.25336429292004964,2155403.53714189,1764109.3604298115,1764109.3604298115,0.0,False,18,,1228.7994115051172,126.80141640237468,99.95499537386998,210.74353473120772,0.8687236037214294,True,True,False
eval_0637,0.001,0.9328161695710507,0.8274833705222779,0.870981505209865,0.9273866822547121,0.7218752463016406,0.16343255576269142,2569993.8306365446,1688058.2707176185,1688058.2707176185,0.0,False,18,,1178.6669844359621,132.2657187534713,100.60746652528638,210.70535096775836,0.870093804473874,True,True,False
eval_0638,0.001,1.0519357981227127,1.0985503420135088,0.6530952947140127,0.8031475913993852,0.959289622205628,0.21718317046735416,3007956.2363543836,2234576.8201649636,2234576.8201649636,0.0,False,17,,1530.8609520657192,102.6572456395358,114.94623012521248,210.8749617658302,0.8640112191234479,True,True,False
eval_0639,0.001,0.932284898779367,1.0052710630652952,0.7440157175434511,1.0456821592516217,1.183574459622078,0.2679612576584385,2449087.25313094,2063667.456746772,2063667.456746772,0.0,False,17,,1416.8721875854694,111.1594801464964,119.7783753553746,210.80085211470882,0.8666677366501571,True,True,False
eval_0640,0.001,0.9735649928901211,0.7559995462982955,0.8138184593523798,0.8272956624720729,1.1764548760525229,0.26634938393829116,1799258.0006644097,1529006.2076617815,1529006.2076617815,0.0,False,18,,1080.013346002123,143.31686608341636,88.96338979378389,210.66976598581238,0.8713711966970635,True,True,False
eval_0641,0.001,0.958884680100198,0.9405845902360966,0.7348849516341799,0.9581414447633819,1.2102186335051877,0.2739934986255745,2243406.386266998,1922027.8152710106,1922027.8152710106,0.0,False,17,,1328.0282872498442,117.97829181853011,109.72487401362683,210.77718569936687,0.8675164710682961,True,True,False
eval_0642,0.001,0.914659961538994,0.908887548607971,1.0913115283120183,1.0591966538306508,0.8799895861275917,0.19922964229928675,2599790.353983663,1863798.4031346226,1863798.4031346226,0.0,False,17,,1289.1754043699877,121.64899096940471,111.5592009971063,210.74748586069057,0.8685818482288195,True,True,False
eval_0643,0.001,1.0758457851305139,0.9514918957777123,1.0707294738698636,0.9313348785471658,0.9060519073675459,0.2051301518280124,2653346.8114471165,1921733.6160212301,1921733.6160212301,0.0,False,17,,1332.9599911431437,116.76791025121554,98.80980542723951,210.8172232022803,0.8660807416844801,True,True,False
eval_0644,0.001,0.9627867579757956,0.8807511259408587,0.6664358184850686,1.0001749850828752,0.9504229705292815,0.21517576052782933,2406677.0368442554,1795009.3617182507,1795009.3617182507,0.0,False,17,,1247.6650886839911,125.11267727720706,103.04861252291919,210.74611555171,0.8686310104865009,True,True,False
eval_0645,0.001,1.0187782558234901,1.1408380406005885,0.9166763732564116,1.0117291434454068,0.9428057642898212,0.21345122503521552,3167147.9570956016,2330037.958083821,2330037.958083821,0.0,False,17,,1590.3197346215456,99.23479364697202,122.78065240793654,210.881610665954,0.8637729754492511,True,True,False
eval_0646,0.001,1.220897133097852,1.1116932926749896,0.8577308991889426,1.1007014589130246,0.9254412836719004,0.20951990662331824,3061740.5293634487,2226082.7097745505,2226082.7097745505,0.0,False,17,,1532.8735814025495,101.56729074040524,100.10151093949179,210.92897611612614,0.8620762092251149,True,True,False
eval_0647,0.001,1.0225193497048493,0.9700908696056164,0.5612761892663778,0.9268012184847986,1.0745660153912593,0.2432817458845811,2480454.666312145,1971488.289720852,1971488.289720852,0.0,False,17,,1362.169874381835,114.76260743994105,105.77952989519768,210.81053697600092,0.8663204692431798,True,True,False
eval_0648,0.001,0.9727111259814079,1.1345357735673276,1.1035430243853308,1.0571305399299349,1.3396769401345294,0.30330285924645745,2559342.43030499,2326795.656891954,2326795.656891954,0.0,False,17,,1586.233111081151,99.7295985231846,127.95746294507641,210.86622200059125,0.8643244056202232,True,True,False
eval_0649,0.001,1.1088974282648607,1.0810079598228215,0.9511368578266407,0.7456648523952616,1.112588758765424,0.251890094984492,2708589.528223683,2185849.4374199854,2185849.4374199854,0.0,False,17,,1502.3535074308645,104.15087520244145,107.4779253641524,210.8844644582792,0.8636707228481728,True,True,False
eval_0650,0.001,0.9707489635559662,0.8514895599941155,0.85229296553045,1.0883090389919086,0.7819761730407316,0.17703940557642164,2550879.6840828154,1731744.9604023038,1731744.9604023038,0.0,False,18,,1207.9089137108244,128.93955115775728,99.17003924903189,210.73146036229667,0.8691568313043396,True,True,False
eval_0651,0.001,1.0644886736169914,1.0395091882612792,0.7160882759500224,0.9612705504472534,0.979727953353277,0.22181040863918192,2802125.9971457324,2108354.161492762,2108354.161492762,0.0,False,17,,1451.0967692144989,107.87248469830087,108.0990426308122,210.85438465219391,0.8647486343456581,True,True,False
eval_0652,0.001,1.1618102633608451,0.7463561989576146,1.1292443595593598,0.8335885410900978,0.9816827933186623,0.22225298440734512,1938867.1072303513,1474515.6019622013,1474515.6019622013,0.0,False,18,,1053.9616168578227,144.95607462015678,73.70584782336867,210.7217272393843,0.8695060912718331,True,True,False
eval_0653,0.001,0.9846475001063505,1.0599864225311812,0.8022646418010216,1.1690382375817532,0.917164734853787,0.20764609597089737,2980406.1930763507,2167889.899359883,2167889.899359883,0.0,False,17,,1485.4824614585177,106.00188556426266,118.92665437087723,210.83999423042317,0.8652644246646775,True,True,False
eval_0654,0.001,1.145506645320129,0.9974351498504017,0.8378665892186434,1.120473966252855,1.237904973324091,0.2802616859605742,2317194.3462243415,2003895.012353719,2003895.012353719,0.0,False,17,,1388.1895673982383,111.94144533801135,96.80216081999983,210.85965859442808,0.8645596201037073,True,True,False
eval_0655,0.001,1.0962771890438485,0.7879765361192825,0.6344059613669806,0.8368890167067116,0.760303366499202,0.17213268217541933,2348870.7340984032,1574108.1741173882,1574108.1741173882,0.0,False,18,,1113.8619508581228,138.14537225229046,81.96281318935503,210.7298225325363,0.8692156003550596,True,True,False
eval_0656,0.001,1.0731408038645884,0.7946474905683041,1.1425822893129263,1.094700495114208,1.412408276832324,0.31976923387483813,1659683.4780657613,1592425.9171740878,1592425.9171740878,0.0,False,18,,1124.4149151760016,137.11480161777223,84.35921441966222,210.72705557926963,0.8693148869963443,True,True,False
eval_0657,0.001,0.8203298653358181,0.6715469781180632,1.1822958972636863,0.9733621342857439,1.0844703401335283,0.2455240850062308,1687721.6983835765,1376148.705799552,1376148.705799552,0.0,False,18,,977.2407270717774,159.12306188255647,95.09373921120323,210.55557008168978,0.875473397122768,True,False,False
eval_0658,0.001,1.0045981384226952,1.0903455429854263,0.8496053872721325,0.8946622895992203,0.8843634431917888,0.200219883538621,3122037.909756439,2227422.126986023,2227422.126986023,0.0,False,17,,1524.2364198247278,103.35020772883763,119.55558030880867,210.8581483099327,0.8646137466320281,True,True,False
eval_0659,0.001,1.0454394863394947,1.0511977100226486,0.8353832849831102,1.1443580572510905,1.2806186932160784,0.28993207214412015,2417876.726669483,2136775.871938819,2136775.871938819,0.0,False,17,,1468.3462054299266,106.79635700870485,111.1778411975927,210.85382379163502,0.8647687357351367,True,True,False
eval_0660,0.001,0.976732358019675,1.0331806204898784,0.7591311902662236,0.9276324474461392,0.8091442513656306,0.18319025850917878,3083250.0601864625,2113227.1729871426,2113227.1729871426,0.0,False,17,,1450.3531866331532,108.46466387557416,117.1681908938503,210.82621679937648,0.8657583097720568,True,True,False
eval_0661,0.001,0.9031487260926706,0.6944090541755106,0.6217133822424656,0.8101584222117157,0.9346089359523234,0.211595463099606,1887977.1196284955,1410444.057717123,1410444.057717123,0.0,False,18,,1002.4072181152671,154.4988567529145,88.95882356106877,210.60062084238206,0.8738545305996392,True,True,False
eval_0662,0.001,1.066224471034859,0.870056131151237,1.0088943663525196,0.9758211509648487,1.0391424819882882,0.23526185792214843,2240607.894658815,1752622.0915909698,1752622.0915909698,0.0,False,18,,1225.3228808635654,126.48372371873998,92.04289840435541,210.7711018809315,0.8677346821854898,True,True,False
eval_0663,0.001,1.1166676171893992,0.7888890130005017,1.1390480788424362,0.9224702088203228,1.1320815673190676,0.2563032668410369,1904595.9723275614,1572281.0169979597,1572281.0169979597,0.0,False,18,,1113.6013893876461,138.00346064980727,80.54891143594664,210.73677026662523,0.8689663061617494,True,True,False
eval_0664,0.001,1.1622510020865304,0.7537390846033969,1.1576934651469117,1.0165409675990833,1.014033972844795,0.22957729145206154,1924760.4198097573,1490008.738391865,1490008.738391865,0.0,False,18,,1063.7180702829296,143.697657905617,74.32312396172031,210.72710763144892,0.8693130191828518,True,True,False
eval_0665,0.001,0.8865020388728277,0.8346675176570849,0.8841422643345387,0.7382074188654821,1.190256080828803,0.26947397669964096,2006249.4026238024,1712077.5298822357,1712077.5298822357,0.0,False,17,,1191.813846989671,131.25178754873963,106.68137609923343,210.6959678721858,0.8704305870745052,True,True,False
eval_0666,0.001,1.2019748316188907,0.7488998367259576,0.6501993284544555,1.0036357739231974,1.1024219041864352,0.2495883191078089,1812366.3472087136,1472648.4824313466,1472648.4824313466,0.0,False,18,,1054.5433395039513,144.51994419686534,71.4579273971354,210.7363110025758,0.8689827846760566,True,True,False
eval_0667,0.001,0.9304448513173889,0.7582918228619775,1.1269018465799352,0.8907929741252343,1.0649752871111664,0.24111040500196806,1927029.0820883196,1541708.7116885511,1541708.7116885511,0.0,False,18,,1086.1490699191695,142.93284050435776,93.33637144061717,210.6581608800312,0.8717878778891687,True,True,False
eval_0668,0.001,1.0468044216529935,0.9499166504493686,0.7906906297442292,0.7882675574918087,0.9963896507865156,0.22558261693806714,2525664.4955297867,1924202.449346516,1924202.449346516,0.0,False,17,,1333.2532747513449,116.94111352639698,101.40066458697909,210.8078231056006,0.8664177765296542,True,True,False
eval_0669,0.001,1.0352688990625938,0.9917599893404697,1.0093706917245433,0.9485913639376489,1.3217061046454872,0.2992342620917383,2224981.9745594244,2014341.1459882872,2014341.1459882872,0.0,False,17,,1389.995508161654,112.51499889361652,106.56387074605465,210.82453882139075,0.8658184653328699,True,True,False
eval_0670,0.001,1.1780278864168676,1.1513027653931105,0.6708696472862552,1.0319720597126478,1.128686264150836,0.25553457020374926,2855927.0088396706,2317426.4043785385,2317426.4043785385,0.0,False,17,,1589.2620050677062,98.42447625347775,107.05695607634016,210.93098304110194,0.8620043322466368,True,True,False
eval_0671,0.001,1.0354257723465896,0.992050592353092,1.0968763970456172,0.9755267836554274,1.488932136835485,0.33709423577955383,2042116.963650165,2014918.335009098,2014918.335009098,0.0,False,17,,1390.3696524896964,112.48548035788029,106.57568601845041,210.82471979444455,0.8658119773974262,True,True,False
eval_0672,0.001,1.008334391198325,0.9649509815116427,1.097743482536873,1.0509498419141778,1.3039177032515903,0.29520696801616003,2185456.972262583,1963518.0318441016,1963518.0318441016,0.0,False,17,,1356.496176245838,115.30956405649219,106.75879534426458,210.803875236157,0.8665593339904823,True,True,False
eval_0673,0.001,1.1290678078438063,0.8125648502961915,0.9564672568687644,1.0159984033278515,0.9076360293049417,0.2054887970346388,2225516.504759114,1619786.8185088763,1619786.8185088763,0.0,False,18,,1144.1394587780405,134.42404161369151,81.78555421600717,210.75589538182842,0.8682801557883922,True,True,False
eval_0674,0.001,0.905039288315211,1.0297484387523221,0.8894403018517882,0.968913163183582,1.2190601052101062,0.27599520781956804,2471666.8608108955,2120830.2924283715,2120830.2924283715,0.0,False,17,,1452.0563616618126,108.78867495574073,126.07310674895326,210.8041156026873,0.8665507150949984,True,True,False
eval_0675,0.001,0.8269784888706735,0.9533577726637483,0.9824822647263516,0.9502607428681291,1.0092906348896244,0.22850339973901096,2565531.638165161,1975405.6714555332,1975405.6714555332,0.0,False,17,,1356.1154953937144,116.56344181048003,128.77068301825167,210.74535300422264,0.8686583685028343,True,True,False
eval_0676,0.001,1.1872185293077848,0.9826329287661155,0.9755366585421896,1.0384233114260775,1.2651154648125138,0.2864221412335531,2239432.24454391,1964656.8820376566,1964656.8820376566,0.0,False,18,,1365.0592155272618,113.45040124102016,92.15881298875848,210.86532620153787,0.8643565077396271,True,True,False
eval_0677,0.001,1.012639648128391,0.9530202887606509,1.065350392758896,0.8354019861302656,1.069630045456997,0.2421642422914641,2442289.0278066117,1937537.775118596,1937537.775118596,0.0,False,17,,1340.212670853264,116.60036899942396,105.12807751198257,210.79926932573747,0.866724493312466,True,True,False
eval_0678,0.001,1.0803124450930168,1.0224100587921252,0.9988324514468259,1.0156593352139587,0.7405041269150705,0.16765013433357195,3143861.691770865,2069324.8888986583,2069324.8888986583,0.0,False,17,,1426.9571324927679,109.48828423736721,104.94374190760234,210.85158343529025,0.8648490317606535,True,True,False
eval_0679,0.001,0.9184798369416695,0.7481775762050877,0.8619435906013624,1.0799848546872661,1.110689901520137,0.251460193704159,1854004.3249432356,1522396.4490435184,1522396.4490435184,0.0,False,18,,1073.4452744777666,144.64350639827228,93.43401394333966,210.64714769422628,0.8721833486604198,True,True,False
eval_0680,0.001,1.0243700091439087,1.0060523554042342,0.999497325059026,1.0789050449761546,0.757189252204009,0.17142764669898763,3075421.550098549,2046512.0073455856,2046512.0073455856,0.0,False,17,,1409.9879912529648,111.08213814679863,109.08687208651004,210.82792152870343,0.8656971961554369,True,True,False
eval_0681,0.001,1.019051461878665,1.019667627564498,1.2579421262361894,0.8092771146542118,1.156864750331545,0.2619141794750618,2503798.5348401153,2076147.6702690367,2076147.6702690367,0.0,False,17,,1428.6121817980084,109.75215725434947,110.98502725851849,210.83249857837956,0.8655331163097757,True,True,False
eval_0682,0.001,0.9739325674466845,0.9680318854305585,1.0939647544217899,0.8785221918965069,0.8482370515706124,0.19204086847558663,2815823.2790971426,1976911.9093586544,1976911.9093586544,0.0,False,17,,1363.4902697098723,114.9810613167183,110.84557822238308,210.7952945899536,0.8668670256957345,True,True,False
eval_0683,0.001,1.031257982551015,1.0128037925441615,1.1021403438634625,1.0540816445968766,1.1316874182818069,0.25621403149900107,2516873.493932453,2059257.9757868517,2059257.9757868517,0.0,False,17,,1418.4001985608836,110.4184520198515,109.00956261115039,210.83298222480383,0.8655157787820161,True,True,False
eval_0684,0.001,0.9993220782241206,0.7066504393022947,1.1560990536885725,0.9168889788611961,1.0294710450270133,0.2330722445941158,1806636.115024441,1419480.8640582238,1419480.8640582238,0.0,False,18,,1012.2799170217935,152.13494107709977,81.64679128220756,210.6405446829863,0.8724204749906965,True,True,False
eval_0685,0.001,0.9620623253044972,0.9463793438819394,0.836708000825438,0.8710577143509473,0.9256357657892496,0.2095639373746861,2635093.291206646,1933623.3712288893,1933623.3712288893,0.0,False,17,,1335.5191483087685,117.33201055314414,109.96484192210721,210.7810659939145,0.8673773013362163,True,True,False
eval_0686,0.001,0.9497504852867226,0.9830340237481622,0.9108131965480104,0.9608152845057296,0.9453367185321256,0.21402423307567323,2716863.744848542,2013322.4544783225,2013322.4544783225,0.0,False,17,,1385.6001799076662,113.40895330225769,115.24357135040708,210.79548003057516,0.8668603757521094,True,True,False
eval_0687,0.001,0.9553713619463946,0.73452392637754,0.8558551231722704,0.8107170444159284,1.3122637832212942,0.297096520521301,1622942.880325229,1486623.8242954393,1486623.8242954393,0.0,False,18,,1052.5665622946046,147.02113591504371,88.37340367958699,210.6483680385372,0.8721395254697012,True,True,False
eval_0688,0.001,0.8917512102083245,0.91836067604941,1.1381615128922393,1.0239487387739126,1.098103333992834,0.24861059481597764,2335768.956155947,1888340.6474704493,1888340.6474704493,0.0,False,17,,1303.7357179644218,120.52724962452595,115.4900637460594,210.74587571613094,0.868639615077722,True,True,False
eval_0689,0.001,1.1608972509156905,0.855692488553904,1.1053088611380142,0.8642228335181179,1.3484629424089336,0.3052920101613826,1847004.8074716735,1704427.0988956725,1704427.0988956725,0.0,False,18,,1198.974538954274,128.37498589571308,83.29125062245932,210.79175562457016,0.8669939360560324,True,True,False
eval_0690,0.001,1.0078657312269665,1.0011480462139686,0.9504721095875917,0.9217803293494057,1.249444067276848,0.2828741368314784,2339822.5728475247,2039587.9939875903,2039587.9939875903,0.0,False,17,,1404.858871802933,111.56949836246284,110.38890247532557,210.8208675665212,0.8659500832688996,True,True,False
eval_0691,0.001,0.9921598696556224,0.941169549628647,0.8480816869667864,1.1701819690375124,0.8119494409422484,0.18382535342932504,2785090.226916515,1916653.4442874792,1916653.4442874792,0.0,False,17,,1326.0757767064542,117.9127155190046,106.10388271163019,210.78727374659113,0.8671546661935908,True,True,False
eval_0692,0.001,1.0350255066022003,0.9102827385795105,0.8871919630833229,0.9520094062042835,1.0273406827123053,0.23258993056606592,2374470.1287030578,1843193.107882331,1843193.107882331,0.0,False,18,,1281.37732725755,121.48241923049449,98.72089643483838,210.78390790479662,0.8672753772791918,True,True,False
eval_0693,0.001,0.9684241600975875,0.8538115452462773,1.24670392204027,0.9819758568516413,1.132988012495777,0.2565084860290439,2104586.0024706014,1737095.7280964733,1737095.7280964733,0.0,False,18,,1211.1928626403396,128.6270107682896,99.64965103259384,210.73214708120776,0.8691321905423312,True,True,False
eval_0694,0.001,1.0098224699263334,1.011450571483762,1.0867643259575703,1.027508667558945,1.117525660510831,0.25300780953965213,2537014.7290177895,2060803.205755087,2060803.205755087,0.0,False,17,,1418.4440273360535,110.55081284644754,111.19022382510326,210.8261302090064,0.8657614140159703,True,True,False
eval_0695,0.001,1.0395188709718455,1.0495811989703683,0.7356247219548503,1.0333972385758883,0.7920382867323086,0.17931746811619464,3149347.8059288277,2134620.683424672,2134620.683424672,0.0,False,17,,1466.715428162969,106.94384402926615,111.65685897293181,210.85142547677205,0.8648546931749646,True,True,False
eval_0696,0.001,0.8768178221695866,0.6758594156278229,0.9974699847469755,0.9318304514958233,0.837835411152816,0.18968593708499754,1942482.5729514076,1375472.1004617068,1375472.1004617068,0.0,False,18,,979.2769284006002,158.22907582299112,89.47009831418526,210.57683466141768,0.8747091835063988,True,False,False
eval_0697,0.001,0.9096530397063505,1.046502655480578,0.7272882645739698,1.0341742574078618,0.9572696723121774,0.21672585381147697,2893606.5447293557,2155182.0893556587,2155182.0893556587,0.0,False,17,,1474.1177049102685,107.22590623233027,127.26180368801127,210.81279009773425,0.8662396842520133,True,True,False
eval_0698,0.001,1.0755148888435995,1.013024939992844,1.1160475825267848,0.7532112528008927,0.9268984615798982,0.20984981170168895,2804213.594956496,2050678.0428822571,2050678.0428822571,0.0,False,17,,1414.8819135015065,110.39685269663326,104.54432323364247,210.8460212295712,0.8650483926976297,True,True,False
eval_0699,0.001,0.8507068618109334,0.9174148647327685,0.7152737294234611,1.0557439179871235,0.9153036832850839,0.207224753895743,2588756.0576611673,1894427.549751928,1894427.549751928,0.0,False,17,,1305.8032079404143,120.63827754612709,120.95073479365284,210.73338750668924,0.8690876821575032,True,True,False
eval_0700,0.001,1.0332944354439602,0.9054569293920596,1.0606984134083839,0.9871096025327258,0.8553652636382267,0.19365469568769453,2598400.7940925043,1833381.3192750034,1833381.3192750034,0.0,False,18,,1275.080779757918,122.06060150742142,98.4178737854383,210.7808059928723,0.8673866263123087,True,True,False
eval_0701,0.001,0.9597068195630114,0.8766541241053618,1.2292865190783988,1.0504005376280532,1.1823118145917222,0.2676753948235659,2110431.2989354646,1786958.2893085987,1786958.2893085987,0.0,False,17,,1242.4256456627938,125.63422755260883,102.95015859418001,210.742864397651,0.8687476539449821,True,True,False
eval_0702,0.001,1.239769543241206,0.9222175634162741,0.9066787713049544,0.9487715200782341,1.337864063744644,0.3028924240317874,2001918.5920780704,1828210.8349635745,1828210.8349635745,0.0,False,18,,1280.8664613200074,120.07668742717941,83.3823082116969,210.85199690581038,0.8648342125435367,True,True,False
eval_0703,0.001,0.911822767343025,0.9810905831036074,0.9953443244482028,1.0743149661412157,0.8752548332644955,0.19815769425108176,2827846.9103192957,2016900.4261135613,2016900.4261135613,0.0,False,17,,1386.217177739773,113.61007760562535,119.82468233481568,210.78355671965167,0.867287972252526,True,True,False
eval_0704,0.001,0.9294956247743944,0.9809215180219302,0.9383247835117396,1.0232512629756032,1.024452203770917,0.23193597893373558,2599863.04984595,2012971.201285686,2012971.201285686,0.0,False,17,,1384.4900975649264,113.62760915685244,117.52827343112008,210.78859230550879,0.8671073790211847,True,True,False
eval_0705,0.001,1.0008433330188102,0.7754041549147486,0.9553286558691623,0.811213088735306,1.2778048348114597,0.28929501460131446,1747039.7245428504,1565093.231187507,1565093.231187507,0.0,False,18,,1103.9931975524048,140.13190771787197,88.50553665862152,210.69181205085715,0.8705797594070188,True,True,False
eval_0706,0.001,1.1003835468994583,1.1054221437050111,1.0783334712660708,1.010162421232084,0.9358205228629863,0.2118697663761801,3055348.2275107866,2238650.4981544446,2238650.4981544446,0.0,False,17,,1535.5760883575965,102.08431820375681,110.50208028673615,210.89157843893852,0.8634158379224394,True,True,False
eval_0707,0.001,1.0139011147284622,0.6369964505755812,1.0420303860401756,1.0270741196129178,0.8305473622154018,0.18803592280556697,1801706.2068836913,1268641.0156677507,1268641.0156677507,0.0,False,18,,918.3280159877589,166.67993906444036,73.45048049509147,210.58558437872617,0.874394778041621,True,False,False
eval_0708,0.001,0.991920667412993,0.8446506194325462,0.7375683712370471,0.9119688695309497,0.9581764291347703,0.21693114355611198,2284863.357745651,1713238.9561421622,1713238.9561421622,0.0,False,18,,1197.1478709675825,129.86930837228329,96.35851710176921,210.73372852468373,0.8690754459962367,True,True,False
eval_0709,0.001,1.1417844073362506,0.6759085659959427,0.9056365898184604,1.0376322687235706,1.0314037688678832,0.23350981327168874,1692488.9274671385,1329390.2731416388,1329390.2731416388,0.0,False,18,,961.8770639064116,158.21894642812424,68.71174510756711,210.66092922135041,0.8716884764558447,True,False,False
eval_0710,0.001,0.9123908770855322,0.7680532575351053,1.1553244926514978,0.9443915062986563,0.8998667770603859,0.20372983832647135,2146486.742676658,1565725.3771211677,1565725.3771211677,0.0,False,18,,1100.5258561499281,141.32106136427205,96.26884251491731,210.65959658062417,0.8717363265871053,True,True,False
eval_0711,0.001,1.2305095808716993,1.0568845631586996,1.0381149126485696,0.9101855082606198,1.070460327900029,0.24235221823656658,2677666.9858851274,2110199.4346309467,2110199.4346309467,0.0,False,17,,1459.5666842739831,106.28086710527907,94.9147014947586,210.9104013152966,0.8627415210138455,True,True,False
eval_0712,0.001,0.8755661766114344,0.8845865912478804,1.0365450604818043,0.9096795428127822,0.9761748551429477,0.22100598720436335,2402189.5488641704,1819992.1759579726,1819992.1759579726,0.0,False,17,,1259.6911529377396,124.62848337276864,113.75416015520412,210.7224657932743,0.8694795881319625,True,True,False
eval_0713,0.001,1.1224212259674453,1.1328941163176127,0.7578719572251018,1.0482007879057929,1.2581021804014796,0.28483433364289495,2633768.3722680085,2291150.484403569,2291150.484403569,0.0,False,17,,1570.0446084330954,99.85934072790526,110.7462448541998,210.90828482875352,0.8628173367173639,True,True,False
eval_0714,0.001,1.0432339857984214,0.9203931851309914,0.7400962038546428,0.8419568421313901,1.066044071704298,0.24135237783385308,2350854.8871035036,1862845.5048042976,1862845.5048042976,0.0,False,17,,1294.1965573904602,120.28937365909678,98.9155532499478,210.79169896642026,0.86699596790096,True,True,False
eval_0715,0.001,1.1494083879157413,0.9801340612972728,1.0134001655594576,0.8743380219211574,0.9439224265121184,0.2137040373623436,2665090.280394789,1967038.1084379128,1967038.1084379128,0.0,False,18,,1364.9104580390976,113.7093405671235,94.97363746372717,210.85286884623588,0.8648029614746565,True,True,False
eval_0716,0.001,0.9981029119600191,0.9559999471986287,1.0439762999853799,1.1092570159436708,1.1213702369718597,0.253878221650429,2385878.867788366,1946715.2095960146,1946715.2095960146,0.0,False,17,,1345.395443743478,116.27517804453068,106.95749892369093,210.79646841959115,0.8668249320905334,True,True,False
eval_0717,0.001,1.0865541516058532,0.9496241487502921,0.719151747039479,0.8327171818883231,0.936318014691151,0.21198239852607656,2601124.2482868903,1915684.8361176425,1915684.8361176425,0.0,False,17,,1329.5943439862772,116.97333401177757,97.66418510199178,210.8194861878998,0.8659996081771276,True,True,False
eval_0718,0.001,1.0639320161618855,0.994882896559466,1.1860989107165327,0.9203809234038084,1.230662008944694,0.2786218788250787,2335986.129833499,2015076.4774344868,2015076.4774344868,0.0,False,17,,1391.7208191176123,112.19862854359037,103.98534770883481,210.8343959578314,0.8654651004066537,True,True,False
eval_0719,0.001,0.9228551732242152,0.9423844540540788,0.7365994881589004,1.0070793289242164,1.1057994932884987,0.25035300528051607,2384796.5127012767,1932994.331069231,1932994.331069231,0.0,False,17,,1333.407194488792,117.77676228257404,114.20376255269287,210.76755495605195,0.8678619071864809,True,True,False
eval_0720,0.001,1.0931359238949168,0.9110185209447699,0.9224421712157631,1.1389030729140384,0.9384817491403394,0.21247226800537283,2483377.4777485686,1833398.7684028891,1833398.7684028891,0.0,False,18,,1277.7146701606316,121.39476522998012,93.54044860018834,210.80171579625502,0.8666367665626437,True,True,False
eval_0721,0.001,0.8848831221768155,0.88542427472122,0.8833607350279958,0.8599198385599081,1.3637274869301241,0.3087479030409801,1951493.9733124129,1819959.0350264884,1819959.0350264884,0.0,False,17,,1260.0772965711324,124.52325108989653,112.65156052117696,210.7256861652589,0.8693640266721565,True,True,False
eval_0722,0.001,0.9105119020558187,0.6297200753037704,1.0107658889472824,0.8887049897932755,1.0633306649003451,0.24073806253343813,1575110.3919058205,1270767.6662195309,1270767.6662195309,0.0,False,18,,915.1665560333213,168.36672846830547,80.97140485135492,210.5457628644931,0.8758259042064104,True,False,False
eval_0723,0.001,1.0659868716868102,1.0490806874276486,0.8404035427634815,0.9964019207641504,1.056876877833758,0.23927692514156282,2712795.8062866814,2128073.5278011016,2128073.5278011016,0.0,False,17,,1463.709666692745,106.98959611929365,108.83790425071791,210.85889214449895,0.8645870885227918,True,True,False
eval_0724,0.001,1.0111258615983663,0.9130614722229635,0.5668651703437612,1.0567417999891504,1.242265784432105,0.28124897359542855,2126108.2679651305,1853712.710768434,1853712.710768434,0.0,False,17,,1287.0002540962028,121.15207656548648,101.32987194825844,210.7782650537667,0.8674777586826993,True,True,False
eval_0725,0.001,0.969084458640235,1.021501103025813,1.169751604654077,1.0442355731770214,0.8894846231190976,0.2013793186741637,2914085.0977951325,2090261.3979427703,2090261.3979427703,0.0,False,17,,1435.4048523939841,109.57559565099116,116.89558421854127,210.81884019065853,0.8660227685628896,True,True,False
eval_0726,0.001,1.0549690607095539,0.6731336120397626,0.8609635839052752,0.9916262598944452,0.985338583007312,0.22308065519285544,1745058.776675167,1338585.6768148185,1338585.6768148185,0.0,False,18,,963.8635398065333,158.79293764748604,74.09734865747994,210.63069963957307,0.8727740562936317,True,False,False
eval_0727,0.001,1.001276441406358,1.0343180587524052,0.7431620326464324,0.868694870784432,0.8903341139997369,0.20157164340954042,2943636.9958741236,2110542.3596021417,2110542.3596021417,0.0,False,17,,1449.7192064593391,108.35773018445549,114.40886512916308,210.83380054494793,0.8654864442105367,True,True,False
eval_0728,0.001,1.1309217620425092,1.0696653340481763,1.005139899352582,0.9975337722170698,1.1596990537640743,0.2625558657721864,2606970.7997023915,2157550.854500692,2157550.854500692,0.0,False,17,,1485.314669773904,105.14113646562629,104.3922712522843,210.8863116343376,0.8636045392143552,True,True,False
eval_0729,0.001,0.9275508195373079,1.0917008971309108,0.833441768494244,0.8749597866902523,1.2548300501607044,0.28409352335638344,2576609.8074759124,2246623.260463414,2246623.260463414,0.0,False,17,,1533.0874686975635,103.23506138417504,129.63093123695984,210.83676920354702,0.8653800277128936,True,True,False
eval_0730,0.001,1.185092659221508,0.8110737701409824,1.0145445127817299,0.8172656651117616,1.1227306641433934,0.25418622236206423,1960636.823915807,1606252.1542887595,1606252.1542887595,0.0,False,18,,1138.0492221735385,134.64378562731588,77.79200284254314,210.77239649637716,0.8676882465620838,True,True,False
eval_0731,0.001,1.0844580705373694,0.8954538960236587,0.6516338817370269,0.990147757003952,1.0687318477962404,0.24196089034106882,2270517.841218923,1802430.1927566037,1802430.1927566037,0.0,False,18,,1257.7004395663485,123.27750087168519,92.84894811741403,210.7907587826367,0.8670296844393783,True,True,False
eval_0732,0.001,1.0084768268701834,0.8123092987189751,1.147085101395296,0.8619643397297151,1.2273419342147007,0.27787021390620825,1887496.0694960814,1641719.2825594612,1641719.2825594612,0.0,False,18,,1152.7112259922033,134.46165004177686,91.53964314572596,210.71864975074863,0.869616529507896,True,True,False
eval_0733,0.001,1.198535113940298,0.9010336274597006,1.0010373899563827,0.8665544167583179,0.8979335023700664,0.20329214493658304,2487071.147211187,1792038.631409547,1792038.631409547,0.0,False,18,,1256.1215343297815,122.59561356737969,84.47882815837494,210.82840101809754,0.8656800069002554,True,True,False
eval_0734,0.001,1.1041630741405095,1.0927946652673008,1.0630392580479173,1.099103484211605,0.930620993059347,0.21069259282863614,3026096.8416603943,2211467.8458905844,2211467.8458905844,0.0,False,17,,1518.4461666080683,103.14233443786559,108.99420271467514,210.88775914748567,0.8635526761648089,True,True,False
eval_0735,0.001,1.1482096866192546,0.8132871199389256,0.9075097412143924,1.0676682880791815,0.9828334118051951,0.22251348443269617,2131817.488485613,1617746.0816572425,1617746.0816572425,0.0,False,18,,1143.6895676280587,134.3178661282072,80.48567389554935,210.76229071070588,0.8680507388199551,True,True,False
eval_0736,0.001,0.9641282048030699,1.011126849485501,0.6551020305721468,0.8919345148092921,0.8669428863722761,0.1962758694746833,2920450.3608862488,2069472.3311035784,2069472.3311035784,0.0,False,17,,1421.959333715474,110.58252580992315,116.42661779249954,210.81273046603002,0.8662418223063006,True,True,False
eval_0737,0.001,1.0828474173003049,0.8560102822856177,0.7896496258041819,0.8285984551371087,0.9080150563952368,0.2055746087678816,2364338.512853616,1719934.1174300183,1719934.1174300183,0.0,False,18,,1205.3492924373018,128.33250641428555,89.32430243091565,210.76804243325546,0.86784442156441,True,True,False
eval_0738,0.001,0.9860082830583932,1.018604768154243,0.774675683999233,0.9475905355310715,1.0531145710588496,0.23842513888772354,2651820.3515775483,2080698.8829814103,2080698.8829814103,0.0,False,17,,1430.0608552958079,109.85478203769492,114.59721009006574,210.82243754236137,0.8658937975991219,True,True,False
eval_0739,0.001,0.9366669325274872,0.9670581436036552,1.1383226392468782,1.0446020043309163,0.9755074951784409,0.22085489690839902,2628803.655607869,1982342.86168594,1982342.86168594,0.0,False,17,,1365.3139915542008,115.08467575483493,115.1518415714316,210.78394921752874,0.8672738956339758,True,True,False
eval_0740,0.001,1.0672140288647904,0.8911436966572394,0.7644083985655626,0.931022909128572,0.9931651127459822,0.22485258152569035,2358072.90216682,1796717.490381887,1796717.490381887,0.0,False,18,,1253.3224697770795,123.80966839234694,93.94366274873772,210.78320493390686,0.8673005888079663,True,True,False
eval_0741,0.001,1.0546618430232395,1.0416390191263976,0.6900799009831529,1.0024483080505793,1.1588329537367112,0.2623597807259914,2551225.578064927,2114845.4499677257,2114845.4499677257,0.0,False,17,,1454.7962463932838,107.67470946143227,109.30666207669037,210.85243826815898,0.8648183937181678,True,True,False
eval_0742,0.001,1.2193200002259412,1.1089423422467306,0.8254787012252283,0.9378940583757468,0.8666371828852476,0.19620665820522004,3155421.042630176,2220701.3884477164,2220701.3884477164,0.0,False,17,,1529.3803340224772,101.79341605481787,100.00833300552128,210.9274812592722,0.862129747637868,True,True,False
eval_0743,0.001,0.9680856186597318,1.0809473148394466,0.962956810688482,0.975204872171998,0.8155547709961513,0.18464160015352862,3224347.8749432843,2215411.166740218,2215411.166740218,0.0,False,17,,1514.9969808801588,104.15611782143502,123.10480994588781,210.84392786623576,0.8651234258859292,True,True,False
eval_0744,0.001,0.9166595153251835,0.793791558603364,0.7447747426114585,0.9241521046560157,1.2014622865200901,0.27201106166814837,1882855.8080080024,1619583.415199145,1619583.415199145,0.0,False,18,,1134.7220710037284,137.2461398694748,98.66551458563528,210.67860741117212,0.8710537762282097,True,True,False
eval_0745,0.001,0.948437408222039,1.085335441085609,0.8084398737156142,1.1314242389903453,1.0557226815327778,0.2390156150990209,2841386.8773680516,2228794.645517972,2228794.645517972,0.0,False,17,,1522.654642893489,103.77819684795105,126.11268703535211,210.84011885847656,0.8652599573673401,True,True,False
eval_0746,0.001,1.066653259221174,0.9257872586345295,1.081164442405974,0.9885178781794587,1.045679593388048,0.23674185994305408,2387193.478418664,1869580.4975804808,1869580.4975804808,0.0,False,18,,1299.4925554008898,119.66278904312321,97.25035359737544,210.80149468690763,0.8666446951272818,True,True,False
eval_0747,0.001,0.9988712062158355,0.9723991333071791,0.9388741587886666,1.0617422532825225,1.233240824651352,0.2792057227010661,2288966.0359170977,1981077.4319032861,1981077.4319032861,0.0,False,17,,1367.2337844823853,114.51873280497728,108.51444331639622,210.804709677118,0.8665294132725101,True,True,False
eval_0748,0.001,0.8180330786757872,1.0029436347343947,0.9492376192801772,0.9533698988678088,1.1358716010939818,0.2571613304876775,2530158.3113479214,2082137.5384120215,2082137.5384120215,0.0,False,17,,1423.6341318833229,111.39054617667946,136.22423440536852,210.76704174079367,0.8678803161101991,True,True,False
eval_0749,0.001,1.1116428301613448,0.9336749262417752,1.0576215428288298,0.9352749573730121,0.823538965468525,0.18644922178207404,2715366.075442491,1877275.2360789657,1877275.2360789657,0.0,False,18,,1306.3432142664035,118.75868421736565,94.02490998090957,210.8189984036556,0.866017096274699,True,True,False
eval_0750,0.001,1.2166528969515016,1.104829891447457,0.8661600033536736,0.936170319016423,1.2726778125041622,0.28813425675094234,2525037.2381247464,2212720.8440446784,2212720.8440446784,0.0,False,17,,1524.185375946732,102.13343224655395,99.89389641403702,210.9251472072766,0.8622133434063951,True,True,False
eval_0751,0.001,0.9657912145047709,0.7525164496387236,0.7569031177942642,0.8127657946466688,0.9338340349067986,0.2114200255028992,2048993.8255956203,1523034.183005869,1523034.183005869,0.0,False,18,,1075.9062706702139,143.90449349653662,89.31326562163655,210.66485839843227,0.8715473979645433,True,True,False
eval_0752,0.001,1.0417908100054012,0.8592869753709491,0.8991092641874752,0.9919628406491203,1.3128670172609622,0.29723309270788184,1911974.5521068238,1734656.2933590477,1734656.2933590477,0.0,False,18,,1212.8611276258675,127.89620736523749,93.16126705251712,210.75748967803122,0.868222962962098,True,True,False
eval_0753,0.001,1.1854198772477862,0.952740397787954,1.1704147757055887,0.8637187237728995,1.106401489720432,0.2504892972727058,2357610.3894655765,1902581.8933656735,1902581.8933656735,0.0,False,18,,1325.6249582390024,116.63101293062105,89.78159613723814,210.85063878873788,0.8648828891019741,True,True,False
eval_0754,0.001,1.062164925671969,0.8730760191826454,0.9526554981529876,1.0215701307141811,0.8575972951434001,0.19416002762046577,2489391.3717227234,1759741.9932870963,1759741.9932870963,0.0,False,18,,1229.6588223663894,126.09343390111822,92.68066610971003,210.77159199177854,0.8677171026875268,True,True,False
eval_0755,0.001,0.951095784685228,0.9757269266324099,0.9904148404789119,1.0862820988514044,0.9737794367462886,0.22046366447935975,2653152.7652179752,1997680.6956247946,1997680.6956247946,0.0,False,17,,1375.7057352965246,114.16903916140589,114.31440805032639,210.79236564358007,0.8669720599426327,True,True,False
eval_0756,0.001,0.9874662748861931,0.9352149121025456,1.141928317467824,1.0043432753728845,0.9905205947938039,0.2242538626613172,2504686.0611526347,1905035.321001316,1905035.321001316,0.0,False,17,,1318.5043385068948,118.5838246287873,106.00487771790452,210.78284493719036,0.8673134998878986,True,True,False
eval_0757,0.001,1.0516775671702534,1.058213944636714,1.245442016371626,0.9083072859190418,1.235260383610315,0.2796629508493753,2492448.918390117,2150170.0546626383,2150170.0546626383,0.0,False,17,,1477.1422168079534,106.16111435286797,111.17969949478922,210.85857409890082,0.8645984868599477,True,True,False
eval_0758,0.001,1.1025260712294374,1.0276520650041778,1.0719281254642927,0.9206504162049134,1.0207653876822493,0.23110128377126124,2698118.6326394984,2075722.6227152979,2075722.6227152979,0.0,False,17,,1432.0028885714632,108.98757858185732,103.30175574919447,210.86038291374223,0.8645336617663804,True,True,False
eval_0759,0.001,0.9318492604400127,0.9697667656499132,0.8299985542576691,0.9534426492392232,0.9975414051791754,0.2258433741325653,2605980.6473713852,1989012.3825051293,1989012.3825051293,0.0,False,17,,1369.3471566314056,114.79693674163025,116.03729879944406,210.78387409634567,0.8672765897903216,True,True,False
eval_0760,0.001,0.9813677261402027,0.850289965878589,0.9297272899129703,0.9011780430711638,1.2326424203964856,0.2790702439777643,1983497.267896701,1727180.8576344252,1727180.8576344252,0.0,False,18,,1205.4905241139415,129.10163583667116,97.97382374338603,210.73393633621788,0.8690679894723489,True,True,False
eval_0761,0.001,1.1049690702719859,0.7617693197833476,0.8469711182797196,1.0188654057774893,1.147620178328742,0.2598212083736272,1819203.7291044614,1517343.513410811,1517343.513410811,0.0,False,18,,1078.4014500111891,142.35430202923192,78.9137818226824,210.7146966652546,0.8697583939977547,True,True,False
eval_0762,0.001,1.001224554756968,1.0150037387024327,0.9683747552887654,1.0410305723520423,0.8861674344043675,0.2006283071491488,2892135.9190912303,2070018.4079796239,2070018.4079796239,0.0,False,17,,1423.9310882514299,110.20397707173423,112.49800346844265,210.82523299943352,0.8657935789132111,True,True,False
eval_0763,0.001,1.1103104248019238,0.709123335624674,1.0760152003029564,1.0658403417711948,1.4214761887983274,0.32182220914394133,1448525.6277752903,1405073.8158044657,1405073.8158044657,0.0,False,18,,1008.0685737444319,151.66643683439943,73.7122509515602,210.6775760913068,0.8710908007899857,True,True,False
eval_0764,0.001,1.0324092047773656,0.8339590648494514,0.8966810267559833,1.0436347168361633,1.037077265085287,0.23479429281530897,2149156.0728353364,1682974.888528278,1682974.888528278,0.0,False,18,,1179.8073015774085,131.35105743201103,91.53519969946649,210.7394975587481,0.8688684516861824,True,True,False
eval_0765,0.001,0.9734298048755756,0.8850036504490677,1.0542578823344173,0.9738081323987786,1.1348228097408275,0.25692388412532335,2184621.436992913,1801923.9215721332,1801923.9215721332,0.0,False,17,,1252.5149604878493,124.5760680527765,102.36095190078484,210.7516888810584,0.8684310614289251,True,True,False
eval_0766,0.001,1.1189471283256487,0.8512076830691053,0.6989113895457189,1.1076487601182188,0.9565263916049289,0.21655757505935588,2279493.073916265,1702962.1791619333,1702962.1791619333,0.0,False,18,,1196.2127052249054,128.97759932233407,86.01015287704658,210.7762605224473,0.8675496540027252,True,True,False
eval_0767,0.001,1.2364999039715132,0.9152137549363624,1.0567649958311287,0.7297218938195567,1.3010784015468186,0.2945641501101997,2024624.3373124492,1814253.0767245905,1814253.0767245905,0.0,False,18,,1271.8741177386255,120.89749017431521,83.03519363160004,210.84741959874972,0.8649982712693466,True,True,False
eval_0768,0.001,1.044350448214444,0.8398997558989952,0.9616047153460108,0.9371617808793135,1.288782269193897,0.2917803057454983,1888245.5460866643,1693262.4434439326,1693262.4434439326,0.0,False,18,,1186.8250972973597,130.52342871389638,91.06234786294637,210.7467469906386,0.8686083564189939,True,True,False
eval_0769,0.001,1.0594564983440353,1.0036473492123925,1.0030826700205857,0.9928106609884595,0.9770121604993821,0.2211955531370601,2704435.1530651264,2034328.835653882,2034328.835653882,0.0,False,17,,1403.7745181284977,111.32057594078537,105.24827850547925,210.83709028622943,0.8653685181504965,True,True,False
eval_0770,0.001,1.1051964778622865,1.0019412626183668,1.0591232038306169,0.9407995878456762,1.2162320235235868,0.27535493012574,2363486.1551481043,2021467.307183422,2021467.307183422,0.0,False,17,,1397.598801831853,111.49037071277417,100.73878835059777,210.84976957372385,0.8649140431484327,True,True,False
eval_0771,0.001,0.8533074564309585,0.8637781580825983,0.7967156304893294,1.1211590668007165,1.1417318223427542,0.25848808457839956,2143526.6757739945,1780192.2349647763,1780192.2349647763,0.0,False,17,,1233.4822573674614,127.3031776593374,114.26909550345133,210.70381246658806,0.8701490230454667,True,True,False
eval_0772,0.001,1.084130378918737,0.9032317299150303,1.197489993531206,1.0179200494199006,0.9885523069384381,0.22380824229086238,2395051.228714293,1818814.9093616223,1818814.9093616223,0.0,False,18,,1268.0737782281922,122.32913761171504,93.59704691218475,210.79486029214237,0.866882599761583,True,True,False
eval_0773,0.001,1.2847177933911185,1.0046609123998014,1.0378421338996637,1.0801023950880164,0.8911770534626274,0.20176248490393883,2786117.649173666,1990762.6536806237,1990762.6536806237,0.0,False,18,,1385.9664866898017,111.21995871769748,86.87265728489204,210.90454927670564,0.8629511534741439,True,True,False
eval_0774,0.001,0.958284151441993,1.1668411303973611,0.7703889703789908,1.0893782037248907,0.9991957872683646,0.22621792623755774,3159804.427284518,2397621.6000795905,2397621.6000795905,0.0,False,17,,1630.8145350052553,97.24661160414522,133.20017367666074,210.87404634530583,0.8640440216875414,True,True,False
eval_0775,0.001,1.0852211464122554,1.0585959959889153,1.0297638973095413,1.001075661700798,0.8688446618443649,0.19670643144156422,3032451.747400393,2143974.742975023,2143974.742975023,0.0,False,17,,1474.6708875190668,106.12675081925164,107.77808404198402,210.86846476025508,0.8642440346188834,True,True,False
eval_0776,0.001,0.8710560997313382,0.7440313422074903,1.0511914210418336,0.7658862580862912,1.1083399920848394,0.2509281742080076,1853860.052457311,1522168.0080002162,1522168.0080002162,0.0,False,18,,1071.2376450310599,145.35708068229815,98.03728064269981,210.6295757039827,0.8728144241507682,True,True,False
eval_0777,0.001,0.9356181770676307,0.8267997403846483,1.0924279678471283,1.0755422671765116,1.0119807236134264,0.22911243582607974,2178376.598077037,1686079.4766805263,1686079.4766805263,0.0,False,18,,1177.5397560795989,132.36305021767305,100.23240648286601,210.70576461325314,0.8700789584001826,True,True,False
eval_0778,0.001,0.9818735006547935,1.1019056235036546,1.1591665006023584,1.1224965638391362,0.8725536530735718,0.19754614705585666,3183505.4656649055,2256497.780056159,2256497.780056159,0.0,False,17,,1541.759259729303,102.37666314145231,123.48581302297546,210.85625572397967,0.8646815754157384,True,True,False
eval_0779,0.001,1.203217300369856,0.8790858248939033,0.9304456988237522,1.0717183353591866,1.4152875747312992,0.32042110691916614,1830100.2157738665,1745325.1843025386,1745325.1843025386,0.0,False,18,,1226.7131597829878,125.32412701515143,82.31800163740908,210.81798123297588,0.8660535642567834,True,True,False
eval_0780,0.001,1.1135914239541345,0.8776613494933936,0.9397492255632606,1.0176830799866399,1.1883117340047067,0.26903377657866556,2076846.6491736858,1759506.8013889657,1759506.8013889657,0.0,False,18,,1231.765998152772,125.50558867991928,88.81465476476309,210.78977270801988,0.8670650470217799,True,True,False
eval_0781,0.001,1.002165714036193,0.8906785930707389,1.1156403329286326,0.9799784596785819,0.9327550671250596,0.2111757471971135,2451259.5415267874,1808324.0211318529,1808324.0211318529,0.0,False,18,,1257.8308358728652,123.8673791684156,99.99472385127243,210.76343254049902,0.8680097799002819,True,True,False
eval_0782,0.001,0.9651426898004509,0.9200602561810229,0.9984181690769949,0.8074885633829607,1.004576514192596,0.22743612281320372,2447060.8427149486,1877484.7375059924,1877484.7375059924,0.0,False,17,,1300.060153604434,120.32827123334998,106.88441188684487,210.76835201437927,0.8678333170491209,True,True,False
eval_0783,0.001,1.000485997561311,0.644615111509391,0.8684741924775562,0.8033661960427303,1.3070274969742033,0.2959110253149596,1399541.0621992801,1287208.5455314182,1287208.5455314182,0.0,False,18,,929.3551585978971,164.95067869527193,75.21569159899207,210.58826140875024,0.8742985889684016,True,False,False
eval_0784,0.001,0.9961425842634368,0.8870486230299696,1.0864560815519817,1.028660299247813,1.2043150320690836,0.2726569232604405,2105502.9225729373,1801843.1160946705,1801843.1160946705,0.0,False,18,,1253.4580819580633,124.31972125989579,100.23330273372198,210.75961293912042,0.8681467957100784,True,True,False
eval_0785,0.001,0.8645291248620519,0.9924799987817718,0.9319279312939266,0.914136399461607,1.0005673100765118,0.22652843900132225,2681583.916375432,2050522.1160340975,2050522.1160340975,0.0,False,17,,1405.5449992931397,112.44189220288702,127.69262079912133,210.77537969357078,0.8675812465951006,True,True,False
eval_0786,0.001,1.0057803360919952,1.0804203469591782,1.0006156543456866,0.8584433969402313,1.041538667753738,0.23580435437944625,2836328.6213760134,2206345.9851238173,2206345.9851238173,0.0,False,17,,1510.8771873785035,104.2016962737154,118.43924912840335,210.8544893468496,0.8647448820735943,True,True,False
eval_0787,0.001,0.9855103272503761,0.9361498125715286,1.1778792369305706,0.9776196099906593,1.108800734568947,0.2510324863064096,2351165.0604853015,1907393.1000335102,1907393.1000335102,0.0,False,17,,1319.9136708001608,118.4779316437577,106.31019905037375,210.7827482476993,0.8673169676096744,True,True,False
eval_0788,0.001,1.1545817708526969,0.9166459683439516,1.1106148392659565,1.009888297542612,1.1742825659869323,0.26585757293944146,2185700.859558911,1833201.0685064567,1833201.0685064567,0.0,False,18,,1280.2857432102574,120.72869464986157,89.05091238164027,210.82320954005965,0.8658661207879833,True,True,False
eval_0789,0.001,1.1013722659043692,0.8238646015364905,0.9724017353472858,0.9711676097401434,0.9789943805233525,0.221644327750487,2176230.813045874,1648729.5436542535,1648729.5436542535,0.0,False,18,,1161.2010527974985,132.78263316215165,84.87859105553039,210.754392323919,0.8683340763792725,True,True,False
eval_0790,0.001,1.0496602422069703,0.6857400958783998,0.9436340734911262,0.9517266342415385,1.3841109501259448,0.3133627191085139,1432050.2398041226,1366234.0476056875,1366234.0476056875,0.0,False,18,,981.0092479588867,156.21930176968937,75.69899862805886,210.6395420900355,0.8724564812555218,True,False,False
eval_0791,0.001,1.0024497997502557,0.9197197723183561,0.8001231295720801,1.0784732760972355,0.7224584168827808,0.16356458558226156,2857774.5929730004,1869434.49226603,1869434.49226603,0.0,False,17,,1296.5883161139734,120.36807858270087,102.87257559788178,210.77921394593824,0.8674437258143745,True,True,False
eval_0792,0.001,1.2231741663823616,1.1319139735480381,0.8709341241468616,1.1087169430746613,0.9864415999921828,0.22333037823823018,3017604.5573165026,2267519.9487887057,2267519.9487887057,0.0,False,17,,1559.3962740028387,99.936971771773,101.5451274492282,210.93710571140576,0.8617850604322129,True,True,False
eval_0793,0.001,0.9691487107348953,0.7630706242398184,0.8109506256299043,0.9948322112153959,1.25347421595474,0.2837865624921531,1744466.3717156816,1544784.5613283666,1544784.5613283666,0.0,False,18,,1089.783400376911,142.13905250304524,90.1093249635479,210.67344875101108,0.8712389766496309,True,True,False
eval_0794,0.001,0.9896607243771556,0.8609099229064989,0.6132708513239526,0.8868967877462985,0.7532663855509666,0.17053950968873882,2619538.381030949,1748012.6015654658,1748012.6015654658,0.0,False,18,,1219.0445775013752,127.68124717007315,98.233614316663,210.7427174689387,0.8687529254729311,True,True,False
eval_0795,0.001,1.1084441716753053,0.7834318088023288,1.1601268045736315,0.9866889609563378,0.7582379499130589,0.17166507186031654,2334315.668993732,1562306.7291672623,1562306.7291672623,0.0,False,18,,1106.9434164447784,138.85671044456925,80.64786562124038,210.7305819223912,0.8691883516091815,True,True,False
eval_0796,0.001,1.1460856599026412,0.9715437157669453,0.5969734475015626,1.0235945903895645,1.3190225330995973,0.2986267014937488,2158067.071758275,1949736.130019044,1949736.130019044,0.0,False,18,,1353.792372815212,114.6089838864577,94.50131113011469,210.84784468104536,0.864983035273109,True,True,False
eval_0797,0.001,1.0274479236567493,1.0007191315852455,0.9632872835780621,0.9956859935783527,0.9697683917662465,0.21955556389587821,2714063.123632594,2034704.9752871175,2034704.9752871175,0.0,False,17,,1402.610079408568,111.61233382308286,108.24343520531623,210.8263852044433,0.865752272498264,True,True,False
eval_0798,0.001,1.1108037591221602,1.0430741460873763,1.1185684890204057,0.8387836455743549,1.2247187404663737,0.277276322841587,2455740.282066888,2106229.2048213137,2106229.2048213137,0.0,False,17,,1451.7768822323906,107.54187145110427,103.91031087006583,210.86942162767338,0.8642097450661999,True,True,False
eval_0799,0.001,0.991369670631349,1.1470351247537744,0.9587973730496397,0.9055737312984914,1.0213461542333293,0.23123276931842573,3058358.049146086,2348931.6856521056,2348931.6856521056,0.0,False,17,,1601.1802424454831,98.75324903403126,126.79045298674896,210.87614257118548,0.8639689073582215,True,True,False
eval_0800,0.001,1.1964024873077799,1.023789082987648,1.1194618498239823,1.062104536659342,1.1038697076874242,0.24991610182043283,2548763.2432465316,2048429.920487462,2048429.920487462,0.0,False,17,,1418.7642712638144,109.3560969435692,94.87532271893842,210.88642138102324,0.863600607067757,True,True,False
eval_0801,0.001,1.040498958629172,0.8962539011623591,0.7373350056137093,1.0405949984734235,0.9597339593083744,0.21728376838741595,2422725.9445439056,1812627.7028960004,1812627.7028960004,0.0,False,18,,1262.2385499062812,123.17924967265598,96.84882821793474,210.7779742454397,0.8674881888453683,True,True,False
eval_0802,0.001,1.1352543309669478,0.8893702652159279,1.0152146899934924,1.0942676732190029,0.8827454472795491,0.1998535692640899,2487353.1112616016,1779869.3833549689,1779869.3833549689,0.0,False,18,,1245.6264104835116,124.03001900369608,88.1563493135912,210.80282979015655,0.8665968210930453,True,True,False
eval_0803,0.001,0.9573106912752817,0.8044177721879106,1.083875318655275,0.966732080182158,1.4384142290731505,0.32565698146216127,1678615.897229997,1634560.6929674367,1634560.6929674367,0.0,False,18,,1145.9551280531625,135.63384815183338,95.59883107462144,210.69797249678166,0.8703586336001219,True,True,False
eval_0804,0.001,0.9903197974312207,0.8717563804512939,0.9857859713797141,1.1137064637827079,0.8935714526939911,0.20230457688991957,2451150.1252054614,1770743.6170681878,1770743.6170681878,0.0,False,18,,1233.485390130401,126.26367546752587,99.27038046994011,210.7492083517365,0.8685200517236971,True,True,False
eval_0805,0.001,1.1760550214603003,1.0714566625809319,1.1096111874594885,0.9522213136478002,1.05044356875746,0.23782042396668895,2759173.9239620445,2151844.492986214,2151844.492986214,0.0,False,17,,1483.66702604159,104.9834355285404,100.53682211604293,210.90023643837895,0.8631056559558312,True,True,False
eval_0806,0.001,1.0143749530640545,1.1716080592442757,0.8077314903915618,0.9716007333349532,1.0801738151788394,0.24455135175648923,3024571.6831357563,2395322.1906241938,2395322.1906241938,0.0,False,17,,1631.800368651555,96.8911765214123,126.29635834815619,210.891510207649,0.8634182824815363,True,True,False
eval_0807,0.001,0.9489930291723375,1.0538815630382954,0.8345883468201604,0.900550648933214,1.278624157719601,0.2894805093077176,2446612.7689210805,2162510.5514182593,2162510.5514182593,0.0,False,17,,1480.5002120033082,106.55242597988627,122.75726679523915,210.82719578280012,0.865723213629438,True,True,False
eval_0808,0.001,1.1303970588234673,0.8996839567592542,0.967611895626088,0.8283354499622527,1.3184823256446232,0.2985043985259427,1988107.0788882398,1802402.6727958838,1802402.6727958838,0.0,False,18,,1259.6986634922735,122.75983355162491,89.45121934359567,210.80693495365904,0.8664496222405289,True,True,False
eval_0809,0.001,0.8720398280063555,0.6469580389374577,1.1276877161304546,1.0364492461064228,0.8263731952398499,0.187090891402302,1865173.0265620612,1314386.6565553667,1314386.6565553667,0.0,False,18,,940.773014837018,164.42628989731193,86.56971676972442,210.54969907789916,0.8756844184239466,True,False,False
eval_0810,0.001,0.9889896451833585,0.9729664672864949,0.7782340759949167,1.109804773429672,1.0235274176948983,0.23172660736612496,2565723.3657738566,1984253.8597997052,1984253.8597997052,0.0,False,17,,1368.8218860293628,114.45895781583144,109.65590992279267,210.8020902475983,0.8666233394808593,True,True,False
eval_0811,0.001,0.9175920770370987,0.7657889082463024,0.5758460663684712,1.0129489615170828,1.4019700420942862,0.3174060175301464,1626890.222025348,1559965.676107931,1559965.676107931,0.0,False,18,,1097.116031172647,141.69158523462903,95.47284417593423,210.6595809506687,0.8717368878037896,True,True,False
eval_0812,0.001,1.063580615145967,1.0318750870019702,1.1347031563976098,1.105368228222316,1.2823927688438814,0.29033372286625475,2364395.4680213444,2092565.2124717485,2092565.2124717485,0.0,False,17,,1441.0106170628283,108.58767308865042,107.47875688642961,210.85082774627946,0.8648761165975994,True,True,False
eval_0813,0.001,1.199342774995808,1.0413536663766605,0.9899420222298385,1.1129554666063934,1.1424923531667563,0.25866026875695364,2541887.5407396844,2084362.710261941,2084362.710261941,0.0,False,17,,1441.755945619464,107.70116317603252,96.097006176535,210.8947575598962,0.86330193960034,True,True,False
eval_0814,0.001,0.9883132682202583,1.0367378541263217,0.7013357246343521,1.1176548246879126,0.884935120933267,0.20034931137929163,2962951.6375840474,2118303.385797332,2118303.385797332,0.0,False,17,,1454.0901354207701,108.13097060364423,116.15257644269401,210.8311105861986,0.8655828728372561,True,True,False
eval_0815,0.001,1.189994938434232,0.9391069222539257,0.8715386476068556,0.9260764298038354,0.9046662230354195,0.20481643289521897,2592661.794669036,1873202.3589796736,1873202.3589796736,0.0,False,18,,1307.2005270909765,118.14428335482174,88.2908602450011,210.8453289814635,0.8650732050350673,True,True,False
eval_0816,0.001,1.1422479101767538,0.9878778578036782,0.898041616516687,0.9123579635038738,1.3173201328997366,0.2982412780885004,2200137.964875572,1984623.6797952852,1984623.6797952852,0.0,False,17,,1375.7846154593674,112.91089081358597,96.24482092468973,210.85432406158952,0.864750805923655,True,True,False
eval_0817,0.001,1.0061126558442253,0.6267315309509713,1.0664690565982005,0.9284297589702377,1.067373698645736,0.24165340537339464,1546743.7574434509,1248056.122848124,1248056.122848124,0.0,False,18,,905.1180656535171,169.0697498945087,72.97280703597433,210.5734859468709,0.8748295204964721,True,False,False
eval_0818,0.001,0.9997936252517248,0.9943796288269515,0.5985686112165384,0.9937445928200522,1.1195775560362415,0.25347235868660506,2490649.462430794,2027025.2584149314,2027025.2584149314,0.0,False,17,,1396.5113626331738,112.24948713451191,110.60604059421534,210.8153863413747,0.8661465988710192,True,True,False
eval_0819,0.001,0.8295286472257419,0.8691448592654596,0.8849599838816761,0.793884393321333,1.4090678518759636,0.31901296166471815,1877639.125412112,1796153.9433446191,1796153.9433446191,0.0,False,17,,1242.5644071351196,126.60198998235768,118.19569369595278,210.69998465119886,0.8702864112291578,True,True,False
eval_0820,0.001,1.245323352044615,0.8052809163486847,1.077045460101805,0.9629826692248924,1.2744462726440715,0.2885346361266178,1781548.5084157742,1582978.4826165433,1582978.4826165433,0.0,False,18,,1125.9976564719193,135.5046067475716,73.55926524674014,210.7876753248463,0.8671402644231846,True,True,False
eval_0821,0.001,1.026184453871666,0.843373734718476,0.7130266995237666,0.8675499376646286,1.0306075079735588,0.2333295398052137,2184506.8524173694,1704037.9317100812,1704037.9317100812,0.0,False,18,,1192.834956121014,130.04444603462622,93.01571626747155,210.74332518264333,0.8687311218871985,True,True,False
eval_0822,0.001,1.047819748986214,1.06076633730823,0.9196708300826186,1.0181519334345615,0.9826496744736253,0.22247188630082876,2862412.890584916,2156320.345454793,2156320.345454793,0.0,False,17,,1480.8865530591077,105.93198101830694,111.83040585972526,210.8585204888707,0.8646004081765098,True,True,False
eval_0823,0.001,0.8590488161470123,1.0098092008892579,1.1784476643619055,0.832402047509372,0.7992149343139985,0.18094226112868925,3055900.324508783,2088238.3633393506,2088238.3633393506,0.0,False,17,,1429.307160369813,110.7118038120446,130.51541370817816,210.78193076555718,0.8673462863379837,True,True,False
eval_0824,0.001,0.99004719910053,0.9467296273767016,1.1228015661808448,0.9107386955960628,1.1971657994742706,0.27103833700097485,2268716.152369296,1928789.7771689764,1928789.7771689764,0.0,False,17,,1333.6780614406562,117.29318030096934,106.89192869954225,210.78946599135884,0.867076046554207,True,True,False
eval_0825,0.001,0.9517404929455174,0.9753993147740025,0.8755247003534213,0.8359605197070077,0.8220627012912118,0.18611499557233036,2886090.159861639,1996861.7183274971,1996861.7183274971,0.0,False,17,,1375.2128244437063,114.20336659549588,114.20263402522697,210.79239512003525,0.8669710028799666,True,True,False
eval_0826,0.001,1.1229143387063305,1.1175646163404669,0.8088550023022278,1.1636185659547904,1.0711036209200264,0.24249785977629398,2866254.404223007,2259150.701710432,2259150.701710432,0.0,False,17,,1549.6407026135687,101.0881816432247,109.35195774318368,210.902709773829,0.8630170507800423,True,True,False
eval_0827,0.001,1.0601589216690808,1.0328049246394133,0.7025368645769112,0.9025748581210699,0.9467825690909366,0.21435157364218804,2834811.4584794203,2095216.5714091812,2095216.5714091812,0.0,False,17,,1442.547592857325,108.50003258998366,107.91274343891708,210.85023366533318,0.8648974093361931,True,True,False
eval_0828,0.001,1.2334460791654092,0.9140281933303173,0.9818547783947449,0.7241786543622377,1.2947866104615224,0.29313968860848866,2029036.5522169992,1812375.9794970627,1812375.9794970627,0.0,False,18,,1270.5497804661395,121.03758838406442,83.1444268625123,210.84587427273635,0.8650536600766286,True,True,False
eval_0829,0.001,1.1640543006385815,1.1078330466622877,1.149116069716647,0.8840178484231372,1.1790517383792223,0.2669373135690559,2671695.52691486,2230138.0168755925,2230138.0168755925,0.0,False,17,,1532.9544369606044,101.88489817964016,104.6623590319736,210.91094093907114,0.8627221911291315,True,True,False
eval_0830,0.001,1.0533267522674146,1.1146740552546048,0.9467812596661145,1.024255178765119,1.005503335540957,0.22764595516647268,2978230.4631520333,2267970.602095722,2267970.602095722,0.0,False,17,,1552.2147438805766,101.32346179126971,116.30555040354255,210.88160737975818,0.863773093196651,True,True,False
eval_0831,0.001,1.1513168704797732,1.1569140387253034,0.882918166086835,0.9606290253103,1.3284653735174383,0.300764560564348,2590843.690021416,2334860.1521988898,2334860.1521988898,0.0,False,17,,1599.2147228074136,97.9956762060892,110.02003839507003,210.9252807258117,0.8622085612931325,True,True,False
eval_0832,0.001,0.9199562874946862,0.8981901637871208,1.0205399976473468,1.0467858831003822,1.0479295661881993,0.2372512537850083,2338089.017967169,1840146.786584135,1840146.786584135,0.0,False,17,,1274.4105695578191,122.94212397052098,109.75028860820044,210.7431835100449,0.8687362048132379,True,True,False
eval_0833,0.001,0.870199689433943,0.9643794849681087,0.963500218979752,1.008906669701567,1.1925693785110725,0.2699977072949068,2344071.8855881263,1990047.1794449277,1990047.1794449277,0.0,False,17,,1367.3084855034604,115.37071555313086,123.64001940468059,210.76335883612856,0.8680124237585054,True,True,False
eval_0834,0.001,1.1470896646503146,0.7991911783742596,1.052173344392162,1.150389443936059,0.7914921226200298,0.17919381656117472,2331405.2832729616,1588338.359908224,1588338.359908224,0.0,False,18,,1125.07283136126,136.42193408379637,79.3216986010171,210.7529766337528,0.8683848634493923,True,True,False
eval_0835,0.001,0.9771785554518284,1.0743129500339275,0.8147003787448395,0.9213055371731802,0.9221596401620588,0.2087769425326901,3016498.1457787473,2199551.8603470204,2199551.8603470204,0.0,False,17,,1505.3028949002232,104.73300254084246,121.2875135170297,210.84380811727124,0.8651277181369509,True,True,False
eval_0836,0.001,1.120563192305271,0.9903837056210612,0.6274047193284803,1.0336278446705705,1.0602248640552643,0.24003490922211182,2534584.5717075556,1994223.4763497082,1994223.4763497082,0.0,False,17,,1380.9394121439955,112.65501746228425,98.33014568977167,210.84903991515333,0.8649401954686463,True,True,False
eval_0837,0.001,0.9047221915853983,0.9554519151369258,1.128602114241327,0.8411142264576478,1.3400705147601557,0.30339196454169925,2141220.3405019036,1964248.0872756531,1964248.0872756531,0.0,False,17,,1352.4319501408297,116.33484661451804,117.93657467708034,210.76889898107967,0.8678136977153285,True,True,False
eval_0838,0.001,1.0380631970637286,0.98811593436741,0.8635358871985095,1.0734001485084024,1.0017244332993567,0.22679041169897435,2628711.142719137,2006140.3923378168,2006140.3923378168,0.0,False,17,,1384.899936621453,112.88652853539372,105.92724149780942,210.82366021615942,0.8658499637385714,True,True,False
eval_0839,0.001,1.0643387945345106,0.8834290914652363,0.9375638093897314,0.8129494522777878,1.0580575150611362,0.23954422140984122,2254749.333969388,1781070.1629989347,1781070.1629989347,0.0,False,18,,1243.2760927790537,124.77419661555462,93.46928063641832,210.7780708761264,0.8674847230755947,True,True,False
eval_0840,0.001,0.9754788241377448,0.667834719821997,0.6241629253466715,1.03918630844857,0.9087624084510194,0.2057438092733108,1822020.1173051689,1341145.6719258642,1341145.6719258642,0.0,False,18,,962.0028932325038,159.9010123073858,79.58010639437757,210.60088779067937,0.8738449400696838,True,False,False
eval_0841,0.001,1.030226444668537,0.9988041267674164,0.6774070884272289,0.823175371525999,0.8526807681323982,0.19304692590517494,2890005.514971285,2030126.2466750713,2030126.2466750713,0.0,False,17,,1399.8184481463759,111.80400417590482,107.76643678424252,210.82631827753744,0.8657546718076664,True,True,False
eval_0842,0.001,0.8632737049223475,0.9232497136633627,1.0778301494582014,1.051249685728291,1.161855252198955,0.26304402909784336,2275550.480107736,1904315.4816403696,1904315.4816403696,0.0,False,17,,1312.6214575327942,119.95670572394901,119.86724715950568,210.74017630090208,0.8688440990018842,True,True,False
eval_0843,0.001,1.0404525622589158,0.8118051159959436,0.7803259726165787,0.8873980327142555,0.9512577604261467,0.2153647569604796,2187524.4108570344,1634687.1441766194,1634687.1441766194,0.0,False,18,,1149.6690529736825,134.535912465273,88.67742263693934,210.7281030294325,0.8692773010137984,True,True,False
eval_0844,0.001,1.0164031222808356,0.6790404173834139,0.7789191457159381,0.8374409302016275,1.2211017359878527,0.2764574330276498,1552173.3979797298,1357831.7210088368,1357831.7210088368,0.0,False,18,,974.2765519713961,157.57624908335023,77.50269881304634,210.62340414899128,0.8730360926179914,True,False,False
eval_0845,0.001,0.9310111347064964,1.063165796764193,0.902620881133529,1.1046674114992336,0.9820288130066728,0.2223313232647107,2897639.880170672,2185813.1179234586,2185813.1179234586,0.0,False,17,,1494.542627878454,105.71751913916395,126.1164497491936,210.82599398816413,0.8657662975055261,True,True,False
eval_0846,0.001,1.0036221452342797,1.0644385099946736,1.1225700932115612,0.8017104116435353,0.8738009645603084,0.1978285383764538,3061902.4821185144,2173264.119267245,2173264.119267245,0.0,False,17,,1489.7324245859757,105.60413361626085,117.11766932492812,210.84730443247005,0.8650023991229817,True,True,False
eval_0847,0.001,1.1476564268477762,1.184176260848804,0.7649281695196897,1.091621750572385,0.9339652662092011,0.2114497362697631,3277158.0015891604,2392310.804090691,2392310.804090691,0.0,False,17,,1635.7243291154634,95.96702317169488,112.70408517418431,210.9337125622869,0.8619065780542958,True,True,False
eval_0848,0.001,1.1387537066063387,0.8096645715901436,1.0685730003944498,1.0532974933837629,1.1961264350128245,0.27080302488690344,1888810.9754949342,1611890.2006849684,1611890.2006849684,0.0,False,18,,1139.5779203470806,134.85214824425648,80.83247969214254,210.75707059652584,0.8682379967569751,True,True,False
eval_0849,0.001,1.0112289771105945,0.6960623030369975,0.78452671672368,0.9945622461039049,1.173613121498282,0.265706010707211,1638483.7156847513,1394884.224192115,1394884.224192115,0.0,False,18,,997.3394469660886,154.1751805197711,79.61769553616581,210.6358060259995,0.8725906580790326,True,False,False
eval_0850,0.001,0.9207103956137701,1.1587203426644685,1.1892357787418906,1.0633517272087465,0.8926066974495965,0.20208615630258864,3335004.611447636,2388798.9327752194,2388798.9327752194,0.0,False,17,,1623.5407377646425,97.8584769236065,137.76918076488184,210.86058949786198,0.8645262581855466,True,True,False
eval_0851,0.001,0.979100924363639,1.0273084861928412,0.5797426435117473,0.9966240744429797,1.1684349173586734,0.26453366529000366,2516762.1527755987,2100401.558990784,2100401.558990784,0.0,False,17,,1442.2956501131218,109.02024985616352,116.28908172428171,210.824314661502,0.8658265015440682,True,True,False
eval_0852,0.001,1.0266451214174073,0.8490065891589472,1.1334483812664429,1.127073609630323,1.0463163700879552,0.23688602618791305,2181291.374880541,1715849.8930140543,1715849.8930140543,0.0,False,18,,1200.3134602293708,129.27551005087392,93.52699204232106,210.7468399602068,0.8686050209711137,True,True,False
eval_0853,0.001,1.0477873283244208,0.9950960085186877,0.7555311187890094,1.0238934356657228,1.0824276329445817,0.2450616160986533,2532647.9265370793,2018793.917025119,2018793.917025119,0.0,False,17,,1393.3778566950314,112.17710664834624,105.60784938101233,210.8297536811825,0.8656315155901879,True,True,False
eval_0854,0.001,0.9010465937190327,0.6778265680250456,0.903302072751075,0.9881158752845032,0.9293423003304853,0.21040309679482186,1844615.6267775763,1375425.7417964889,1375425.7417964889,0.0,False,18,,980.3038751967922,157.82470708676956,87.2873549870262,210.58607324762698,0.8743772121814382,True,False,False
eval_0855,0.001,1.18600932939815,1.1228653622902007,0.8844646057233199,0.9348045593297856,1.260288027431669,0.28532920941052986,2592471.6678292556,2256705.2291222224,2256705.2291222224,0.0,False,17,,1550.8558201292935,100.65968795583143,103.97522999109347,210.9229664627975,0.8622914500266319,True,True,False
eval_0856,0.001,0.8897459870457365,1.047097698644058,1.0115141793998323,1.1151531714630771,1.088677696156123,0.24647663040974627,2700183.0036933967,2160587.2419645395,2160587.2419645395,0.0,False,17,,1476.687913042805,107.17126586788736,130.17547658670662,210.80737956505598,0.8664336801532282,True,True,False
eval_0857,0.001,1.152915613553864,0.9997363330400466,0.6465775008720993,1.0039399620244631,0.8489867219568201,0.19221059385102407,2869387.309098501,2007192.9033674737,2007192.9033674737,0.0,False,17,,1390.613693432794,111.7106150363892,96.37882140897374,210.8628988789616,0.864443495359127,True,True,False
eval_0858,0.001,0.9605838654961588,1.0288671898288038,0.6377996221774807,1.0865779132313924,0.9936389113909634,0.2249598495389141,2774286.524923551,2107497.2573380726,2107497.2573380726,0.0,False,17,,1446.000511615874,108.87219515723174,118.69196161716229,210.81966422326292,0.8659932252526978,True,True,False
eval_0859,0.001,0.9041520953848154,0.9469611654038574,0.8874452848227115,0.8303906320726963,1.0749244220409215,0.24336288915006463,2441511.506651284,1946400.6477458407,1946400.6477458407,0.0,False,17,,1341.0907657814328,117.26752813616427,117.07234318888784,210.7644383477551,0.8679737006535585,True,True,False
eval_0860,0.001,1.0781016289825196,0.9784677085406109,0.7169879359572204,0.9745871600702989,0.8204178529956327,0.18574260191821124,2867882.4373762915,1977875.5376113704,1977875.5376113704,0.0,False,17,,1368.672356691859,113.88269928018109,101.10115570595221,210.83091917653582,0.8655897345124293,True,True,False
eval_0861,0.001,0.9016631941350822,0.6832488761957272,0.8513628792396838,0.9651206056698494,1.2342111369631965,0.27942540140846767,1570875.1961135569,1386889.5512811153,1386889.5512811153,0.0,False,18,,987.5366481021543,156.72104758739926,87.84193755873967,210.59086379802974,0.874205084175679,True,False,False
eval_0862,0.001,1.1297595430073841,1.0210536522478886,1.1723667510466775,0.8910793810228402,0.8280114015594853,0.18746178131306745,2975154.3061392857,2056362.7789434448,2056362.7789434448,0.0,False,17,,1420.8808724860355,109.61862985145108,100.23125929814516,210.86551404632056,0.8643497760559272,True,True,False
eval_0863,0.001,1.155835101688598,0.9071423626358144,0.7228706835514033,1.0957239989172454,1.003824666522899,0.2272659045007843,2370883.4195192023,1813078.4082396703,1813078.4082396703,0.0,False,18,,1267.5836798775636,121.8580192168841,88.1299615834216,210.81861895939934,0.8660307002103571,True,True,False
eval_0864,0.001,1.0179627392862454,0.9538803872361361,0.7520804172954154,0.9573735026583661,1.3676464944836006,0.3096351663510872,2086084.695156828,1938286.23516242,1938286.23516242,0.0,False,17,,1340.920097710083,116.50630588349063,104.66277875675908,210.80126591280424,0.8666528985531384,True,True,False
eval_0865,0.001,1.1906042749409993,1.0832798491818811,1.0510170875475002,0.9032221654986539,0.7773217440442676,0.17598564285162216,3244043.4499125737,2173404.4859460136,2173404.4859460136,0.0,False,17,,1498.0244377066483,103.95487325809337,100.29084348117587,210.9091979192685,0.8627846282671331,True,True,False
eval_0866,0.001,0.8679248611148669,0.9707713015345456,0.984424952764543,0.8703425482406284,0.8069534023101063,0.18269425028300804,2916601.441405008,2003998.862678768,2003998.862678768,0.0,False,17,,1376.087432182375,114.69060529372143,124.69918105971824,210.76586298446168,0.8679225981921249,True,True,False
eval_0867,0.001,1.1720419176926824,1.0550920524926992,0.8883692857376316,0.9136278163772434,1.3758074520525994,0.3114828071447085,2286046.096683052,2118603.379565377,2118603.379565377,0.0,False,17,,1462.3407042943697,106.44278780416923,99.49796306407268,210.89240663676333,0.863386165759784,True,True,False
eval_0868,0.001,1.1234727443119732,0.9558057630288617,0.772585282163099,0.989143665731016,1.171077700390049,0.26513199136830706,2297324.997406815,1921302.6595652753,1921302.6595652753,0.0,False,18,,1334.7744414020556,116.29631310373561,95.00469920033039,210.83353547024157,0.8654959463993471,True,True,False
eval_0869,0.001,1.0654415677227096,0.8813705103737832,1.014300917341321,0.9826372336900331,0.9949990311492676,0.22526778065219416,2328210.0902787372,1776534.3713498614,1776534.3713498614,0.0,False,18,,1240.4487832852624,125.034220744566,93.17835657993626,210.77725495129926,0.8675139872498604,True,True,False
eval_0870,0.001,0.872606414885585,1.0408849858378826,0.8697977166255928,0.7336719479035549,1.2921565324309967,0.29254423894237763,2412769.3013207703,2151049.7662474546,2151049.7662474546,0.0,False,17,,1469.8703668393257,107.74464187488732,132.02600784118292,210.7997947167333,0.8667056534105887,True,True,False
eval_0871,0.001,1.0277310753963567,0.8578911638196975,0.6744538805717182,0.8432792836040438,0.8047578146089279,0.18219716922746126,2525199.0039079078,1734397.8445264555,1734397.8445264555,0.0,False,18,,1212.0808736080824,128.08168556500456,94.29899234344029,210.75242071345713,0.868404806956692,True,True,False
eval_0872,0.001,1.1680755240621827,0.7604639645706157,0.9778229467233133,0.9324617716390473,1.3896202622100897,0.3146100273643643,1584154.4321835057,1503137.3543283138,1503137.3543283138,0.0,False,18,,1072.2236219355677,142.57090034134603,74.53697419817473,210.73365419115484,0.8690781131748359,True,True,False
eval_0873,0.001,0.9782616445883012,0.8654453601847636,1.1112829191619964,1.0580995690961812,1.2939421397408417,0.29294850043732656,1957804.4756821722,1759752.2435869735,1759752.2435869735,0.0,False,18,,1225.9885326578988,127.0844863347476,99.8449285865333,210.74194530978951,0.8687806292227721,True,True,False
eval_0874,0.001,1.168933251351711,1.0065637686871747,0.9825190204914632,0.9635849134265964,1.1005345284597685,0.2491610172432916,2513043.3259438863,2018171.21185763,2018171.21185763,0.0,False,17,,1398.3032806744063,111.03157298192892,95.63951597895596,210.8707158773863,0.8641633658405075,True,True,False
eval_0875,0.001,0.9974821530807231,1.0384482106426152,1.0181755917907822,0.945017824047953,1.1955858580339365,0.2706806382588832,2505649.641208746,2119995.933075754,2119995.933075754,0.0,False,17,,1455.5685012739561,107.97129058045334,115.25509901617735,210.8344998664712,0.8654613755993255,True,True,False
eval_0876,0.001,0.9688113084883361,0.9005473143218792,1.2504755968277803,0.8952625413039914,1.006942915708923,0.22797187611650013,2387597.397897987,1835603.7445303479,1835603.7445303479,0.0,False,17,,1273.6668152004006,122.65473258227718,104.46001053790222,210.7589370885297,0.8681710401748804,True,True,False
eval_0877,0.001,0.8763069257092925,0.9626661706955915,0.9005742578026915,0.8392650526673924,1.0776315026483019,0.24397577219957553,2487048.5359330983,1985204.1788760538,1985204.1788760538,0.0,False,17,,1364.4936304769997,115.55445038898007,122.58311535104781,210.76427096070648,0.8679797049596155,True,True,False
eval_0878,0.001,1.0934141652782277,0.8161948412013258,1.1071401027698826,0.9341691403335816,1.1548603040085308,0.2614603728275314,1957084.1271480494,1634066.037443892,1634066.037443892,0.0,False,18,,1151.5941418945893,133.892177001975,84.78786035244833,210.7471582230071,0.8685936027518923,True,True,False
eval_0879,0.001,1.1644563899859277,1.1093985594380305,1.1266537221193085,0.7868064996048755,0.9315353464222857,0.2108996024300055,3058551.3161431765,2233313.9278109344,2233313.9278109344,0.0,False,17,,1534.9928030484218,101.75584242638307,104.7589151080665,210.91165247999072,0.8626967031447197,True,True,False
eval_0880,0.001,0.8981151496378698,1.1058868714857946,0.7855008061927553,1.0966600335803784,1.1406916978107395,0.25825260038435144,2780641.1792544387,2282695.141745356,2282695.141745356,0.0,False,17,,1554.818801475035,102.04581413488827,135.43981678245683,210.83413341525213,0.8654745117725008,True,True,False
eval_0881,0.001,1.2710916954200515,1.0840114728758135,1.0374777253328344,0.8754621323057105,1.0412075587467244,0.2357293913002584,2786021.7432938535,2158025.96489518,2158025.96489518,0.0,False,17,,1491.7841165362634,103.89191859010724,93.99720214814398,210.93319815712522,0.8619250006015622,True,True,False
eval_0882,0.001,0.9967021522656261,0.8740575821132471,1.2155271543585502,1.0973665641288906,1.1207228881444782,0.25373166187590984,2167379.8453868283,1774366.5992957018,1774366.5992957018,0.0,False,18,,1236.0619620222528,125.96711527781254,98.86691772341807,210.75244010003954,0.8684041114659261,True,True,False
eval_0883,0.001,1.1219666110461355,1.077616067350536,1.2513039397971202,0.939648973078107,1.07396019817191,0.24314458886612042,2753214.423323877,2176020.1381229023,2176020.1381229023,0.0,False,17,,1496.6729485998308,104.4449485623221,105.92688510762132,210.88690549936877,0.8635832614966034,True,True,False
eval_0884,0.001,0.8923099772435655,1.0348463594231212,1.0873642627055264,1.0498151087897636,0.9277026437895869,0.21003187855396246,2910646.978696919,2134215.2256675637,2134215.2256675637,0.0,False,17,,1460.017841898145,108.30813815512964,128.43894672940002,210.80274218055266,0.8665999625731939,True,True,False
eval_0885,0.001,1.0363640128058023,0.9343276465065729,1.210171545890629,0.7959659357988824,1.2281609662371704,0.27805564275609534,2191163.030725651,1893497.1187091821,1893497.1187091821,0.0,False,17,,1313.328897877284,118.68450473529447,100.9176732647973,210.7968639594287,0.8668107481124866,True,True,False
eval_0886,0.001,1.0050331680449365,0.8291037038531647,0.9423877124595946,0.9967780711581424,0.8620644770492764,0.19517139760395616,2360977.578287131,1677874.6977561226,1677874.6977561226,0.0,False,18,,1175.3904354737092,132.03561666590966,93.54101585718466,210.72818454929677,0.8692743758266267,True,True,False
eval_0887,0.001,0.8616291247405726,0.9618989188722473,0.8061010421127464,0.9498464698278646,1.091150701280934,0.24703651877000346,2469946.191597975,1986531.261692041,1986531.261692041,0.0,False,17,,1364.6963249752894,115.63692806287774,124.58239002164997,210.759648576036,0.8681455173283785,True,True,False
eval_0888,0.001,1.137661745963962,0.9482258058073323,0.8972239075040119,1.1329722229093164,1.164285932017741,0.26359433500881657,2283081.610328728,1902611.5618484903,1902611.5618484903,0.0,False,18,,1323.5471944612277,117.12762439083104,93.1539091863622,210.83407080745943,0.8654767560779849,True,True,False
eval_0889,0.001,0.9009654880412467,0.819831857833884,0.8975203640424231,0.9397537053328788,1.3099606832409938,0.296575098685761,1843408.360323091,1677817.5089563522,1677817.5089563522,0.0,False,18,,1170.8102645053439,133.36364109122033,103.30657784085196,210.6909322992745,0.8706113386597734,True,True,False
eval_0890,0.001,1.0203691541332747,1.1457649926385924,1.0645840237135162,1.1104355948254927,1.4431873591851878,0.3267376181195265,2443790.7234259094,2339992.588176213,2339992.588176213,0.0,False,17,,1596.7438440280948,98.85154430845226,123.06450095239872,210.8838788561357,0.863691704998064,True,True,False
eval_0891,0.001,1.165990156930667,0.7502716168421197,0.8280701828052985,1.1255555450995893,1.1654828296057058,0.2638653126227318,1760621.548873737,1482020.684159526,1482020.684159526,0.0,False,18,,1058.8610455724577,144.28586411598036,73.78276150878197,210.7258415285496,0.8693584516264361,True,True,False
eval_0892,0.001,0.9861013252468152,1.0283629639280156,1.033483793831466,0.9157735759785273,1.0378722002595384,0.2349742661387595,2701086.6463632127,2101173.0576552986,2101173.0576552986,0.0,False,17,,1443.0929968087307,108.92004342065961,115.56976401394748,210.8268025081148,0.8657373123217794,True,True,False
eval_0893,0.001,1.0565099149069035,0.8713340729395754,0.9873763665697504,1.0210886555898493,1.2290130743492216,0.27824856003266374,2026760.5349050893,1757165.6620882598,1757165.6620882598,0.0,False,18,,1227.7774580573957,126.31825670111446,93.01090588792815,210.7688910980632,0.8678139804731937,True,True,False
eval_0894,0.001,1.0207875036337017,0.9607339685745959,1.0269754340350792,0.9264230276277763,0.8353424070108656,0.18912152094725995,2802501.8071923493,1952145.514887741,1952145.514887741,0.0,False,17,,1349.8306111547995,115.76239237731069,105.04387554207817,210.80547757240282,0.8665018789055724,True,True,False
eval_0895,0.001,0.9584885121767989,1.0966109636795587,0.6039884979935983,0.7424982991059211,0.9443073523071823,0.21379118456234608,3049841.384361174,2250373.7899801787,2250373.7899801787,0.0,False,17,,1536.8260871218572,102.82016130307794,125.95296103755567,210.84751050028885,0.8649950131291763,True,True,False
eval_0896,0.001,0.9230279562815794,0.9794319800742519,0.7617911871967806,0.9329551125611731,1.4234994272357533,0.3222802703261745,2103035.074833501,2011141.5243310328,2011141.5243310328,0.0,False,17,,1383.0427724192398,113.78231426886896,118.19087747357491,210.7860021090421,0.8672002711962457,True,True,False
eval_0897,0.001,0.9697502903501253,1.0818185890397334,1.0167809864099135,0.9494019282176328,1.054713824508527,0.2387872098687305,2828299.135717133,2216890.5847462397,2216890.5847462397,0.0,False,17,,1516.0111381015274,104.08085124167386,122.98235947054053,210.84475747040904,0.8650936899016461,True,True,False
eval_0898,0.001,1.0680888545577214,0.6886942388428859,0.8384235855525082,1.0252658643376165,0.7900967806952839,0.17887791114941226,1998880.57885294,1369268.7777569722,1369268.7777569722,0.0,False,18,,983.7211892215812,155.62859795191508,74.6752674218495,210.64783306930045,0.8721587364271346,True,False,False
eval_0899,0.001,1.0345488603158206,0.7378954680789692,1.1745024290395527,0.8083102467759101,1.000310879110469,0.22647038303061015,1918972.1109609818,1479524.576079846,1479524.576079846,0.0,False,18,,1051.5554394571188,146.4265360559712,81.94128674797639,210.67550243475293,0.8711652465165833,True,True,False
eval_0900,0.001,0.8401563807960847,0.6972162513079453,0.9580410558422593,1.0171024432351987,0.8991545102698553,0.2035685811250952,1947296.017165042,1427606.195805442,1427606.195805442,0.0,False,18,,1010.4511004059307,153.950086296002,95.96956094792816,210.5834461961253,0.8744716074024317,True,True,False
eval_0901,0.001,0.9459191217992334,0.877404321887211,0.986717044489352,0.7318603877698681,1.0248345164679897,0.23202253452835286,2303756.795014171,1791198.8242176033,1791198.8242176033,0.0,False,17,,1244.5109196914482,125.53838920897871,104.53049765261342,210.73918673080794,0.8688796039775191,True,True,False
eval_0902,0.001,0.879097889335285,1.0671601736746894,1.1069963391193838,0.9895284058184615,0.793673915388211,0.17968777444389095,3243495.059554748,2205143.977676117,2205143.977676117,0.0,False,17,,1504.577321360787,105.36251430568568,134.01401281844136,210.81293956345235,0.8662343252654493,True,True,False
eval_0903,0.001,1.1931117568249028,1.0894463560035337,1.1910244560110432,0.8548626941067696,0.8638783478022989,0.19558205794244046,3107812.8238031277,2185707.423097319,2185707.423097319,0.0,False,17,,1505.9624855931604,103.42674834443666,100.59110489728364,210.91234483364016,0.8626719026292786,True,True,False
eval_0904,0.001,0.9022912611822529,0.8898300948970276,1.0160786867859535,0.8290845878943367,0.917945114976272,0.20782277403062796,2490984.1416655043,1825904.5386309202,1825904.5386309202,0.0,False,17,,1264.607988216691,123.97280641634646,110.96867257272787,210.73330908703983,0.8690904959602987,True,True,False
eval_0905,0.001,0.9527557239002555,0.8299591477468583,0.9740897833945896,0.9768057725010719,1.2004979362908073,0.2717927327762388,1970738.7725881594,1689544.2732595059,1689544.2732595059,0.0,False,18,,1180.4757608579705,131.91447049975926,98.76420439895581,210.71290376605126,0.8698227375762434,True,True,False
eval_0906,0.001,0.9463756846557242,1.0387754845697619,1.2847039205132464,0.9220107995783612,0.9463732616841648,0.2142589064452949,2879630.5061534876,2131276.324086936,2131276.324086936,0.0,False,17,,1460.510416742424,107.94079228291862,121.51346354394117,210.81993310388503,0.8659835853641781,True,True,False
eval_0907,0.001,0.9323393778097058,0.8013875095967131,1.1433964247559376,0.9226038107648589,1.1613537509378562,0.26293048921233064,1941232.1531715526,1632787.84607463,1632787.84607463,0.0,False,18,,1143.744959628142,136.08960950424864,97.83056902429755,210.68840985959153,0.8707018847277602,True,True,False
eval_0908,0.001,1.1325058710346125,0.8091474750377876,0.9968627253419589,1.0047968653703436,1.3102826077845504,0.2966479824024222,1776609.8175695585,1611962.821267341,1611962.821267341,0.0,False,18,,1139.3500559406623,134.92877336050498,81.23226080523055,210.75480292443132,0.8683193464497997,True,True,False
eval_0909,0.001,1.044927126304057,0.7914669452088645,0.9620826772664903,0.9575789060781438,1.0730936153252315,0.2429483945096324,1987983.9603576167,1590924.1646845108,1590924.1646845108,0.0,False,18,,1122.231984495052,137.6041584001504,86.32886133005664,210.71624600440862,0.869702792185864,True,True,False
eval_0910,0.001,1.0633515711647028,0.9328328950655367,0.8520470095389667,0.9698421777192116,0.9401664254233147,0.21285367871583846,2551527.5352903265,1885028.180757438,1885028.180757438,0.0,False,17,,1309.1416269308822,118.85452106582431,98.21571695967978,210.80412982460967,0.866550205135833,True,True,False
eval_0911,0.001,1.0092017017011665,0.9675550192319782,0.9681438642703895,1.0147341569479236,0.956167877919113,0.21647640756088715,2642106.946848369,1968826.8843577895,1968826.8843577895,0.0,False,17,,1359.8999953367952,115.03177961931443,106.92463143031387,210.80539664936668,0.8665047805477026,True,True,False
eval_0912,0.001,0.9054606627488687,0.662612130251034,1.1648734016009101,0.9752681170280256,1.013787924022903,0.22952158599878525,1714522.242958525,1342180.6820857523,1342180.6820857523,0.0,False,18,,959.6038879994641,161.0088423150769,85.14404134073344,210.5742602999276,0.8748016935634775,True,False,False
eval_0913,0.001,1.1429708777396814,1.0915150491397387,0.9898945701660515,1.0827819588016336,1.3419179693840797,0.30381022826855564,2418950.161980064,2200593.980444369,2200593.980444369,0.0,False,17,,1513.2306604855307,103.25083449174328,105.18282705336696,210.89851722813432,0.8631672464506381,True,True,False
eval_0914,0.001,1.0166526207838458,0.8645162104927712,1.0315756069182103,1.0058557539783064,1.0896393371999986,0.24669434594207967,2174336.95601377,1750452.0234992998,1750452.0234992998,0.0,False,18,,1221.7738080386841,127.20626898082595,95.98259235819842,210.75294141865,0.8683861267796383,True,True,False
eval_0915,0.001,1.212882763548901,1.078524127549589,1.0558104900148295,1.0522141461275913,0.9878426635567132,0.22364757902923987,2866339.763494194,2158838.5165931215,2158838.5165931215,0.0,False,17,,1489.7369989628155,104.36605029399063,98.06081590842665,210.91386815081506,0.8626173370842352,True,True,False
eval_0916,0.001,1.12312388352901,0.9280246971267829,0.804721627433973,0.7492537483638297,1.2428507269727247,0.28138140458662486,2141648.0077827806,1863177.960097254,1863177.960097254,0.0,False,18,,1297.9094824316921,119.40487431764403,92.56010874581236,210.81957219386467,0.8659965246896426,True,True,False
eval_0917,0.001,0.8659743668598523,0.7298149664059085,1.0615846941473843,0.9908865025821834,0.8857931625736516,0.20054357200667472,2056606.485756835,1492704.2002341761,1492704.2002341761,0.0,False,18,,1052.4957503813712,147.86000404969013,96.94330553400353,210.61728015564,0.873256065618329,True,True,False
eval_0918,0.001,0.9911096648943182,0.6591206741447584,0.8348134776881585,0.9542139589578633,1.1946063269126252,0.27045887241301836,1527421.113603397,1319814.1787325789,1319814.1787325789,0.0,False,18,,949.3359199257395,161.75832616951033,77.42571403681183,210.5982432708136,0.8739399496036353,True,False,False
eval_0919,0.001,1.0297943308941602,0.7568692766450459,0.8945242393362183,0.8538971462317269,0.9645753148688512,0.2183798512863079,2013945.209179606,1520640.6217462341,1520640.6217462341,0.0,False,18,,1077.1912055928574,143.17090892220776,84.19150945398425,210.68778818307905,0.8707242009021251,True,True,False
eval_0920,0.001,1.1606066475296002,0.7982860876484199,1.2310771976589308,1.0450006866883095,1.1128480745334244,0.25194880407436726,1941676.6737306165,1583943.9050724253,1583943.9050724253,0.0,False,18,,1122.8906929245893,136.55937228291688,78.31897756304981,210.75661352352256,0.8682543934966415,True,True,False
eval_0921,0.001,0.9673705190622367,1.045296142425219,0.935162980913949,0.8554436824923388,1.164006608050726,0.2635310960626844,2572343.510130627,2140628.0481637074,2140628.0481637074,0.0,False,17,,1467.3793833377351,107.33687452001276,119.54510053384706,210.82878657399215,0.8656661851316252,True,True,False
eval_0922,0.001,1.2074014405362434,0.9209681640798641,0.7675599278686318,0.8986626587057513,1.1540794154145542,0.26128357964985505,2210408.869312045,1831922.672500344,1831922.672500344,0.0,False,18,,1281.7960239838994,120.22225792813364,85.51395733041562,210.8414794955622,0.8652111856225868,True,True,False
eval_0923,0.001,1.1332723484369671,0.9733825741117987,0.9467350903152076,0.9166494712014623,0.8145838870913212,0.1844217920374751,2848162.698349338,1956154.4326003012,1956154.4326003012,0.0,False,17,,1357.2993498858482,114.41515767350045,95.73168852096649,210.84489131670418,0.8650888923930603,True,True,False
eval_0924,0.001,1.0034132370744526,1.0434721212661042,0.6293285429665187,1.0219992661182253,1.1052120593291423,0.2502200102321178,2641591.6955583775,2129310.359602551,2129310.359602551,0.0,False,17,,1461.7550466501248,107.50509484432698,115.07068598106271,210.8383804137434,0.8653222724622044,True,True,False
eval_0925,0.001,0.9539113720367958,1.0534207325258045,0.9191637681950673,1.0161717132406936,1.094698273427384,0.24783968910395973,2694474.739410489,2160514.245772819,2160514.245772819,0.0,False,17,,1479.4449226997608,106.59422714212118,122.07644211019806,210.82840699931864,0.8656797924794555,True,True,False
eval_0926,0.001,1.2023218477523334,0.852650343724844,0.6896809690382248,1.1141931817797148,1.283932821300667,0.29068239074247104,1896161.3972764118,1690192.7888849515,1690192.7888849515,0.0,False,18,,1191.8027218952711,128.78311217570007,80.16668398433858,210.80278794476123,0.8665983215729506,True,True,False
eval_0927,0.001,1.156411259186646,0.9337576578553584,0.9743450437832226,0.9640595865006203,0.8520766824113486,0.1929101608979293,2661822.8728599595,1868634.6314731182,1868634.6314731182,0.0,False,18,,1302.8297780373857,118.74927669957634,90.39206132305664,210.83250701401403,0.8655328139124694,True,True,False
eval_0928,0.001,1.1022607957340096,1.0485445330397376,1.140943779729552,1.1031272988106209,0.9007044417056307,0.20391948560215478,2944998.2853546715,2119424.778718934,2119424.778718934,0.0,False,17,,1459.7978939806171,107.03865181864802,105.20795603232841,210.86923222693582,0.8642165322582483,True,True,False
eval_0929,0.001,0.9072239291309678,0.997060553157193,1.1870617623276225,0.8609979816657714,1.2511949525750445,0.28327053726299006,2347508.8667820953,2051487.757570403,2051487.757570403,0.0,False,17,,1408.0256679365646,111.97911524246354,122.18616843230888,210.7898117206098,0.8670636479470052,True,True,False
eval_0930,0.001,0.9577420311896556,0.7612499954975873,0.6956941137394419,1.0090129322623946,1.0975288794160665,0.24848053829979744,1895778.523310435,1543007.0564219123,1543007.0564219123,0.0,False,18,,1088.162239272674,142.4403921884606,90.98962325089752,210.66865004906109,0.8714112623985606,True,True,False
eval_0931,0.001,0.8751072536236622,1.1738065061869858,0.8235932226365668,0.7779011910061953,1.0962763912017135,0.24819697496806792,3037375.40236713,2430500.0508843902,2430500.0508843902,0.0,False,17,,1648.1721776008778,96.72817327646705,146.642313935124,210.85338300250908,0.8647845338080254,True,True,False
eval_0932,0.001,1.1127680156129411,1.0259880080472128,0.7491230242267732,1.0954356369364509,1.0321412086238428,0.233676769632438,2674522.6501088063,2070144.2824589477,2070144.2824589477,0.0,False,17,,1428.9032501428435,109.14600639212011,102.20239917238298,210.8626659507638,0.8644518428796679,True,True,False
eval_0933,0.001,0.8391927673924124,1.103179907173868,0.8038610499255803,0.9642168677259069,1.428252858109844,0.32335644707606864,2400003.4679668695,2289582.845874669,2289582.845874669,0.0,False,17,,1556.6429536669107,102.27052323198777,144.63099189159942,210.8165311324742,0.8661055544085555,True,True,False
eval_0934,0.001,1.019832883943014,0.9856078501374793,1.0322973328630847,0.9103907393707331,1.3672164321506415,0.3095378002389052,2161361.9532396905,2004566.2943536257,2004566.2943536257,0.0,False,17,,1383.0988873968827,113.14373234017299,107.57567066807161,210.8171402086306,0.8660837172406487,True,True,False
eval_0935,0.001,1.0294307271079857,0.7033887371307701,1.0897146181404622,0.8706481144019649,1.2558235975242373,0.28431846247948733,1582077.2326861685,1407224.373085909,1407224.373085909,0.0,False,18,,1005.8897094112907,152.75747849031407,78.93579121755143,210.6474275245624,0.8721732997645236,True,True,False
eval_0936,0.001,1.077440452887874,0.7751560534573074,1.0158262059154834,0.8494420633711703,0.9286425673104612,0.2102446772390884,2099564.644253799,1550550.9895809544,1550550.9895809544,0.0,False,18,,1098.1629603851989,140.17170525506083,82.1901817288097,210.71534128584577,0.869735260117322,True,True,False
eval_0937,0.001,1.080188287788494,0.7100137427935386,1.0850478760520637,0.961075728830584,0.9639272967860678,0.21823313999236574,1868728.6331189857,1412286.388692554,1412286.388692554,0.0,False,18,,1011.2864542767871,151.4984726862114,75.85179386532353,210.66869751963807,0.8714095580442465,True,True,False
eval_0938,0.001,0.9149424890223995,0.9187663695662214,0.9108620104808249,1.0427540711560686,1.177217210013163,0.2665219763469801,2234947.588081406,1884631.0758966552,1884631.0758966552,0.0,False,17,,1302.3967591137855,120.47969081283212,112.60714149175011,210.75288824471576,0.8683880343778636,True,True,False
eval_0939,0.001,0.9940274334171404,0.9180246094809092,0.8029620498114312,0.9991602083736699,1.2961487264026763,0.2934480716575659,2081833.1473356802,1867517.280297444,1867517.280297444,0.0,False,17,,1295.004174175665,120.5666757931729,103.57332474322577,210.7758209666431,0.8675654194693718,True,True,False
eval_0940,0.001,1.1114061469326886,0.7323875127505622,0.7988973742061424,0.9696815922057405,1.0669981529964296,0.24156838183839166,1819669.7821226325,1454063.574505538,1454063.574505538,0.0,False,18,,1038.9064380601678,147.40050088637796,75.77079099009285,210.69558970754292,0.8704441609714475,True,True,False
eval_0941,0.001,1.0925989743619218,1.0994175262257349,1.1531863370483482,0.9925573188088057,0.7949907074102586,0.17998589615768254,3288022.3212486003,2227756.924796058,2227756.924796058,0.0,False,17,,1528.303409228468,102.5845736577207,110.74668323986394,210.8870063770506,0.8635796471403792,True,True,False
eval_0942,0.001,1.1881727842363836,0.7149510182952958,1.0935789608342479,1.0031337676658258,1.0178782069276568,0.2304476260484215,1806726.724829231,1403609.8374841309,1403609.8374841309,0.0,False,18,,1010.5507823997035,150.57404320224913,69.38152831877467,210.7069746092455,0.8700355309932044,True,True,False
eval_0943,0.001,1.0201462332544193,1.0006665839192506,0.9140919783350439,0.9748581348533485,1.0133314699140148,0.22941824478853293,2651470.306936849,2036079.7073060807,2036079.7073060807,0.0,False,17,,1403.1647414395652,111.61758409132807,109.01305893054985,210.8242285507489,0.86582958864953,True,True,False
eval_0944,0.001,1.0579044894596192,0.886364344625904,0.6939629136088638,0.9830207614153199,1.2701553325280301,0.287563167284346,2019920.772254896,1788476.0324339299,1788476.0324339299,0.0,False,18,,1247.6892736405398,124.40537652821374,94.31656264193876,210.77776242150995,0.8674957861632916,True,True,False
eval_0945,0.001,1.180432410804543,0.8969618029559089,1.0275388279619087,0.9710144636538272,0.7863258961742375,0.17802418289384736,2640842.4536224985,1787032.8418297316,1787032.8418297316,0.0,False,18,,1252.152359736789,123.09244573241718,85.4281592639113,210.8207008402067,0.865956060672719,True,True,False
eval_0946,0.001,1.0447984311307827,0.7776515962237928,1.0836267677778335,1.1036483282390788,0.8631628872234529,0.19542007766738972,2193411.242387206,1561787.089403793,1561787.089403793,0.0,False,18,,1103.8286521150735,139.7724623653761,85.00010197871995,210.70691653729347,0.8700376152154016,True,True,False
eval_0947,0.001,0.8943215128592042,1.1070104639743201,0.7118069779204007,1.1303964469989483,1.3364323679133947,0.30256828809559255,2513408.920049462,2285866.993030598,2285866.993030598,0.0,False,17,,1556.6779147439643,101.95284693739575,136.13836778507974,210.8335116344918,0.8654968008456583,True,True,False
eval_0948,0.001,1.1814514505603753,0.9886731633631975,0.9432430034941437,1.0217874452898577,1.275939827805138,0.28887277701508324,2242666.9465800785,1978387.8928466593,1978387.8928466593,0.0,False,18,,1373.5417525653838,112.82955040465694,93.11825680390884,210.8663758460317,0.8643188923970332,True,True,False
eval_0949,0.001,0.9299972836521553,0.9799834993767316,0.951241259208108,0.9942925486591407,1.2032731931047995,0.2724210509189266,2358978.292701897,2010894.9166703175,2010894.9166703175,0.0,False,17,,1383.1908277272212,113.72498161027043,117.36430177406922,210.78828728217408,0.8671183179496386,True,True,False
eval_0950,0.001,0.9840862962681097,0.9841994585802181,1.050620356206347,0.970500885489181,0.8942275686110647,0.20245312153354503,2790517.8052236508,2008832.0351702815,2008832.0351702815,0.0,False,17,,1384.2465423831975,113.28869997550451,111.34066155326227,210.80602768566624,0.8664821536565063,True,True,False
eval_0951,0.001,1.085004170326536,0.926747532684168,0.9956156316065269,1.0834738005688485,1.107022970743348,0.250630000576294,2307702.426564987,1867989.585045059,1867989.585045059,0.0,False,18,,1299.2882263405775,119.55195401347433,95.69417187682902,210.807478070364,0.866430148133616,True,True,False
eval_0952,0.001,1.172586233556394,1.1765744278436019,1.1927437868930009,0.9335002741033346,1.0065534624507442,0.22788370389884846,3122316.869143258,2371063.3065492534,2371063.3065492534,0.0,False,17,,1623.2584204518614,96.5237649306306,109.67168859132381,210.93825296923504,0.8617439749869132,True,True,False
eval_0953,0.001,0.9380625416388656,0.8869089365884305,0.9558485769220608,0.8515030312670178,0.9749628350812403,0.22073158586239278,2397203.5405456186,1812789.7736336438,1812789.7736336438,0.0,False,17,,1257.8567411696404,124.33719669279999,106.42427712798181,210.7422455969886,0.868769855407452,True,True,False
eval_0954,0.001,0.9460873323973596,1.07701677809862,0.8677141618969944,0.9980578309037862,1.3224704929739153,0.2994073196092944,2448187.517804117,2211791.01481356,2211791.01481356,0.0,False,17,,1511.7319985061265,104.49708727362837,125.55619966077919,210.83605096225213,0.8654057739901057,True,True,False
eval_0955,0.001,1.0297009948997258,0.998337315267089,0.9921802914528193,1.1825821396102998,0.7877855905669784,0.1783546577043639,2996486.670807861,2029254.5521066869,2029254.5521066869,0.0,False,17,,1399.2407501133075,111.85083102250556,107.77628938137966,210.8259499433344,0.8657678765050861,True,True,False
eval_0956,0.001,1.1740364364994582,0.9314208245338238,1.049681645460017,0.8770139560111803,0.8160667642283693,0.1847575154213028,2705227.289560087,1860284.2887048656,1860284.2887048656,0.0,False,18,,1298.3099367815523,119.01559987687226,88.83581872970495,210.83665471660106,0.8653841316320474,True,True,False
eval_0957,0.001,1.0734129041502691,0.6394931271580243,1.165412247383313,0.8670339855667724,1.1500776571725713,0.26037758158387014,1499492.5518296992,1263786.3361422396,1263786.3361422396,0.0,False,19,,917.8794603713211,166.10915279500992,69.61666261823383,210.60706877237462,0.8736228855527273,True,False,False
eval_0958,0.001,0.9429395483873625,0.9655822924141911,0.7842510725329539,1.0630995041719138,1.3833652265670047,0.3131938872947698,2110555.0751732243,1977978.2314873415,1977978.2314873415,0.0,False,17,,1362.8112650516055,115.2420908350624,114.22958382870628,210.785051166721,0.8672343753986503,True,True,False
eval_0959,0.001,0.8498733592240119,0.9524206573008369,1.0075587307216556,1.1493359539519905,1.3565251810747547,0.30711730099532447,2125966.061729315,1968823.7836995146,1968823.7836995146,0.0,False,17,,1352.9402026415564,116.66604035158119,125.19151667068792,210.75147798798048,0.8684386272476,True,True,False
eval_0960,0.001,0.9661705038559149,1.0042546389950293,1.04349502360113,0.8188399695445573,1.093828740247872,0.2476428267921182,2559436.7613067366,2054608.9420605474,2054608.9420605474,0.0,False,17,,1412.5907761542478,111.26026697526615,115.47280144436189,210.81017943355056,0.8663332889772238,True,True,False
eval_0961,0.001,0.8872158805712032,0.9292253254761846,0.9799371871173842,1.0886905929705037,1.0008659141055944,0.22659604295350658,2495048.3206312936,1912235.1886770735,1912235.1886770735,0.0,False,17,,1318.688330167024,119.26695189258719,117.30705928918924,210.7503197523249,0.8684801793837001,True,True,False
eval_0962,0.001,1.0027843555774854,1.0122828762408,1.1010760122160432,0.9185663277972866,1.206325402715998,0.27311207117490194,2423282.4282197896,2063989.0470755424,2063989.0470755424,0.0,False,17,,1420.1628660967926,110.4693644906512,112.05317565540958,210.82446004116053,0.8658212896300078,True,True,False
eval_0963,0.001,1.0698320484540775,1.0228923956040505,0.9460725801993626,1.0224700249489151,1.1246229424524667,0.2546146341712385,2545079.8930283054,2072483.454554558,2072483.454554558,0.0,False,17,,1428.5070465641084,109.44201153949597,106.01660785284679,210.84872918811107,0.8649513325586952,True,True,False
eval_0964,0.001,1.1519966388990677,1.0623533111165644,0.9693380230616384,1.0458714774354723,1.2152079735162136,0.27512308520407075,2508453.12612276,2137901.504701964,2137901.504701964,0.0,False,17,,1473.7382136655183,105.79003660740983,101.85388416779952,210.88949931661722,0.8634903284660486,True,True,False
eval_0965,0.001,0.952488285078869,0.9488303296901945,0.8564517145225012,1.0830761623152587,1.0428709840267723,0.23610599078366123,2479295.0940186535,1940704.4926874368,1940704.4926874368,0.0,False,17,,1339.5903988881028,117.06087039358894,111.32742985985149,210.7794988202804,0.8674335086005385,True,True,False
eval_0966,0.001,1.1277039972396654,1.1628747221943527,0.6584114816947481,0.9989483226915314,0.7512833066203893,0.17009054061885615,3565845.882674657,2352379.3370897723,2352379.3370897723,0.0,False,17,,1609.359302937514,97.54445481120538,112.84332363121385,210.92061457777788,0.8623756881111273,True,True,False
eval_0967,0.001,1.1787243839904245,0.827772713799193,0.6885001494712645,0.8381295434504605,1.4180486317332035,0.3210462102243973,1713696.3435928444,1642467.7481122608,1642467.7481122608,0.0,False,18,,1160.6357578947009,132.22456837170995,79.6432820931286,210.7807190883593,0.8673897431607385,True,True,False
eval_0968,0.001,1.0018019657176773,0.9190882322311857,1.0845690651081439,0.813604632048842,0.8434602775568559,0.19095940683887216,2665322.3657678044,1868231.5656460533,1868231.5656460533,0.0,False,17,,1295.7972871667398,120.441987149463,102.87593206271177,210.7786887834476,0.8674625611999963,True,True,False
eval_0969,0.001,0.9611713710731521,1.1037013208228863,0.7472734699996982,0.8560594248046389,1.4531992905924265,0.32900431939012537,2347422.0446875794,2264664.0127822463,2264664.0127822463,0.0,False,17,,1546.0658435639539,102.2271592328253,126.32998821277626,210.85108272754974,0.8648669777290556,True,True,False
eval_0970,0.001,1.1260346458015364,0.9246772252314596,0.7076158192012466,1.0719629818641123,1.1602047136854536,0.26267034717838667,2228909.4135476826,1855595.1353059425,1855595.1353059425,0.0,False,18,,1293.229868934824,119.79117633108925,92.02312811300277,210.8187335998797,0.8660265900844261,True,True,False
eval_0971,0.001,1.0943552403154426,0.956854191982103,1.0302628431727452,1.0015785490763307,1.0228545452063926,0.23157426903472728,2498483.619137708,1929299.845018645,1929299.845018645,0.0,False,17,,1338.5679463412941,116.18229684922058,97.62820286498305,210.8253628666283,0.8657889231668794,True,True,False
eval_0972,0.001,0.8737195969501387,0.984703922177385,0.9047285993431932,1.043448683249839,1.2218439587633632,0.2766254722640254,2359271.3113652384,2032238.1443371866,2032238.1443371866,0.0,False,17,,1394.3112936105558,113.23673030480691,125.46256937367076,210.77430462151796,0.867619806443916,True,True,False
eval_0973,0.001,1.050239253503779,0.9384332950712881,1.0931318849749656,0.9016138967151472,0.8596272578267142,0.1946196111719681,2689266.9468888794,1899385.1319241854,1899385.1319241854,0.0,False,17,,1317.6695157000745,118.22011584645183,99.97558356024652,210.8030766676318,0.8665879686451033,True,True,False
eval_0974,0.001,0.9644569114273907,1.0087010330364894,0.7549638724725338,1.1025986852694776,0.9574712894696544,0.21677149993592976,2770197.9483526517,2064305.6145906004,2064305.6145906004,0.0,False,17,,1418.6860056886624,110.82077389022417,116.13672272342389,210.81172022743587,0.8662780439092885,True,True,False
eval_0975,0.001,0.9235631904206774,0.9688399471490434,0.8262909512907747,1.073078110533971,0.9591355670832584,0.2171482923876497,2660777.813301742,1988726.660569767,1988726.660569767,0.0,False,17,,1368.8026482574778,114.89522431270517,116.97821283968631,210.78101320824774,0.8673791945001509,True,True,False
eval_0976,0.001,0.9387931406061308,1.0944527373867348,1.0397636083180846,0.8156091559998969,0.7853300203096438,0.17779871659810337,3330591.173057296,2250025.604852389,2250025.604852389,0.0,False,17,,1535.74339338062,103.00209974678326,128.3682406198357,210.8410605183078,0.8652262037054141,True,True,False
eval_0977,0.001,1.1537297211756665,1.1356914515437133,1.077226042249137,1.007415486134446,1.0907507908964722,0.2469459790589613,2877976.3080247915,2290243.888259563,2290243.888259563,0.0,False,17,,1570.8424889602634,99.63847598791952,107.97977493434115,210.91833632096558,0.8624572908260715,True,True,False
eval_0978,0.001,1.074647589049143,0.8486588661198743,1.0104509229025613,0.8660679548059047,0.8029363983559086,0.18178480058777768,2488049.2359670685,1705999.3193867232,1705999.3193867232,0.0,False,18,,1196.192125195493,129.32270396010477,89.31671249690879,210.76121863952088,0.8680891958115896,True,True,False
eval_0979,0.001,0.8999900375706551,0.9724585093527662,0.9286345940285922,1.047391865081906,1.0992528629166172,0.24887084816432212,2479796.462947534,2001095.838634811,2001095.838634811,0.0,False,17,,1375.6422914989234,114.5124738215574,120.44341916270359,210.77595029847208,0.8675607807417811,True,True,False
eval_0980,0.001,1.1445923679566854,1.0291215680877976,0.6487872636194435,0.9094448302913046,1.124922429373773,0.25468243801022217,2545245.0983608747,2070151.1917519572,2070151.1917519572,0.0,False,17,,1430.3057980582762,108.84807273972712,99.63271961327484,210.87338702164183,0.8640676476252127,True,True,False
eval_0981,0.001,1.1579359323595384,0.8318664055044906,0.7523871329302078,1.140409412225347,1.1672178018866253,0.2642581103471319,1972852.690134517,1654954.7407809575,1654954.7407809575,0.0,False,18,,1167.6087505365058,131.64519721859304,81.42992304590595,210.77675190145925,0.8675320298805184,True,True,False
eval_0982,0.001,1.073715838702156,0.9779069738326065,0.704330568385012,0.9701460941921715,0.9635221096776581,0.21814140563102177,2646911.2205006657,1977583.8335833307,1977583.8335833307,0.0,False,17,,1368.294183310581,113.94115934346807,101.46203792070541,210.82935831127836,0.8656456890512434,True,True,False
eval_0983,0.001,1.132738880759439,0.9366835452998145,1.1543109785700232,1.0873101983256321,1.232341238687253,0.27900205643879405,2173591.6131508993,1879419.9680265558,1879419.9680265558,0.0,False,18,,1308.6283633189737,118.41756586428207,92.5396041290094,210.82685058865738,0.8657355886565862,True,True,False
eval_0984,0.001,1.0741279695521073,1.159125316210304,0.9039305785593041,0.9779475956121704,0.9068496396377387,0.20531075841398402,3270897.632287337,2356220.9391245004,2356220.9391245004,0.0,False,17,,1609.4594018731618,97.82777222475363,118.12868938438407,210.90398987501894,0.8629711930406979,True,True,False
eval_0985,0.001,0.9804341635478524,1.0033784665898353,0.8906799690475383,0.9725625758038761,1.0723270704946515,0.2427748487599891,2583810.4474667246,2049858.2914337078,2049858.2914337078,0.0,False,17,,1410.192347023022,111.34730006068652,113.70392275636618,210.8139132949338,0.8661994130046711,True,True,False
eval_0986,0.001,1.0750436811148183,1.0370785417285124,0.9299565242447194,0.8655252410690598,1.144813076110474,0.2591856804314113,2553992.1208722563,2101087.8250018246,2101087.8250018246,0.0,False,17,,1446.936226657774,108.09912438670642,106.81328891810732,210.8564172675641,0.8646757857739077,True,True,False
eval_0987,0.001,1.1343841297770363,1.0137169796753622,0.7903539761839792,1.0857197015408948,0.9161212661704596,0.20740985466099204,2809282.644521243,2040111.337495411,2040111.337495411,0.0,False,17,,1410.7438259187695,110.32931866509333,99.17963290328527,210.86365291087682,0.8644164730084655,True,True,False
eval_0988,0.001,1.1771798578661214,0.7431983063878652,1.0907048338637493,1.1217723421224215,1.1463062513976574,0.25952373531642964,1758563.6352625596,1465094.1388286725,1465094.1388286725,0.0,False,18,,1048.7119148198253,145.50132683110533,72.47092399536761,210.72434724504595,0.8694120727344218,True,True,False
eval_0989,0.001,0.9162914753237666,0.726035251093853,0.9534650846438233,0.8824456507443491,0.9322440090834556,0.21106004365649433,1982009.1581131136,1475570.7173661361,1475570.7173661361,0.0,False,18,,1043.916706920422,148.5405252306669,91.20002835788833,210.6298408942259,0.8728048994007844,True,True,False
eval_0990,0.001,1.024610080358849,0.8152849850404928,0.9761007360308884,0.8150868026158375,1.4059954441427895,0.31831736855392756,1721363.5905169959,1644994.0587264772,1644994.0587264772,0.0,False,18,,1155.4843106539363,134.02507851873222,90.39176782905932,210.72547186389986,0.8693717166609922,True,True,False
eval_0991,0.001,1.0268737151476055,1.0023395083050353,1.0623103443807433,0.7694469403259645,0.9691281400767785,0.21941061091338265,2719831.635386808,2038218.4828512995,2038218.4828512995,0.0,False,17,,1404.8205566651968,111.45068773170159,108.46104504053571,210.82695936447791,0.8657316890966701,True,True,False
eval_0992,0.001,1.0391219510924152,1.0188062054271576,0.9364902446693218,1.0093547835422547,0.7847299248827458,0.17766285499345366,3064522.3759858743,2070226.062031461,2070226.062031461,0.0,False,17,,1425.7239132390887,109.83531678168995,108.75896063443163,210.8379575511373,0.8653374302598805,True,True,False
eval_0993,0.001,1.0511171279337592,1.014629696381764,0.8245700651393135,1.0626268273440798,0.8871022402431736,0.2008399471910545,2877601.7902437346,2059022.2744902726,2059022.2744902726,0.0,False,17,,1419.120952742765,110.24038137269646,107.1227602725505,210.839596814895,0.8652786700747428,True,True,False
eval_0994,0.001,1.0493776976646059,1.0405695640036485,1.2029343965289399,0.8566636595683683,1.0212371828108369,0.23120809818837346,2745666.2346430807,2113699.9139256333,2113699.9139256333,0.0,False,17,,1453.8357086444391,107.7739237062674,109.75594423822521,210.85044474971244,0.8648898437465188,True,True,False
eval_0995,0.001,1.1735353355407827,0.8839653147530607,0.7986497930346952,1.0387632095657853,1.0097959444503686,0.22861780182356345,2294149.606650193,1761202.6535308436,1761202.6535308436,0.0,False,18,,1235.4739087658907,124.7066494869993,84.81795412460093,210.81155312948167,0.8662840351568964,True,True,False
eval_0996,0.001,1.1887995434529581,0.825780472624893,1.161987263642204,0.933775570544468,1.4709048627243488,0.3330128609207926,1661062.9706660833,1636405.508565417,1636405.508565417,0.0,False,18,,1157.2498950007407,132.50844416004944,78.79912414905996,210.78264149855178,0.8673207961198499,True,True,False
eval_0997,0.001,0.8904891624489755,0.8394971746871381,1.030812238083659,0.9021794417204945,1.1351644840244997,0.2570012391831467,2078919.937550605,1721586.0589790228,1721586.0589790228,0.0,False,17,,1197.9921911809986,130.5791724203829,106.75077203755319,210.70015213988563,0.870280399610552,True,True,False
eval_0998,0.001,1.0864115091586928,0.9096204465841801,1.0808169057998973,1.0134127748253547,1.2459730738351453,0.2820883039162769,2098986.1367097553,1831776.6175663287,1831776.6175663287,0.0,False,18,,1276.3913676636703,121.56143104367409,93.99038162249012,210.7989533887636,0.8667358224851941,True,True,False
eval_0999,0.001,1.1269690349544588,0.7270986325076647,0.8583920763178647,0.7517031646249034,0.8611286383234238,0.19495952371642314,2024260.3444227804,1440105.5787510506,1440105.5787510506,0.0,False,18,,1030.8134538684292,148.34841460022335,74.24696095572651,210.69658551090686,0.8704084175647956,True,True,False
