scenario,probability,cac_per_customer,ltv_cac,arpu,arr,final_active_clients
eval_0000,0.001,124.16140292707628,87.25475879670283,210.8054552991527,0.8665026775531004,1243.4052528772693
eval_0001,0.001,136.24178264097938,72.24974854875963,210.7895502630288,0.8670730243840344,1118.391134787469
eval_0002,0.001,98.23190503656949,113.61646026498147,210.91295374552863,0.8626500911814227,1598.7960348461518
eval_0003,0.001,126.42165781571721,104.20425586070927,210.73414057055322,0.8690606613169212,1235.6009073731843
eval_0004,0.001,137.46240752112882,82.23626665978296,210.73328901156043,0.8690912162959162,1119.5953949334462
eval_0005,0.001,111.24314885513216,119.45284630018392,210.80099288649646,0.8666626888063633,1415.5831560898364
eval_0006,0.001,105.28230335889211,100.0049425726506,210.89972381424002,0.8631240205472686,1478.9182471007693
eval_0007,0.001,103.48757784415447,108.41162379459256,210.88680572861713,0.8635868361959144,1512.8453776787137
eval_0008,0.001,152.89144540948618,83.01751175173355,210.63068954276926,0.872774418933788,1008.4363483832058
eval_0009,0.001,129.40963656421292,103.82681344243791,210.71531688479934,0.869736135809532,1206.8651137203306
eval_0010,0.001,174.52408266149735,55.721289711694276,210.64121838534027,0.8723962804137145,858.820644603551
eval_0011,0.001,124.20964440728964,91.79996303625342,210.78789754383044,0.8671322950242554,1247.3640178139176
eval_0012,0.001,127.1628653493721,91.4155156844635,210.76859628693282,0.8678245551415984,1218.265163761677
eval_0013,0.001,100.8571948174835,109.3757399969029,210.90445446039632,0.8629545500916385,1553.212860165528
eval_0014,0.001,104.66110611946775,125.5200773867239,210.83493136583948,0.8654459077043325,1509.3231140203109
eval_0015,0.001,141.77134704818656,85.71080000106164,210.6911807733971,0.8706024194935185,1089.0283862766285
eval_0016,0.001,139.1209273485612,97.86070253591134,210.66894455083832,0.8714006888008251,1118.945787738337
eval_0017,0.001,146.88025243109325,96.26458494847317,210.62512534770462,0.8729742696993468,1059.0554270592272
eval_0018,0.001,122.80169041262204,91.56954288908874,210.79872241843543,0.8667441048634804,1261.3365510474987
eval_0019,0.001,100.70974010342681,134.1505437826411,210.84634201617015,0.8650368947577941,1574.8317345776054
eval_0020,0.001,120.76952452957161,105.75001269907722,210.7683622924749,0.867832948379693,1294.481218627166
eval_0021,0.001,104.00597848277278,113.93992128746272,210.86737783944744,0.8642829850406621,1510.1293530599382
eval_0022,0.001,97.40937658862168,143.0280911333929,210.85446791023517,0.8647456503647496,1634.3770968616564
eval_0023,0.001,115.68029933551662,119.42354156153085,210.77011771450603,0.8677699829195814,1361.0590947555177
eval_0024,0.001,122.54946758144912,103.81109212649973,210.7614569685203,0.8680806465168044,1274.2752259588508
eval_0025,0.001,115.81595967655483,105.37752017646264,210.80414354174582,0.8665497132769926,1349.4758743900718
eval_0026,0.001,118.29132796800802,86.64531226225868,210.8510746404578,0.8648672675808694,1303.7670202637014
eval_0027,0.001,128.24881344620616,96.81642325174221,210.74322684155067,0.8687346501658023,1212.5625460943488
eval_0028,0.001,128.43277250491488,83.74380500719678,210.78941556601288,0.8670778549208145,1198.9185015541743
eval_0029,0.001,124.94567310840968,112.92994196223329,210.72225225884418,0.8694872508345006,1255.9835157541343
eval_0030,0.001,119.1849980589527,98.61501933694339,210.80048887358933,0.8666807619078881,1305.8766860401051
eval_0031,0.001,128.57515395949915,104.11522390595809,210.72005491760805,0.869566103527732,1214.881612942031
eval_0032,0.001,118.65183073888983,100.03191377560964,210.7998233600336,0.8667046262983018,1312.9415648456597
eval_0033,0.001,101.43782915527619,109.68467182093617,210.89898847418826,0.863150364019025,1544.6104552834734
eval_0034,0.001,119.32474922636622,92.32331914400746,210.821022059999,0.8659445444401861,1298.5419090853948
eval_0035,0.001,96.25288728756946,108.15036242439905,210.94521706604874,0.861494587264936,1626.2459632184532
eval_0036,0.001,119.11672490116003,111.51570087765992,210.76482967398368,0.8679596635088935,1316.5787092478947
eval_0037,0.001,125.18039570610229,103.69575507167983,210.74386853474098,0.868711627577214,1247.4636007265067
eval_0038,0.001,98.26032110623629,101.31509680772858,210.95170059402008,0.861262423749629,1585.6370838081782
eval_0039,0.001,135.23754188440824,77.03419555862551,210.77188106965818,0.8677067339612685,1132.2798467569546
eval_0040,0.001,123.46141052847373,99.53785497458973,210.7676093088591,0.8678599575679355,1261.5863803411553
eval_0041,0.001,109.68268512416371,96.4625377965172,210.87806742874355,0.8638999350070345,1416.2559671090544
eval_0042,0.001,118.82591583328161,107.50401679686654,210.77710186032994,0.8675194780760395,1316.943889568651
eval_0043,0.001,122.20177462183538,89.87371217613226,210.80933947882227,0.8663634058413383,1265.821942427348
eval_0044,0.001,106.37424421672698,119.13304625399054,210.83677393316015,0.8653798581744474,1480.4133673678778
eval_0045,0.001,119.3684851348989,97.40705166555466,210.80308343854216,0.8665877258564105,1302.8193307984325
eval_0046,0.001,125.88307741939802,84.63670723251089,210.80383802420494,0.8665606683124765,1223.8675647912655
eval_0047,0.001,142.0854287386215,101.6321841813735,210.64023821120048,0.872431481319642,1098.0749319970482
eval_0048,0.001,100.75437156807517,129.3965312365764,210.85552089140293,0.8647079115622743,1570.9770607681692
eval_0049,0.001,120.819373846202,102.6877507174117,210.77660387308964,0.8675373391545479,1291.6124064247647
eval_0050,0.001,103.64148830673517,106.24345942525012,210.89215905795876,0.8633950358366095,1508.5629550796484
eval_0051,0.001,117.79677220790653,108.62074119944246,210.78131444042117,0.8673683907867515,1329.2717514524231
eval_0052,0.001,114.94017259202711,108.53622149319047,210.80165103792007,0.866639088672812,1362.2383686420558
eval_0053,0.001,101.34552972853233,131.93994939234508,210.84598535635067,0.865049678502059,1563.4361984928673
eval_0054,0.001,110.10842419845291,116.5024038907384,210.81594966367388,0.8661264018894512,1428.1546321933297
eval_0055,0.001,99.56388422800907,126.01351653289058,210.8717160926514,0.8641275236809113,1587.4798695750915
eval_0056,0.001,102.9564670483463,106.33891034004672,210.89720291450567,0.8632143322514303,1518.6795184325417
eval_0057,0.001,126.65222882950656,108.83804131352309,210.72069717898236,0.8695430554858355,1236.4823774987885
eval_0058,0.001,117.57915225955566,124.92473831754086,210.74585896141937,0.8686402161879507,1342.2254275895857
eval_0059,0.001,102.7024912003805,102.25645705831668,210.91239857674844,0.8626699775263005,1518.3111513146991
eval_0060,0.001,126.87932163200072,100.91404656172635,210.74022299555662,0.8688424236436324,1228.7703823282893
eval_0061,0.001,113.18729881208893,112.45886475329905,210.80389665323656,0.8665585660309769,1386.3188033170989
eval_0062,0.001,107.12325173780633,116.61034881060294,210.8373561662637,0.8653589874143567,1468.155689410104
eval_0063,0.001,118.31893128478987,103.69592766586835,210.79120772277204,0.86701358466946,1319.648995967889
eval_0064,0.001,124.45531560144468,103.69286538729155,210.74878383604502,0.8685352816574583,1254.7143291622592
eval_0065,0.001,107.78769908125108,115.43021711028834,210.83540664513387,0.8654288705099846,1458.1876284439636
eval_0066,0.001,109.05994676906059,105.24550038111119,210.85387710712106,0.8647668248895395,1432.8215111022237
eval_0067,0.001,107.36798796542834,114.71774485129288,210.84028037441823,0.8652541678301009,1463.353269505786
eval_0068,0.001,153.75153113318535,88.9405189097398,210.60517892746824,0.8736907776883226,1007.2316559811038
eval_0069,0.001,108.01544986768312,110.63858145567728,210.84622178664566,0.8650412041352058,1451.316634171143
eval_0070,0.001,106.31564888352761,123.24231773891161,210.82784265627575,0.8657000236671468,1484.1495480704193
eval_0071,0.001,131.73592410694644,99.88929193225864,210.71084378844517,0.8698966674180111,1182.8824530985876
eval_0072,0.001,131.8420940432763,86.45476311928223,210.75465640684862,0.8683246026316377,1170.9088849107275
eval_0073,0.001,110.53987773800044,95.94525563425667,210.87336391003836,0.8640684757997479,1404.802795204639
eval_0074,0.001,134.0581315748396,76.8245753024651,210.78118917389378,0.8673728834759468,1141.8460683814044
eval_0075,0.001,100.01509347298253,115.22447838710758,210.89455481752435,0.8633092031459498,1571.6520318222294
eval_0076,0.001,114.27330286175382,128.1018931968148,210.7620610177898,0.8680589782571975,1383.1037173181196
eval_0077,0.001,106.50259172758858,109.09481319946146,210.86182471668553,0.8644819906015277,1470.6256661674213
eval_0078,0.001,122.04150615229182,107.12110650663116,210.75597904061655,0.8682771546416632,1281.9930020671998
eval_0079,0.001,109.20383189145761,122.41768612878553,210.80889601972228,0.8663793063158699,1444.142289987698
eval_0080,0.001,129.99938813087783,79.15239930858658,210.79881786011123,0.866740682412737,1179.6605792898806
eval_0081,0.001,122.40834931542958,83.77967095872056,210.83284336609307,0.865520756515118,1257.231975503371
eval_0082,0.001,102.16411440970644,127.19785851901192,210.84968947964367,0.864916913860384,1547.6314948332379
eval_0083,0.001,103.6747630145083,94.5103985396578,210.93291878068237,0.861935006032057,1495.5031972110676
eval_0084,0.001,139.5468065880662,87.11118877412828,210.70057093772857,0.8702653678734956,1107.4229941738072
eval_0085,0.001,162.37923245836575,79.04868336507606,210.58806584540636,0.8743056157237884,947.0660610438059
eval_0086,0.001,105.86427283425618,133.135231515519,210.81100921439773,0.8663035371367453,1496.8624496358711
eval_0087,0.001,113.57211770514397,115.32474477209833,210.7941365323889,0.866908554172802,1383.6613275571206
eval_0088,0.001,159.4612461544046,81.02201985457799,210.59804472882126,0.8739470827082336,965.7703067988903
eval_0089,0.001,121.21901919944379,91.43386272716083,210.81057185986734,0.8663192184796459,1277.5421749580423
eval_0090,0.001,139.49625154669855,86.49372220208757,210.70315123921242,0.8701727555021388,1107.294824689674
eval_0091,0.001,115.95464174174724,110.7039039874867,210.7888050841055,0.8670997482471992,1351.9307327560502
eval_0092,0.001,112.32523094940795,107.46783151535682,210.82336486585518,0.8658605522431451,1393.0836396608781
eval_0093,0.001,109.08626433179336,101.80895953679148,210.86438171295526,0.8643903550067762,1429.3104698362226
eval_0094,0.001,112.06850492187462,114.93150986919808,210.80572867758414,0.86649287508836,1401.9905557956376
eval_0095,0.001,146.58456948680268,85.5502265863291,210.6609045234258,0.8716893632602006,1053.4692670908394
eval_0096,0.001,106.65213891060264,108.00073006528307,210.863839470711,0.8644097872665614,1467.6072671067664
eval_0097,0.001,113.84924077968127,100.16172813827693,210.83415565202466,0.8654737146498371,1368.2242948362896
eval_0098,0.001,115.57173839241757,104.24257632943721,210.80915624297646,0.8663699758571618,1351.3995420474898
eval_0099,0.001,103.7115118437632,108.60815017020013,210.88449823391923,0.8636695126690958,1509.7602305951239
eval_0100,0.001,111.73706929741097,108.54560416549985,210.82464296242674,0.8658147318457525,1401.289028337884
eval_0101,0.001,106.70133482368593,109.42652292538833,210.85939011526094,0.8645692419727743,1468.1723851082752
eval_0102,0.001,111.11570847368895,103.13512525011805,210.8449834747188,0.8650855891384445,1404.496476683898
eval_0103,0.001,104.69430733630598,131.19636043815947,210.82308306872162,0.8658706548852065,1512.543174617592
eval_0104,0.001,135.43899659048643,74.01692121812077,210.78571151102523,0.8672106930507768,1127.092811510885
eval_0105,0.001,102.56106577926398,118.49048833147054,210.86666933106574,0.8643083750553516,1535.182245894637
eval_0106,0.001,106.10045093698058,108.26409273568264,210.8672481010132,0.8642876343176437,1475.4689004673246
eval_0107,0.001,116.21937979563563,103.6107070867433,210.8063667826227,0.8664699948082213,1343.3659358628922
eval_0108,0.001,106.85418282291388,106.87103726597064,210.86562446268945,0.8643458191346365,1463.8295804543025
eval_0109,0.001,125.41396258750045,96.49644051556092,210.76359859747686,0.8680038232574878,1239.5685411135553
eval_0110,0.001,150.88905699195672,93.4268634638016,210.6088447889472,0.8735590837778954,1029.2513913672121
eval_0111,0.001,111.66071279947631,109.05137050169986,210.82381083865724,0.8658445638334088,1402.6534199343014
eval_0112,0.001,125.79778800409868,85.88737619599193,210.79925426060768,0.8667250335316486,1225.9996095971117
eval_0113,0.001,147.5261419541134,86.34389709280742,210.65215072927325,0.8720036903295706,1047.435471802134
eval_0114,0.001,109.32507066023958,100.01859484358509,210.8684519670781,0.8642444930672817,1424.4724871668643
eval_0115,0.001,136.3236152963934,95.70787101023902,210.6931636085796,0.870531244881135,1140.2665397123628
eval_0116,0.001,110.61015832797762,122.20643017785767,210.799385305993,0.8667203343891206,1425.5513579296946
eval_0117,0.001,105.51387263588168,113.4413319527094,210.8573472104604,0.8646424572549066,1488.0971986455042
eval_0118,0.001,106.36716957323205,130.8928243361127,210.8117009227801,0.8662787360715128,1488.3779765798738
eval_0119,0.001,121.32964187798828,110.60267459826048,210.75197792076784,0.8684206921135168,1291.9319810507177
eval_0120,0.001,122.10139588776357,99.40034643749036,210.7774707787777,0.8675062463027613,1275.4707740092856
eval_0121,0.001,117.70794660090533,85.39106768681204,210.86089347218117,0.8645153643520928,1308.7082687370669
eval_0122,0.001,114.03435447066593,109.63544650271042,210.80516690214836,0.8665130185627591,1373.9044145122348
eval_0123,0.001,127.04045782266823,101.6183776816464,210.73713012565585,0.8689533943757234,1227.73801677829
eval_0124,0.001,126.88467481474744,96.95238511685868,210.75207119161118,0.8684173460229742,1225.6439077984912
eval_0125,0.001,119.59940061579601,104.23312639349226,210.78068858485386,0.8673908371759128,1305.9695575019546
eval_0126,0.001,139.33366130591548,80.73358982999035,210.72700835281728,0.8693165816467405,1103.2861799629195
eval_0127,0.001,130.67603235662628,101.00546878404086,210.71466959756788,0.8697593653949321,1193.2433352067321
eval_0128,0.001,116.85425520988515,95.2630924028173,210.8285294412981,0.86567540305953,1328.6908721501559
eval_0129,0.001,119.82518025238831,107.89697701737363,210.7691443712575,0.867804895765034,1306.2528972655775
eval_0130,0.001,110.19518984566587,97.35902898876796,210.87094992037285,0.8641549790093436,1410.6306053487283
eval_0131,0.001,156.10154010557088,68.12791560021265,210.6777100653929,0.8710859910766077,974.0294282587851
eval_0132,0.001,135.37634292964006,102.12821230901623,210.68111139879534,0.8709638841473235,1152.6761512169687
eval_0133,0.001,138.4679470746023,97.31035336917732,210.67466434416016,0.8711953349732955,1123.8224202827414
eval_0134,0.001,121.79801697188968,121.10344038472377,210.7253983925251,0.8693743531110159,1293.4046127504998
eval_0135,0.001,144.1072099974014,79.82991245870815,210.69917645758173,0.870315419602074,1066.334922074441
eval_0136,0.001,138.33575443296047,94.14920345995506,210.68492657362214,0.8708269251166236,1122.6310769346599
eval_0137,0.001,147.22412547813747,89.50929682064903,210.64335522955298,0.8723195412548308,1051.9708234541683
eval_0138,0.001,115.21112218992569,99.02539231950003,210.82784907509273,0.8656997935577537,1351.0872675846576
eval_0139,0.001,106.23484470148159,94.52690004286887,210.9122636647852,0.8626748101370362,1459.7503422448845
eval_0140,0.001,106.5598486690787,111.71154165444813,210.85414226138766,0.8647573216825849,1472.052113193511
eval_0141,0.001,114.6400603459423,92.18169374567714,210.856239170454,0.8646821686863758,1351.0325773037005
eval_0142,0.001,156.52733672061606,80.28194331302836,210.61867735088185,0.8732058774307591,983.0750259224066
eval_0143,0.001,107.06952735862595,110.8918391582009,210.85256524404102,0.8648138428000907,1464.3588897776276
eval_0144,0.001,125.24643377048366,84.01320156005441,210.8110849045495,0.8663008232736124,1229.3435383434494
eval_0145,0.001,101.67678570197911,109.98411156582932,210.89624681822266,0.8632485851441758,1541.2573848713437
eval_0146,0.001,138.68279920542724,73.69938758811139,210.76459246266924,0.8679681724379126,1100.8078985439681
eval_0147,0.001,107.44825022243602,100.25114160486886,210.88203792984677,0.8637576662248527,1449.4823322361356
eval_0148,0.001,145.03026525556584,86.73434844390265,210.66654999637308,0.8714866621633648,1065.6130029126764
eval_0149,0.001,102.42781247699347,121.35049706102355,210.86079268514345,0.8645189763550661,1539.3987632229757
eval_0150,0.001,134.26505683793377,96.97019107253556,210.70276948592542,0.8701864572763294,1158.596379300253
eval_0151,0.001,139.86594411161323,94.8241479795459,210.67307030986504,0.8712525633755742,1110.9037698480633
eval_0152,0.001,141.90180557488793,78.14981407178566,210.72110587883697,0.8695283890513185,1081.027401861171
eval_0153,0.001,148.06591942756629,88.55215010296054,210.64125725834964,0.8723948843775742,1045.3303758397146
eval_0154,0.001,108.82181910886057,111.49037635187194,210.83797362824888,0.8653368539637698,1441.2425307146038
eval_0155,0.001,104.76989656619395,117.985307313694,210.85136614305836,0.8648568197654496,1502.304649433164
eval_0156,0.001,137.74104498343644,75.10307811749412,210.76395587391025,0.8679910073985235,1109.8453614912441
eval_0157,0.001,132.5767821398291,98.08801867661721,210.7105236455058,0.8699081570498047,1174.1094329253408
eval_0158,0.001,100.61406086566282,126.04609083500239,210.8637303066954,0.8644136993742714,1570.8203917145902
eval_0159,0.001,97.11626280951178,113.688108474897,210.9216359060866,0.86233910669563,1617.2691415202662
eval_0160,0.001,123.60072113648764,115.44003525196526,210.72548029355053,0.8693714141711542,1271.2122324525155
eval_0161,0.001,118.89088062705952,92.48172354091577,210.82360341045796,0.8658520002583954,1303.4009271393033
eval_0162,0.001,115.20053052437353,87.45705827381025,210.8710430569406,0.8641516415051156,1339.2994548119007
eval_0163,0.001,120.87560183303414,87.28737970039263,210.82920506211812,0.8656511828347496,1276.888242733249
eval_0164,0.001,142.9863987860667,93.91580474377753,210.65606661590826,0.8718630773089117,1086.1538736442444
eval_0165,0.001,119.42637728919482,102.621035208701,210.78653749609677,0.8671810704315691,1306.5854427013728
eval_0166,0.001,132.0019170459302,85.83988648225916,210.75595211821283,0.8682781204464973,1168.9223492737217
eval_0167,0.001,124.26516861125434,102.30189433364646,210.7539742604322,0.868349074095313,1255.595979198119
eval_0168,0.001,106.91172904198972,102.5998284718725,210.87840130109666,0.8638879716726903,1459.0572258543648
eval_0169,0.001,112.15715611190114,101.74627331623284,210.84159526128417,0.8652070360541478,1390.2441966347924
eval_0170,0.001,104.04646334982606,119.40131382009135,210.8533231538329,0.8647866788155538,1513.8756304333933
eval_0171,0.001,133.71279288032494,77.49616052012709,210.78035331954175,0.8674028615636104,1145.5186738541365
eval_0172,0.001,141.01450314461545,102.89771327772101,210.6436503008618,0.8723089446645467,1107.1642135704317
eval_0173,0.001,109.26756533653239,124.93166265322917,210.8030878513127,0.8665875676249937,1444.930880428576
eval_0174,0.001,108.6639211477946,127.85469257730963,210.80139208098413,0.866648374388042,1454.8456962826072
eval_0175,0.001,108.93784918198955,105.96047206389107,210.852655372076,0.8648106125419163,1435.0599212422624
eval_0176,0.001,122.1802491786547,91.96754455816618,210.80171480940965,0.866636801949025,1268.0823681330344
eval_0177,0.001,131.17369792700347,97.42921796401774,210.72174868600487,0.8695053216533575,1186.1205553141665
eval_0178,0.001,102.73943649004659,113.82502525667041,210.87731113573614,0.8639270346839049,1528.6880692470634
eval_0179,0.001,115.44070988916154,105.84834499311317,210.80548804875122,0.8665015032572743,1354.2341766925965
eval_0180,0.001,117.19307897077687,112.77659940891023,210.7750022449213,0.8675947845850858,1339.0894396234044
eval_0181,0.001,135.91286817957698,97.8815622170535,210.68940258385493,0.8706662494133145,1145.2620670913866
eval_0182,0.001,117.49001017952062,109.69136174411302,210.78066830458033,0.8673915645327186,1333.5248447014214
eval_0183,0.001,124.68801140924307,106.48751426317202,210.73972025901028,0.8688604613751604,1254.3649648609353
eval_0184,0.001,126.05296765235063,92.30614491535097,210.7731775846353,0.8676602305491972,1229.716166498657
eval_0185,0.001,120.02756656022152,105.81282541364791,210.7733216357075,0.86765506375922,1302.5199507888842
eval_0186,0.001,107.01215273080726,116.42517577877317,210.83862707936004,0.8653134305935117,1469.5444126246666
eval_0187,0.001,123.2470562874105,102.42718466869074,210.76057980349609,0.8681121121173734,1266.0361525223748
eval_0188,0.001,139.97562241226535,90.47084350840383,210.68613837136544,0.8707834244405329,1106.7852165936265
eval_0189,0.001,127.38889613239557,77.63422277959312,210.82515839190825,0.8657962535998369,1201.6421997748112
eval_0190,0.001,127.58157112817733,89.24303461677117,210.77356892184883,0.8676461941745387,1212.306208529812
eval_0191,0.001,139.25447383166042,99.84618535359974,210.66260500816438,0.8716283060946174,1119.1965307786718
eval_0192,0.001,102.48513670712535,143.07347215429198,210.81755509703507,0.8660688423458551,1552.4993497829128
eval_0193,0.001,148.66293427951683,91.44716396781156,210.6283248114661,0.8728593523656778,1043.2344557687807
eval_0194,0.001,121.50698475912718,100.90244576796478,210.77706400914462,0.8675208356640678,1282.9106290882014
eval_0195,0.001,101.61644801578592,110.4373345309129,210.89540253868122,0.863278832373435,1542.5915254129072
eval_0196,0.001,115.50975555667294,110.67651998950929,210.79200183945505,0.8669851064393285,1357.1211751023036
eval_0197,0.001,117.90405200953448,85.64222910499302,210.85830854526765,0.86460800398026,1306.849970734152
eval_0198,0.001,127.24475775682615,84.81465924118046,210.79335797580276,0.8669364738266806,1211.1051671380596
eval_0199,0.001,106.7546056680692,120.69125024430627,210.83037611809678,0.8656092022004117,1476.238076438319
eval_0200,0.001,107.59491288891071,107.76915885392589,210.8574140492974,0.8646400618079072,1454.5517358354705
eval_0201,0.001,113.20189675218427,100.24029125750667,210.83867316700332,0.8653117785581386,1376.0898129810967
eval_0202,0.001,109.18038857250106,112.1714529122186,210.8335437465226,0.8654956497173957,1437.0436798717387
eval_0203,0.001,115.80441860000158,104.74980695831897,210.80602144905816,0.866482377280146,1349.1034296616217
eval_0204,0.001,106.18751241473838,140.6575595896072,210.79544783863687,0.8668615301616306,1496.4888408620811
eval_0205,0.001,121.73747467695105,101.00307364659926,210.7751594393501,0.867589146470258,1280.570252517448
eval_0206,0.001,113.08210073618758,103.7698478710391,210.82857143451815,0.8656738976466458,1380.6860195249742
eval_0207,0.001,125.62702831096203,99.50090242482393,210.75285384524912,0.8683892684484638,1239.8922650908785
eval_0208,0.001,99.19982804962696,122.75205821171095,210.88194557581832,0.863760975342062,1590.8611787779068
eval_0209,0.001,114.38177077252843,91.6785939581251,210.86012320226806,0.8645429693508511,1353.5216410031885
eval_0210,0.001,126.36692890999025,99.99402614690527,210.74636137709007,0.8686221910192621,1233.039136487908
eval_0211,0.001,129.4707860975412,108.38081417646684,210.703346465505,0.8701657485179332,1209.2793236042771
eval_0212,0.001,113.03482719794869,101.35291935071572,210.83635472885132,0.8653948850667003,1379.130461828487
eval_0213,0.001,142.72350856051787,71.05395090244956,210.75078375878383,0.8684635329241042,1067.0890229876109
eval_0214,0.001,128.0066989765363,115.77217779619964,210.69600556541948,0.870429234110742,1227.5485924925295
eval_0215,0.001,121.59521856954058,89.16423254235902,210.81645749808712,0.8661081944260082,1271.3626674327718
eval_0216,0.001,103.08078796229823,105.57460015089872,210.8986137763048,0.8631637875977376,1516.1072813347878
eval_0217,0.001,101.27940295971588,105.76549560695747,210.9122079479349,0.862676805942939,1543.2208973653487
eval_0218,0.001,133.08423397450633,84.25391330210358,210.75483354205292,0.8683182480720584,1157.9923406631822
eval_0219,0.001,152.35901503841333,92.42591204176321,210.6029143922385,0.8737721320709648,1018.72883414255
eval_0220,0.001,122.45934815833175,92.47546785962503,210.7978940522313,0.8667738094441252,1265.6937231398665
eval_0221,0.001,107.83362768409292,132.66775383985868,210.7979707473695,0.8667710592051251,1469.0217574045755
eval_0222,0.001,110.35687665047529,106.4109019770517,210.8407915963554,0.8652358431435627,1417.0187222906777
eval_0223,0.001,128.7504906145454,87.76532561621666,210.77099399276338,0.8677385519737693,1200.0077806313818
eval_0224,0.001,132.46118752314143,100.093393051566,210.70551401049133,0.8700879527304426,1176.5722854043238
eval_0225,0.001,119.54241797446477,90.03106165449458,210.82807215845673,0.8656917962084556,1293.8906299230587
eval_0226,0.001,121.17960039809604,91.58704114705576,210.81029082091035,0.8663292951633573,1278.103831228501
eval_0227,0.001,113.12708936938068,94.56783218533886,210.85872319245084,0.8645931435383513,1371.472547771858
eval_0228,0.001,132.88772104659387,96.08505178611985,210.7144835283792,0.8697660429980054,1169.8828257440532
eval_0229,0.001,107.26332441626084,111.18414763854936,210.8503252022902,0.86489412850863,1461.9530980778272
eval_0230,0.001,107.88506263398929,101.6492871890532,210.87403677534178,0.8640443646127068,1445.0162454568272
eval_0231,0.001,150.7622198855599,86.22750933281043,210.63239660571406,0.8727131079884889,1025.0580543431613
eval_0232,0.001,107.40470431636825,124.7701176060255,210.81669302491756,0.8660997500769791,1470.0369589314457
eval_0233,0.001,98.7134235733925,119.45781151352115,210.89369766947314,0.8633399118981295,1596.0785848541022
eval_0234,0.001,112.5423225593916,110.10254650773572,210.8146116513001,0.8661743742679563,1392.4870410913245
eval_0235,0.001,143.78064155516847,99.8094444199364,210.6345230211296,0.8726367369519745,1084.0528813958867
eval_0236,0.001,101.02281721245163,130.70182359730802,210.85085008491538,0.8648753159502334,1567.6524104658347
eval_0237,0.001,110.86817801630478,113.66350165639544,210.81745956569983,0.8660722674027945,1416.2679156886682
eval_0238,0.001,146.24083302992477,69.28443507231411,210.73660341842788,0.8689722927104335,1039.7946139468359
eval_0239,0.001,103.86372618180454,103.26859298464016,210.89987047441008,0.8631187664857197,1502.4214850158091
eval_0240,0.001,113.54262054692225,100.66738153815669,210.83479148484503,0.8654509219910232,1372.365562823822
eval_0241,0.001,123.72485472055982,86.26033417086298,210.8126381161143,0.8662451334522391,1246.7103123772658
eval_0242,0.001,101.89988302486859,128.89128614784298,210.8480839240263,0.86497446024256,1552.8363476090756
eval_0243,0.001,120.59809772745427,84.54351618609809,210.84290151155068,0.8651602144369319,1276.7479786848921
eval_0244,0.001,128.1765589478186,89.20459957499985,210.76956849053985,0.8677896829923912,1206.6917927593363
eval_0245,0.001,130.95555927322022,84.6159467358816,210.7680774820404,0.8678431643809303,1176.9652995992328
eval_0246,0.001,100.42070784536716,104.51946206257438,210.9230893626939,0.8622870481403582,1555.108897568534
eval_0247,0.001,117.3997100658099,84.68790317711864,210.86636073038616,0.8643194340827184,1311.2693233163245
eval_0248,0.001,102.89698077110552,116.73241430149753,210.86852888818808,0.864241736570686,1528.7503723295017
eval_0249,0.001,119.69755727894727,102.29312725850944,210.78559537139836,0.8672148582293452,1303.3704775395847
eval_0250,0.001,118.08480220234028,99.8246061603062,210.804515909363,0.8665363612208955,1319.0436721212814
eval_0251,0.001,110.30708084052281,123.85649759115655,210.79800238328832,0.8667699247617314,1430.5541144440745
eval_0252,0.001,122.0006315953774,110.93364905940139,210.74662706591147,0.868612658935272,1285.0427053729343
eval_0253,0.001,147.96858776960266,78.76458274194422,210.6785986634997,0.8710540902696411,1037.870147708758
eval_0254,0.001,151.12758059454666,86.98686753746132,210.62755425146878,0.872887028778283,1023.1702537360002
eval_0255,0.001,133.67613324321965,88.13040079848453,210.73586866305806,0.8689986560016336,1156.5171291893412
eval_0256,0.001,107.63442953265118,109.94422008997631,210.85096150583226,0.8648713224742063,1455.8787261952261
eval_0257,0.001,130.2074804002385,76.21616330386863,210.81179091617108,0.8662755093885031,1174.3272090489208
eval_0258,0.001,102.32749436230405,112.22437557321754,210.88483650064705,0.8636573926147229,1533.4644225134628
eval_0259,0.001,115.40805578459012,100.62555704803746,210.82128882564456,0.8659349805007567,1350.2266132759273
eval_0260,0.001,103.03636647379858,108.55637622871619,210.88986916267265,0.86347707755881,1519.6030094620326
eval_0261,0.001,108.04432410856899,98.06575834370332,210.88498203883336,0.8636521780117504,1439.2938102310761
eval_0262,0.001,115.01117442930152,106.80854971319275,210.8058659176926,0.8664879541123482,1360.0516764841832
eval_0263,0.001,110.09096670769189,105.45313453706862,210.84557301759128,0.8650644579983401,1419.607026835536
eval_0264,0.001,118.51242007772642,121.36324566118486,210.74674815977477,0.8686083144741429,1329.5677781305803
eval_0265,0.001,145.92832846755542,84.47977485753908,210.66898134665087,0.8713993677103,1057.2819638863693
eval_0266,0.001,116.83402844757377,108.11578869093303,210.78939157001378,0.8670787154717535,1339.845656870769
eval_0267,0.001,128.88584883935985,89.45835189224147,210.763716118218,0.8679996076674956,1200.3419877548915
eval_0268,0.001,113.30304877533666,107.87668339057676,210.81515894406627,0.8661547518528555,1381.3956208934376
eval_0269,0.001,98.98033654461487,117.04721772469361,210.89779025955846,0.8631932903122174,1589.7209679626003
eval_0270,0.001,116.00338658730743,116.26692525231253,210.77496658470133,0.8675960636164131,1355.220182230754
eval_0271,0.001,143.6028916251242,86.16086707132969,210.67771263670434,0.8710858987657467,1075.6417625146803
eval_0272,0.001,105.04182286627581,120.05975794712572,210.84438614259912,0.8651069995911037,1499.9583998059165
eval_0273,0.001,104.91887625722997,108.0720590491594,210.8768035005775,0.8639452245006657,1491.9058210703588
eval_0274,0.001,123.98993491780921,97.01520511258738,210.77179509494877,0.8677098177232272,1254.1672702576936
eval_0275,0.001,131.0435191171893,94.05178876821618,210.73317052571258,0.8690954677327357,1184.6489188370565
eval_0276,0.001,111.06533905615227,94.16428530589386,210.87590512408306,0.8639774157555301,1396.3226842272188
eval_0277,0.001,109.94301048038244,116.09111177509983,210.8181311522673,0.866048189272394,1430.011478589045
eval_0278,0.001,125.79196072532585,105.01061461171864,210.73619916435075,0.8689867974717174,1242.3447753355147
eval_0279,0.001,125.72675875154869,78.88208828979802,210.831188215635,0.8655800899720152,1218.8151350906808
eval_0280,0.001,100.22665811161394,136.2836528351494,210.84584447416202,0.8650547281488729,1583.8511044794097
eval_0281,0.001,137.3640253739232,98.6546906217462,210.67788474744077,0.8710797199433112,1133.744552978897
eval_0282,0.001,135.8323353069612,86.57630736698489,210.72713417363016,0.8693120667572998,1136.9513652528228
eval_0283,0.001,145.733507982991,75.95947720737271,210.7056723618418,0.8700822693734185,1050.8058919748346
eval_0284,0.001,124.08723822393144,101.67839842464943,210.7569753871375,0.8682414122307913,1256.9179644001429
eval_0285,0.001,144.30992454118496,86.47909194181338,210.67204462202452,0.8712893876813285,1070.6787882990952
eval_0286,0.001,109.55435608533897,110.87482810684936,210.83424130818642,0.865470644130823,1431.1055623692505
eval_0287,0.001,110.01380715552227,119.36133710086033,210.8099352513458,0.8663420441889618,1431.4023479562645
eval_0288,0.001,116.04401175238613,108.82353593289463,210.79307016645387,0.8669467949493795,1349.499200261464
eval_0289,0.001,137.02039194687217,92.38297019646227,210.69903464042346,0.8703205098471298,1131.9968337501311
eval_0290,0.001,115.84578982270357,102.40204866584862,210.81264762859263,0.8662447923884035,1346.6751276137115
eval_0291,0.001,143.37040059592363,76.89784060056547,210.71699960481087,0.8696757476941819,1068.8395939260672
eval_0292,0.001,144.80085657045,78.59728096062587,210.69992069675763,0.8702887067282692,1060.1141668793302
eval_0293,0.001,133.21077509498286,98.9676701596201,210.70381646036307,0.8701488797032558,1169.1783989901796
eval_0294,0.001,114.34547981179877,98.04040678101566,210.83746632145073,0.8653550387983884,1360.3497309529607
eval_0295,0.001,122.71697652717324,103.78156924237412,210.7603906220999,0.8681188984531277,1272.5172903042558
eval_0296,0.001,105.64762613744094,111.66242225647689,210.86111292150352,0.8645074997455008,1484.736177771275
eval_0297,0.001,116.16416015554088,113.95168950945867,210.7792964980481,0.8674407650234461,1351.7819584334036
eval_0298,0.001,114.88104314775374,129.44310805338574,210.755424565086,0.8682970457514785,1376.4782283436957
eval_0299,0.001,136.51715638956244,88.80459978092307,210.7144562145033,0.8697670232323353,1133.2316238807477
eval_0300,0.001,119.25007285526242,103.62969745101262,210.7848514462173,0.8672415381313571,1309.3148195712804
eval_0301,0.001,137.93699495293527,96.97003869335039,210.6790380095866,0.871038317777823,1127.8919144893173
eval_0302,0.001,120.27243667491946,86.30548609549163,210.83773630700318,0.8653453609305483,1282.1506306173178
eval_0303,0.001,103.55194049355026,114.0620550458543,210.87049355357667,0.8641713327371758,1516.8670235303673
eval_0304,0.001,109.69405396251567,94.24359323905405,210.88618191137337,0.8636091871022477,1413.736973405401
eval_0305,0.001,108.37091677965611,105.8527112615739,210.85722215238684,0.8646469392338405,1442.4610877203258
eval_0306,0.001,109.76876876451148,108.89502647883633,210.8380687661217,0.8653334436772417,1426.7007225153527
eval_0307,0.001,131.43298036329898,84.74614159553892,210.76423512197334,0.8679809905246119,1172.8655771855563
eval_0308,0.001,109.9000654397159,97.10325778370651,210.87410882428912,0.8640417828485708,1414.1351315004972
eval_0309,0.001,126.21596909496468,92.72784088904967,210.77057687184887,0.867753513518453,1228.515264727418
eval_0310,0.001,110.66995855136706,106.90982201215698,210.83704327142905,0.8653702034456093,1413.4375330494117
eval_0311,0.001,141.41911515912042,103.96937033662842,210.63849008976152,0.8724942622611692,1104.638803504659
eval_0312,0.001,114.13308061309195,91.41261797315828,210.8630405487574,0.864438418303446,1356.1587843629463
eval_0313,0.001,123.15438072392493,94.23767981434581,210.78681064559856,0.8671712744173732,1260.2119567010561
eval_0314,0.001,115.14241680768265,97.32931944822275,210.83398833981545,0.8654797123028419,1350.313248578328
eval_0315,0.001,130.83498862161898,82.73882920758129,210.77675460793472,0.8675319328085203,1176.1275203488408
eval_0316,0.001,127.72796916341377,80.05810999016953,210.810907034059,0.8663072008060795,1201.3833064034784
eval_0317,0.001,130.86222214673333,98.26004235068504,210.72133644164427,0.8695201151945504,1189.556010533774
eval_0318,0.001,132.09536762914183,88.59033393986662,210.74489114270352,0.8686749388654742,1170.6475594171588
eval_0319,0.001,115.89163859340746,97.59489685656702,210.82759772250122,0.8657088043551474,1341.8770501982112
eval_0320,0.001,153.24728962049795,73.85708899053122,210.66673277483628,0.8714800996715572,997.9750340511033
eval_0321,0.001,110.15041062732793,110.41857395987134,210.8311049803297,0.8655830737968987,1422.9921628387397
eval_0322,0.001,121.11607082682838,92.68047505075596,210.80676946783905,0.8664555559548756,1279.8225523527944
eval_0323,0.001,161.36802606947862,81.74364225258992,210.5839751479111,0.8744526009162032,955.0263168360602
eval_0324,0.001,114.220689608147,119.85825422575891,210.77924235523483,0.8674427068942125,1378.7984223909787
eval_0325,0.001,140.7102492738402,84.90687095551117,210.7011094432449,0.8702460396064506,1096.4639615098204
eval_0326,0.001,112.78462015051467,105.57094656794868,210.82542985049625,0.8657865217936375,1385.8523920188118
eval_0327,0.001,101.48735668118525,110.26238285572276,210.89691547942041,0.863224629804205,1544.393411353558
eval_0328,0.001,123.51840754681999,90.2801032004397,210.79836567050054,0.8667568975438671,1252.841851390121
eval_0329,0.001,112.03134806451182,124.90172666360336,210.7837745920713,0.8672801584281361,1409.0609265156825
eval_0330,0.001,113.83625685285186,89.51409289688445,210.8728948608227,0.8640852836133711,1357.556698767519
eval_0331,0.001,109.52307405187875,109.24060222906664,210.8389195260353,0.8653029477036573,1430.1868393420364
eval_0332,0.001,109.95855079708856,108.16202884062591,210.8387215930582,0.8653100427019705,1423.6307280697638
eval_0333,0.001,105.89233345270351,97.28605403860482,210.90459322587773,0.8629495790780332,1467.5397919650727
eval_0334,0.001,114.662478108432,107.10578313949883,210.80753322029412,0.8664281706717234,1364.4197334
eval_0335,0.001,122.99861995050493,110.7513579759842,210.74035191849157,0.8688377980194676,1274.4888955790198
eval_0336,0.001,128.50296326142202,82.1732829937767,210.7957085609571,0.8668521806157964,1196.5962510603067
eval_0337,0.001,109.42533191871709,117.42013603269935,210.8186719222806,0.8660288013682123,1437.760208847065
eval_0338,0.001,106.06206748921993,119.24022170935697,210.83880949833107,0.8653068916955162,1484.8673834504693
eval_0339,0.001,155.37902147862505,81.52622872719243,210.62094826738405,0.8731243060117991,991.2734937555829
eval_0340,0.001,130.44766921171265,92.01269290326385,210.74398103021923,0.8687075914928618,1188.3267285489537
eval_0341,0.001,117.01383186029709,106.95931134812402,210.79124815339478,0.8670121347607508,1336.9109233550416
eval_0342,0.001,114.82986579633553,87.1758538634278,210.87508825578382,0.8640066865898227,1343.2462171536592
eval_0343,0.001,119.89655877986817,108.28534271937605,210.76763788758407,0.8678589324582274,1305.7551193405272
eval_0344,0.001,136.94057503471683,89.97577507999674,210.7075830082134,0.8700136954154516,1130.7288794498743
eval_0345,0.001,103.15547173196386,115.5797039586402,210.8695252275921,0.8642060325591816,1523.970615866368
eval_0346,0.001,130.33596659537707,94.41212458264101,210.73676134024132,0.8689666264420549,1191.3343053835715
eval_0347,0.001,114.07159526017574,108.3852280170938,210.8082521641968,0.8664023922356083,1372.4913522345191
eval_0348,0.001,114.30975347281995,87.47455250452296,210.8778053622361,0.8639093254165183,1349.6422655481135
eval_0349,0.001,140.90051140715386,88.77000196535406,210.6859205034336,0.870791245347672,1098.2329865396287
eval_0350,0.001,108.27062727398895,115.41065257056398,210.83192453484114,0.8655536944536696,1451.651765593799
eval_0351,0.001,131.5019266993534,96.22424689316509,210.72323654220827,0.8694519298652182,1182.2558277659887
eval_0352,0.001,104.88581306903909,134.1157204483669,210.81614905566394,0.866119253048045,1511.5380977928235
eval_0353,0.001,120.69405347256838,104.03063165392663,210.77364177386735,0.8676435811442929,1293.9924665291726
eval_0354,0.001,138.17238232368996,80.39429412877557,210.73629517146958,0.868983352701567,1112.1025612037668
eval_0355,0.001,132.6847452060637,76.5740332260387,210.79216759649185,0.8669791621673553,1153.1833930724724
eval_0356,0.001,131.1251389204732,81.23170888349891,210.78128478496686,0.8673694543803661,1171.9673375813245
eval_0357,0.001,110.93943629516502,131.41543087922096,210.7786803494736,0.8674628636921892,1426.8623263089878
eval_0358,0.001,129.57360475286688,91.39021249707018,210.75208174035117,0.8684169675872211,1195.745867642022
eval_0359,0.001,107.31347879525033,97.94345223578347,210.89108574639042,0.8634334899188038,1448.9149839793076
eval_0360,0.001,117.40980295226899,119.69577730709652,210.75770895214683,0.8682150969216028,1341.1016598959375
eval_0361,0.001,112.95118863298197,135.59048061556297,210.7575384608736,0.8682212129692951,1403.4640913087399
eval_0362,0.001,108.42784685999513,93.84614503909691,210.89757519389264,0.8632009951369327,1429.6791791071644
eval_0363,0.001,112.98400459740036,105.21785767454278,210.82500506022632,0.8658017505606453,1383.1147112835763
eval_0364,0.001,148.7688401913291,80.06307371570293,210.66805137467009,0.8714327569005003,1033.5385927796078
eval_0365,0.001,95.63166699432136,120.38230415157415,210.91553873617104,0.8625574972678063,1648.56019703841
eval_0366,0.001,103.45994953722958,118.00487308371099,210.8611022680661,0.8645078815421281,1521.4125382161055
eval_0367,0.001,106.83672400529382,121.06820756758059,210.82891959752934,0.8656614163910672,1475.3647117963374
eval_0368,0.001,109.26015803140095,102.12683013807725,210.8620454831491,0.8644740788612684,1427.3438010203956
eval_0369,0.001,163.02253991992353,76.30250784715966,210.59525605446555,0.8740472740470858,941.1289302843645
eval_0370,0.001,121.01865911228926,98.99572760733551,210.7863063411567,0.867189360406387,1286.4979224484441
eval_0371,0.001,113.99452776493175,102.56754139720346,210.82555298862152,0.8657821072929306,1368.6265067669633
eval_0372,0.001,99.47027113682951,122.65590892286797,210.88010385891207,0.8638269661072187,1586.4361618192281
eval_0373,0.001,122.37462848863464,100.84010771283921,210.771220636529,0.8677304226032427,1273.7951401559824
eval_0374,0.001,115.61100756801426,102.19341455038267,210.81497175690643,0.8661614631746652,1349.2243831312692
eval_0375,0.001,130.2635215560831,110.54579326563,210.69308422398828,0.8705340943950636,1203.2423973499886
eval_0376,0.001,116.12699237883736,93.49015843222212,210.84023524748105,0.8652557854037992,1335.2068164407963
eval_0377,0.001,117.87082619248564,88.91358369324814,210.8448449901357,0.8650905528948871,1310.8803437210302
eval_0378,0.001,96.99769735040871,118.53303693778449,210.90947156328494,0.8627748259297044,1623.6418449241767
eval_0379,0.001,99.30723891267999,103.31266186359794,210.93612796113388,0.8618200758480817,1571.2057289553902
eval_0380,0.001,105.589902324667,116.77718617259559,210.8482511123166,0.8649684678329661,1489.6718273863476
eval_0381,0.001,133.39597294166362,81.52943019953453,210.76410363259052,0.8679857071612468,1152.5825968274935
eval_0382,0.001,114.580365423928,107.64307706818643,210.80663941013364,0.8664602193535571,1365.8202873710131
eval_0383,0.001,138.99232669507262,92.57086295739256,210.6856462567642,0.8708010901317448,1116.1827043931605
eval_0384,0.001,111.29193234851098,105.811455856644,210.83564805596845,0.8654202167576069,1404.6179872563239
eval_0385,0.001,113.9539599961844,114.63009800030184,210.79311566982994,0.8669451631522567,1378.5295183171652
eval_0386,0.001,145.18290076259876,82.20350355762506,210.68247351492107,0.8709149856603942,1060.6940933278247
eval_0387,0.001,123.03352543663645,86.33635598065308,210.81734025010527,0.8660765451941651,1253.720745912609
eval_0388,0.001,121.27929429462263,99.52766919804358,210.7828264723566,0.8673141621199753,1284.1876048025915
eval_0389,0.001,114.08006178533827,106.12797050827221,210.81445389285733,0.8661800304947403,1370.5927786229204
eval_0390,0.001,133.07430294099683,85.44709843545851,210.75014020753693,0.868486620660819,1159.2267179399255
eval_0391,0.001,123.90472871038763,86.72271876098574,210.8094483014025,0.8663595039569655,1245.4039793374377
eval_0392,0.001,116.08788863726969,124.6970184178833,210.7563609227147,0.8682634551642588,1359.4322292257743
eval_0393,0.001,100.05041405458468,139.70715517127752,210.84089237128234,0.8652322308893725,1588.768687796362
eval_0394,0.001,118.62042563537018,111.1680650430948,210.76910090976824,0.8678064546925548,1321.8518897971646
eval_0395,0.001,105.03597505121665,107.54772059948762,210.8774563311252,0.8639218319919718,1489.7663893706854
eval_0396,0.001,149.55014562927195,97.76620173641733,210.60485211081019,0.8737025186064915,1041.1500822322128
eval_0397,0.001,149.74368592374935,69.36382000309831,210.71258875960189,0.869834042642879,1016.0276379250447
eval_0398,0.001,100.90145231251232,117.96853190469811,210.88058539837726,0.863809711901311,1560.1089993556948
eval_0399,0.001,118.06085306440286,96.26772352067012,210.8162832750702,0.8661144408601007,1316.13400034876
eval_0400,0.001,149.00172833071798,98.83203231570714,210.60534098535373,0.8736849557575573,1045.607552966927
eval_0401,0.001,105.09925892339344,136.31723330096145,210.81060856586797,0.8663179023838091,1509.7285430905708
eval_0402,0.001,114.72165225915386,85.24821882385162,210.88442366444863,0.8636721844890934,1342.1823247502412
eval_0403,0.001,115.4768722750811,91.89125392988016,210.8510620193678,0.8648677199370687,1341.016500142697
eval_0404,0.001,131.69116628341743,91.36744345219194,210.73777644249512,0.868930204559222,1176.640103501618
eval_0405,0.001,110.8454686213846,122.32470776243397,210.7974711740552,0.866788973623189,1422.586868023026
eval_0406,0.001,123.68501742407213,88.18010321986661,210.8052125830638,0.8665113805869007,1249.0914529591118
eval_0407,0.001,138.95333776764735,84.7301870290448,210.71335973442214,0.8698063736765026,1110.0280975038806
eval_0408,0.001,113.48574631896956,105.9871106163888,210.8191445107414,0.8660118580179393,1377.6461942082003
eval_0409,0.001,141.1496434976957,73.65638195905593,210.74777711369632,0.8685713990946207,1081.8465986423769
eval_0410,0.001,100.95539609018255,115.88666862543852,210.8855273018039,0.863632641416815,1557.5380305360018
eval_0411,0.001,152.60882641528997,74.33696696427319,210.66855792360445,0.8714145700163121,1002.5633191094881
eval_0412,0.001,140.57895457514644,87.15601483712538,210.69367500836944,0.8705128882112274,1099.4019363593004
eval_0413,0.001,151.81806697927217,84.60019894429703,210.6315789842655,0.8727424735911916,1016.7474017431028
eval_0414,0.001,119.13961094177847,91.45711730869688,210.8255886338931,0.865780829411225,1299.6814677261318
eval_0415,0.001,105.53063336947636,105.37788615951453,210.8802310909349,0.8638224072052652,1480.7821432583096
eval_0416,0.001,135.02432571095036,90.5615878011706,210.7182342501593,0.8696314403388546,1147.1392559810383
eval_0417,0.001,123.63877575440611,97.73910829755583,210.77193884747157,0.8677046615739042,1258.3166609025757
eval_0418,0.001,113.67224571674495,96.06206283298145,210.84926603562434,0.8649320908710654,1366.443671602594
eval_0419,0.001,108.61930550809761,102.33033333288081,210.8662430407475,0.8643236516222487,1435.9319871999342
eval_0420,0.001,107.20530701112166,112.84038611445376,210.8463310794596,0.8650372867612475,1464.0948273281256
eval_0421,0.001,113.01347454139498,136.04133856232934,210.75635239100026,0.8682637612268413,1402.9142741554765
eval_0422,0.001,109.80237601924705,115.8126406176811,210.819821223649,0.86598759648328,1431.644644653908
eval_0423,0.001,101.15070013510488,107.56789444183043,210.9075979859631,0.8628419407771835,1546.969291949813
eval_0424,0.001,104.80903912968043,103.88542449914,210.89049749573178,0.8634545656418906,1489.5160098089982
eval_0425,0.001,111.79236447913402,105.21580793221881,210.83371844217214,0.8654893873634768,1397.8321006447432
eval_0426,0.001,113.46009503923295,115.8995882276281,210.79355925673138,0.866929255713891,1385.430102826517
eval_0427,0.001,116.71638361095428,105.26835116940451,210.79804840239441,0.8667682745472347,1338.9940769053953
eval_0428,0.001,125.9201329727882,99.84704560897372,210.7498284076078,0.8684978066966454,1237.2852801967986
eval_0429,0.001,135.04570914110747,83.54260293540676,210.7443041783027,0.8686959976915128,1140.673294664299
eval_0430,0.001,117.6334363563952,103.84927805368548,210.79560843685456,0.8668557710800544,1327.445681481827
eval_0431,0.001,135.75622857853838,88.1548249597578,210.72183230957697,0.8695023207976369,1138.9722486889307
eval_0432,0.001,133.86072888541779,89.5257458842359,210.72960302162505,0.8692234769744084,1156.1543733442343
eval_0433,0.001,126.96985244421492,106.0228183859615,210.72568579955848,0.8693640397949339,1231.5291921132714
eval_0434,0.001,122.8847344533849,99.2049099691312,210.77261948451766,0.8676802484196272,1267.2133359930012
eval_0435,0.001,112.3084968743576,96.60430287587262,210.85758712087627,0.86463385907697,1383.4808472427335
eval_0436,0.001,114.33056301778542,122.99345999368967,210.7718079354729,0.8677093571559982,1379.4221022611982
eval_0437,0.001,119.05297925197041,122.28150814692391,210.7412459880387,0.8688057198665049,1324.0351676433402
eval_0438,0.001,98.49885199423343,120.02778317958231,210.89393901414007,0.8633312652994483,1600.0447142150217
eval_0439,0.001,104.3884722667343,104.35583721778866,210.89226410509724,0.8633912722801144,1495.9651826813438
eval_0440,0.001,105.9502149852242,103.09182519377852,210.88421307387074,0.8636797299480214,1472.7413317621729
eval_0441,0.001,98.09402464922655,151.8284784094296,210.83519455427984,0.865436473257744,1627.7431786767957
eval_0442,0.001,127.91725706659064,110.93802868706206,210.70737316566635,0.8700212266980896,1225.5660608870207
eval_0443,0.001,105.18948166673803,131.53842110406657,210.81886320596323,0.866021943412445,1505.5761252822153
eval_0444,0.001,119.49346870565981,91.46541822119394,210.82297229283398,0.8658746262926199,1295.8722572472468
eval_0445,0.001,117.72273596942395,96.27334055751075,210.8187146824106,0.8660272683190642,1319.8978748594616
eval_0446,0.001,133.52503457135956,85.2077191308792,210.7480022337038,0.8685633225997581,1155.1273166296116
eval_0447,0.001,154.5940146570409,64.08223052575885,210.71166881566103,0.8698670581208887,978.436862236003
eval_0448,0.001,132.99864590119003,94.47288466649617,210.71877534135365,0.8696120225215745,1167.6694732776978
eval_0449,0.001,108.18612561086837,134.3604266134925,210.79240514457587,0.8669706433874295,1465.160318270062
eval_0450,0.001,119.88607395090338,104.52532489064895,210.7778669588309,0.8674920368056653,1303.0777844631643
eval_0451,0.001,129.1898885137994,109.38879859748565,210.70274705419564,0.8701872623907749,1212.5381439532289
eval_0452,0.001,135.1491609928032,94.2730724788266,210.70523447037357,0.8700979856704134,1149.0420670548422
eval_0453,0.001,106.47580895109449,104.55110083573483,210.87555031822788,0.8639901294826341,1466.8857908838895
eval_0454,0.001,111.70012445876262,100.94722189975442,210.84753308763342,0.8649942035422774,1395.178007174445
eval_0455,0.001,120.00233586904724,93.7630977803772,210.81092615891384,0.8663065150853954,1292.6485588877617
eval_0456,0.001,133.28426876885257,84.67933556690596,210.75174791369074,0.8684289436276976,1156.6857147085898
eval_0457,0.001,113.34566123788923,101.02875105940547,210.83509161833965,0.865440163172431,1375.0691480138673
eval_0458,0.001,125.23466612019179,94.5390809572623,210.77123585431386,0.8677298767648461,1239.6720037701157
eval_0459,0.001,157.21725334994298,78.52006937614266,210.62143401425666,0.8731068581914951,977.3466354322339
eval_0460,0.001,108.5503071415024,106.71340970765807,210.85333220114634,0.8647863545550801,1440.840508888321
eval_0461,0.001,117.54230776489621,84.81992746330188,210.86468360101887,0.8643795363295955,1309.8555394578548
eval_0462,0.001,142.81676568988456,106.34345509211202,210.6242706439446,0.8730049692712369,1095.1883716157042
eval_0463,0.001,100.13307882766578,130.74537940777944,210.85736411540609,0.8646418513959052,1581.7293044094931
eval_0464,0.001,125.38781919422637,84.83329118653194,210.80657152998862,0.8664626532922048,1228.8554941201496
eval_0465,0.001,122.27773909876896,116.85411323739723,210.73114466189455,0.8691681592805358,1285.8538998965878
eval_0466,0.001,111.52115311262182,111.63560899895595,210.81793811268224,0.8660551102293875,1406.4335924726024
eval_0467,0.001,112.04670792722587,105.80052005156986,210.83014699213604,0.8656174159923875,1395.1598139226403
eval_0468,0.001,116.74272749810997,112.79645758726055,210.7780758112655,0.8674845460712883,1344.2764705537297
eval_0469,0.001,111.97448446208281,103.1878329153771,210.83846635246283,0.8653191919378009,1393.7993621654769
eval_0470,0.001,127.6109411755183,105.07584844106458,210.7239003793917,0.8694281082806699,1224.707073423099
eval_0471,0.001,140.47585128690773,83.16976247406345,210.70938698326853,0.8699489510804337,1096.7185263018098
eval_0472,0.001,99.75562961088981,98.98015102683583,210.94785925407265,0.8613999735248891,1559.2810078802872
eval_0473,0.001,106.7053774223168,120.81985015607005,210.8304401567932,0.8656069065207875,1477.0135897792086
eval_0474,0.001,110.97210752332762,105.27199887691066,210.8395886231692,0.8652789637087593,1408.195913769352
eval_0475,0.001,109.10507527992459,121.41748565642249,210.81179787649074,0.8662752598286796,1444.7855032764082
eval_0476,0.001,127.53343882932741,90.80131527105173,210.7682138999204,0.8678382711395187,1214.1981230971899
eval_0477,0.001,123.46423029082699,98.16492632266836,210.7718151852888,0.867709097117759,1260.440046382202
eval_0478,0.001,163.94628337562534,74.81474376635572,210.59601433521598,0.8740200303153363,934.6251485975727
eval_0479,0.001,118.38863872686761,95.3744576124512,210.81696331569518,0.8660900593585811,1311.6809245616994
eval_0480,0.001,149.34513802613512,73.66911319602845,210.69286025065782,0.8705421339406887,1023.4429388579523
eval_0481,0.001,111.18022541849197,87.10501170336217,210.90382915054332,0.8629769507277073,1386.7457178477925
eval_0482,0.001,129.14155824784646,93.77260301174161,210.7469359964848,0.8686015755026814,1201.7561468440658
eval_0483,0.001,113.38363144918547,132.5467524361567,210.75991791425474,0.8681358555339519,1396.4777015860698
eval_0484,0.001,116.44924016900346,106.32353941884288,210.79698536189014,0.8668063946556157,1342.8935821026491
eval_0485,0.001,108.21401472113112,123.77315466763002,210.81302764569315,0.8662311671431727,1458.3243666398025
eval_0486,0.001,150.19359198642687,92.39718308142437,210.6160906083862,0.8732987954760787,1033.3107166419386
eval_0487,0.001,127.47162389275478,98.01469703724456,210.744800870311,0.8686781776072579,1220.8694124923222
eval_0488,0.001,137.77638987889475,90.50609652893851,210.70030146839537,0.8702750398175116,1124.3496729023686
eval_0489,0.001,108.09079825105458,101.26952809941388,210.8737102014023,0.8640560669138433,1441.9057344554687
eval_0490,0.001,104.24916928693791,114.09526700629549,210.8651305261659,0.8643635200563374,1506.7275321443883
eval_0491,0.001,105.23165583849776,122.57568665003555,210.83721824839165,0.8653639312156218,1499.0545717981993
eval_0492,0.001,103.59824010497717,131.65650411733873,210.83009771776014,0.8656191824007268,1528.9705517836153
eval_0493,0.001,117.24864342338489,98.72432727559324,210.814024785658,0.8661954156262615,1327.4428783172332
eval_0494,0.001,111.52648092206923,112.83783086340017,210.81481048610505,0.8661672453129095,1407.2775630716437
eval_0495,0.001,146.76081652595738,84.72366947205572,210.66278814114327,0.8716217306279989,1051.5441126022683
eval_0496,0.001,136.0364327781715,98.07571301822436,210.68804684467648,0.8707149157720936,1144.3626056847525
eval_0497,0.001,119.73053006616777,112.11885970723674,210.7591584918003,0.8681630978641866,1310.2302184549892
eval_0498,0.001,116.35965409721622,105.07339553020589,210.80113572423238,0.866657566887967,1342.937016644196
eval_0499,0.001,110.76815432441498,117.257405225511,210.80942989222598,0.8663601640262945,1420.158737976464
eval_0500,0.001,162.8191026493158,78.56488101043841,210.58732557468906,0.8743322143913292,944.1518543723546
eval_0501,0.001,131.3728705154084,105.3637241856614,210.69849353724695,0.8703399317332264,1189.873213238344
eval_0502,0.001,100.36360079765646,135.31087902705545,210.84667016656243,0.8650251329140354,1581.0560694721582
eval_0503,0.001,126.58858652454697,102.46174718047,210.73779717473155,0.8689294606899475,1232.7267704947137
eval_0504,0.001,115.29404629698638,95.72906588075534,210.83838133682235,0.8653222393738764,1347.0132016455348
eval_0505,0.001,141.24425896432817,81.6559951918366,210.71041737368552,0.8699119710541303,1089.4217830630926
eval_0506,0.001,105.81070437728029,103.14035208836434,210.88513383598132,0.8636467391591516,1474.7252326815678
eval_0507,0.001,126.17000043285721,105.37097524918502,210.7327146914749,0.8691118237430051,1238.8786146715288
eval_0508,0.001,112.25422994912701,104.59449212578161,210.8321678443128,0.865544972353623,1391.5593341340655
eval_0509,0.001,129.76213208912458,104.06979242074404,210.71235556286828,0.8698424117142908,1203.7578707175812
eval_0510,0.001,112.58536792838163,111.90452371507246,210.80960090086694,0.8663540324387756,1393.3272262635548
eval_0511,0.001,126.7514921974382,114.2312100029064,210.70748229091055,0.8700173101737148,1238.838590890031
eval_0512,0.001,155.26148487649087,92.92776764603107,210.5841412597651,0.8744466321448929,1000.1085917904105
eval_0513,0.001,134.13490596358352,101.2579522302637,210.6914209807817,0.8705937970880625,1162.7349353960333
eval_0514,0.001,112.37289899829075,106.78911167119804,210.82493180873175,0.865804376639106,1391.937343458083
eval_0515,0.001,99.07765052380779,96.6735452820508,210.96231995357473,0.8608821943465695,1567.0893888367527
eval_0516,0.001,109.64836981118204,118.65344964819764,210.81417662144804,0.8661899717262876,1435.698940174012
eval_0517,0.001,109.39635225954542,103.36286835752678,210.85711644571782,0.8646507276784291,1426.721998129405
eval_0518,0.001,168.00781044577556,74.86408793109992,210.57157392037814,0.8748982314176824,912.3744041141147
eval_0519,0.001,120.14184637094988,92.17059259966125,210.81564750718238,0.8661372351931166,1289.6286622241057
eval_0520,0.001,108.50987036864541,90.96374261146948,210.9084473412218,0.8628115152245236,1425.268915997903
eval_0521,0.001,118.46461732732014,112.80248804125229,210.7661730439014,0.8679114762899031,1324.713219029317
eval_0522,0.001,124.91326864986021,93.81260230989244,210.77592483620865,0.8675616939929627,1242.2053497937723
eval_0523,0.001,170.70251134366143,68.80675234461938,210.58338300922213,0.8744738778633954,892.8171921541251
eval_0524,0.001,110.97598778644614,103.61627459443578,210.8445415423023,0.8651014295156757,1406.6915193755813
eval_0525,0.001,151.36478623168554,81.98864681516778,210.64404145811974,0.872294897484857,1017.6591045175653
eval_0526,0.001,121.43061166953414,112.63977229956876,210.74637845461896,0.8686215783302099,1292.2052663805919
eval_0527,0.001,110.66533390161466,103.6089653534379,210.84687139254535,0.8650179204203629,1410.6243225699595
eval_0528,0.001,135.66960447337812,83.95578161441573,210.73839711121116,0.8689079351300075,1135.8816494009632
eval_0529,0.001,112.11694027709652,91.07526723477677,210.87978810977515,0.8638382798657269,1379.9546389612124
eval_0530,0.001,117.17326688871134,121.2810249139754,210.75596074549347,0.8682778109544402,1344.7807214843717
eval_0531,0.001,149.95186021152597,67.23898128977629,210.72335498192052,0.869447679683108,1012.0996280533424
eval_0532,0.001,100.49611963799852,134.03935658429987,210.84812908545234,0.8649728415531239,1578.1396058793393
eval_0533,0.001,132.72903447030987,91.89040820017397,210.7290185870087,0.8692444480803257,1167.942436761918
eval_0534,0.001,118.25776389073505,83.09456822060241,210.86709524704264,0.8642931119650611,1299.9566303506515
eval_0535,0.001,154.84793156883595,85.73745719573009,210.60907449519254,0.8735508318692139,997.8817095734598
eval_0536,0.001,136.7213890120038,96.86393504273536,210.68715190471735,0.8707470413719829,1137.799390560827
eval_0537,0.001,129.94703850467408,82.46611014624571,210.78417729067536,0.8672657159993249,1183.7778016695984
eval_0538,0.001,147.6123821504534,82.26990774193405,210.6666335509139,0.8714836622133809,1043.4852157974149
eval_0539,0.001,105.24803584717952,118.48412032664959,210.84661075208513,0.8650272624952445,1495.8325569823294
eval_0540,0.001,99.39332244758575,124.23993150932182,210.87701166670183,0.8639377653856497,1588.8918335186577
eval_0541,0.001,104.4733719347553,115.85713241356592,210.85888366002527,0.864587392594754,1504.9149050204664
eval_0542,0.001,105.69669270481042,111.22055254770278,210.8619527151021,0.8644774034434317,1483.6733556102965
eval_0543,0.001,140.3624554259059,85.32049198618218,210.7018281433788,0.870220243872129,1099.5155787835001
eval_0544,0.001,110.88390811402557,113.19836243993777,210.81852084772888,0.8660342177438383,1415.7177699128335
eval_0545,0.001,139.66874944428173,83.97556452969035,210.71155020378407,0.8698713149532282,1103.7226705921832
eval_0546,0.001,103.82114952340577,112.90123704062825,210.8715573353938,0.864133212636534,1511.949659807196
eval_0547,0.001,120.17778867011252,84.14267314740745,210.84781524313985,0.8649840903981546,1280.6948229567577
eval_0548,0.001,115.70610822508594,101.94343233045642,210.81504697580638,0.8661587663096011,1347.904927593715
eval_0549,0.001,117.9956590615606,115.20448238943317,210.76371500331587,0.8679996476601617,1331.588489590462
eval_0550,0.001,111.89436569360936,104.66069606680021,210.83461146648432,0.8654573750838415,1396.0833533504713
eval_0551,0.001,145.65665203899255,83.67573701813247,210.67373148853503,0.8712288258897712,1058.5566797267338
eval_0552,0.001,110.27302829792531,103.305578990732,210.85072954908028,0.8648796361219812,1415.3560983182401
eval_0553,0.001,121.68324184484581,109.52472064671636,210.7522558701487,0.8684107206910765,1287.4449597266193
eval_0554,0.001,101.21454005186656,130.70336718990458,210.849429821272,0.8649262204856728,1564.6591270241647
eval_0555,0.001,141.51758699416783,85.10743635988605,210.6950764503103,0.8704625839794834,1090.4448741743502
eval_0556,0.001,110.05488175227278,119.53533790206046,210.8092458413638,0.8663667632593126,1430.9855653507234
eval_0557,0.001,108.76000046696952,104.52235755490135,210.85831944389253,0.8646076133862842,1436.1135873074943
eval_0558,0.001,105.33288484011166,133.04377224001797,210.81496500705683,0.8661617051808714,1504.4249282876635
eval_0559,0.001,129.7043343566197,91.8999604675086,210.74942365634374,0.8685123274745912,1194.9914136013713
eval_0560,0.001,118.99584358004722,89.15869203292472,210.83551469600624,0.8654249972534778,1298.8661871910158
eval_0561,0.001,112.72548247999195,128.67731899449672,210.77153637219516,0.8677190976695655,1402.5516461050038
eval_0562,0.001,123.33438257358179,109.15845780231626,210.74201378391294,0.8687781724801162,1269.9600028322616
eval_0563,0.001,121.91904543124043,97.91169547824988,210.7833959663149,0.8672937375559173,1276.1279752793014
eval_0564,0.001,97.65444898170048,115.8529370542228,210.91137238417488,0.8627067363880474,1610.3195054843154
eval_0565,0.001,115.11154696624178,120.47759859329035,210.77174608625063,0.8677115755803532,1368.4745349978268
eval_0566,0.001,136.75379013565632,92.28722218469997,210.70108569913103,0.8702468918381131,1134.114380260939
eval_0567,0.001,112.84584923777989,101.68133193977721,210.83671331925368,0.8653820309505208,1381.7284551956852
eval_0568,0.001,112.65066317173242,89.74758841883785,210.88105457591004,0.8637929007158386,1371.9723458131548
eval_0569,0.001,137.49077062617965,100.75098638883296,210.67131554794713,0.8713155631601711,1134.103116555951
eval_0570,0.001,108.69727349331254,120.55690795233754,210.81664363701904,0.8661015207809127,1449.6423373497953
eval_0571,0.001,112.39004470957371,95.96650431722274,210.85923149905562,0.8645749265384155,1381.841066532298
eval_0572,0.001,153.44788328085352,74.40566226832985,210.662878842263,0.8716184739703853,997.2311048890184
eval_0573,0.001,129.5099121185192,102.0406480959826,210.719491995782,0.8695863045246347,1204.6926609523512
eval_0574,0.001,113.74680941891867,90.34467717656209,210.87021005237804,0.8641814919287494,1359.547755105509
eval_0575,0.001,138.61560131301573,81.28327325316164,210.72950420351245,0.8692270228292779,1109.4698046576705
eval_0576,0.001,117.07059057978987,107.96387654417896,210.78813582105155,0.8671237497503644,1337.0251733681425
eval_0577,0.001,150.23636871326485,66.4401456969746,210.72622173388424,0.869344808398823,1009.2288422273502
eval_0578,0.001,128.6845725923703,93.39634660446995,210.75130152947918,0.8684449577326542,1205.6794893655963
eval_0579,0.001,98.59483207306931,113.61532224548871,210.91008446200544,0.8627528710742931,1592.8974911912621
eval_0580,0.001,95.46176309972367,121.50522436692553,210.91406316660203,0.8626103516341985,1652.4761428070503
eval_0581,0.001,102.77935857814884,117.37773194143276,210.86778932403865,0.8642682392104162,1531.025397511658
eval_0582,0.001,117.44858352287203,108.29005984516155,210.78461864840352,0.8672498871586524,1332.9669631550357
eval_0583,0.001,118.17890547033628,87.75480727172847,210.84727109576613,0.8650035939964441,1306.2332189230817
eval_0584,0.001,115.92035041454679,103.68647260784356,210.80828497329756,0.8664012158374373,1346.8861284059426
eval_0585,0.001,125.01014839387234,112.35156149231814,210.72316116454988,0.8694546347778156,1254.976927479514
eval_0586,0.001,100.51044611065153,129.92862862368398,210.85623309124088,0.8646823865625636,1575.1854345499053
eval_0587,0.001,134.7053753201846,87.03690055684642,210.73297808912722,0.8691023726349387,1146.7876874580065
eval_0588,0.001,120.96424327390189,96.3685132423259,210.79513622830245,0.8668727045904694,1284.80780184867
eval_0589,0.001,107.47879414400884,127.46176479350119,210.8105814052517,0.866318876229281,1470.752134962204
eval_0590,0.001,133.6066357641644,95.03346696199601,210.71299188929484,0.8698195749831072,1162.8197429348463
eval_0591,0.001,110.48517562733703,117.44342872241742,210.81101321532225,0.866303393683933,1423.9392971053012
eval_0592,0.001,149.251737438876,69.0888108474064,210.71740315840924,0.8696612654274979,1018.989464840583
eval_0593,0.001,100.25585355756391,119.31332521064475,210.88216613602486,0.8637530725018311,1571.2965442124525
eval_0594,0.001,118.9481076148887,103.14349427696204,210.78837597174905,0.8671151373080291,1312.2446866597184
eval_0595,0.001,122.84869222801632,101.62472033354592,210.7656346844454,0.8679307873862548,1269.5110828990246
eval_0596,0.001,128.0949561746231,109.06362729472747,210.71066635942597,0.8699030351758732,1222.6993864625
eval_0597,0.001,121.8830500414782,97.35973233625869,210.7854127682181,0.8672214070357389,1276.0326808486288
eval_0598,0.001,108.72422345627281,95.63935384373777,210.88847941110987,0.8635268700544514,1427.7833289578407
eval_0599,0.001,103.33496263060138,121.99031140447316,210.8525355256715,0.864814907929945,1526.2905092987496
eval_0600,0.001,101.72259004551775,131.8632835663452,210.84336650707328,0.8651435471412158,1557.540611830296
eval_0601,0.001,117.64527118164175,102.63637745185129,210.7990759803388,0.8667314264742176,1326.3266369924181
eval_0602,0.001,108.23497303098436,127.05010691154158,210.80604428183048,0.8664815585743386,1460.149517940048
eval_0603,0.001,122.52052357719973,94.61626879766081,210.7899936194175,0.867057124674196,1267.0307727141194
eval_0604,0.001,110.73108839486997,114.55710107609919,210.8162165753706,0.8661168322533906,1418.6886839516092
eval_0605,0.001,104.59525309388059,119.77034574754258,210.8483693770799,0.8649642289598911,1506.1754782792111
eval_0606,0.001,116.89788679989299,104.63405333863366,210.79856529941978,0.8667497390136717,1336.41335567427
eval_0607,0.001,123.37309392104794,89.52909204969846,210.80223617693858,0.8666181067573412,1253.569838282108
eval_0608,0.001,104.56182915845419,102.35704073117941,210.89740323814033,0.8632071555408065,1491.501921395971
eval_0609,0.001,105.44992200248505,92.48839441009895,210.92667617343093,0.8621585821633633,1468.110396654662
eval_0610,0.001,129.68284969055117,114.31714959992125,210.68836744525578,0.8707034072609279,1210.8343929756525
eval_0611,0.001,112.60601838309537,98.95226382606141,210.84731788808628,0.8650019168390941,1382.1328378275568
eval_0612,0.001,104.8370770725326,119.01036649408611,210.84838840205524,0.8649635470627577,1502.1171010198236
eval_0613,0.001,140.70707696868644,72.9900754660758,210.7542784874853,0.8683381601706051,1084.4177388223911
eval_0614,0.001,105.43913664946582,113.87004225363201,210.856779998909,0.86466278569499,1489.5035930821143
eval_0615,0.001,98.93967554448933,112.22240602468462,210.91129261176417,0.8627095939008248,1586.047647283332
eval_0616,0.001,130.1469744393067,82.95598222458477,210.78065931055195,0.86739188710572,1182.4961545250644
eval_0617,0.001,127.81974708218172,90.68191692405402,210.7666570146969,0.8678941162134259,1211.3916935624934
eval_0618,0.001,111.40765635969493,123.93395162063669,210.79011721317755,0.8670526923491229,1416.3933609580274
eval_0619,0.001,146.12883467854047,89.3245353676428,210.65080050911678,0.872052175717109,1059.6599707180646
eval_0620,0.001,111.86060747554065,114.05536676597279,210.80936210159774,0.8663625946908403,1403.9667125094338
eval_0621,0.001,136.8325858050874,84.09199063838052,210.7300059013387,0.869209020620652,1126.4601967635313
eval_0622,0.001,104.30683110166089,97.0550479209809,210.9180434773626,0.8624677800405594,1489.4547177141026
eval_0623,0.001,124.8244423362144,119.53876590242112,210.7087528300753,0.8699717105962755,1261.065056197567
eval_0624,0.001,160.68636216732523,80.64068619632675,210.59211760157592,0.87416003538345,958.1897718242731
eval_0625,0.001,138.4785440270977,82.15514645933047,210.72678774075084,0.8693244979898629,1111.3987091247086
eval_0626,0.001,116.4969069816637,118.9956034274067,210.7654503851966,0.8679373982718136,1351.2147246091258
eval_0627,0.001,112.76318816746868,114.76393133356362,210.80120106176545,0.8666552239974129,1393.2142897860865
eval_0628,0.001,116.41540516720704,106.97598546642625,210.7954257153716,0.866862323506674,1343.790476457268
eval_0629,0.001,130.42902301394903,107.0569752790311,210.70036665016625,0.8702727002746684,1199.565373801418
eval_0630,0.001,112.41831199104215,116.31168778580225,210.79993495331385,0.8667006247079785,1398.5918533595368
eval_0631,0.001,109.97595814741308,111.29279004228961,210.83004535202048,0.8656210596304658,1425.9461524675612
eval_0632,0.001,160.29529794089856,93.94089047490318,210.55191092580498,0.8756049166638938,969.4636556347966
eval_0633,0.001,130.7445974677557,75.03043567112802,210.81406662125332,0.8661939156576767,1168.1156716800288
eval_0634,0.001,112.70345597339396,90.85976067867134,210.87613686693587,0.8639691117572971,1372.596380088819
eval_0635,0.001,165.3644662921016,69.98616704696734,210.6097740206066,0.8735257024071948,922.3052007496874
eval_0636,0.001,126.80141640237468,99.95499537386998,210.74353473120772,0.8687236037214294,1228.7994115051172
eval_0637,0.001,132.2657187534713,100.60746652528638,210.70535096775836,0.870093804473874,1178.6669844359621
eval_0638,0.001,102.6572456395358,114.94623012521248,210.8749617658302,0.8640112191234479,1530.8609520657192
eval_0639,0.001,111.1594801464964,119.7783753553746,210.80085211470882,0.8666677366501571,1416.8721875854694
eval_0640,0.001,143.31686608341636,88.96338979378389,210.66976598581238,0.8713711966970635,1080.013346002123
eval_0641,0.001,117.97829181853011,109.72487401362683,210.77718569936687,0.8675164710682961,1328.0282872498442
eval_0642,0.001,121.64899096940471,111.5592009971063,210.74748586069057,0.8685818482288195,1289.1754043699877
eval_0643,0.001,116.76791025121554,98.80980542723951,210.8172232022803,0.8660807416844801,1332.9599911431437
eval_0644,0.001,125.11267727720706,103.04861252291919,210.74611555171,0.8686310104865009,1247.6650886839911
eval_0645,0.001,99.23479364697202,122.78065240793654,210.881610665954,0.8637729754492511,1590.3197346215456
eval_0646,0.001,101.56729074040524,100.10151093949179,210.92897611612614,0.8620762092251149,1532.8735814025495
eval_0647,0.001,114.76260743994105,105.77952989519768,210.81053697600092,0.8663204692431798,1362.169874381835
eval_0648,0.001,99.7295985231846,127.95746294507641,210.86622200059125,0.8643244056202232,1586.233111081151
eval_0649,0.001,104.15087520244145,107.4779253641524,210.8844644582792,0.8636707228481728,1502.3535074308645
eval_0650,0.001,128.93955115775728,99.17003924903189,210.73146036229667,0.8691568313043396,1207.9089137108244
eval_0651,0.001,107.87248469830087,108.0990426308122,210.85438465219391,0.8647486343456581,1451.0967692144989
eval_0652,0.001,144.95607462015678,73.70584782336867,210.7217272393843,0.8695060912718331,1053.9616168578227
eval_0653,0.001,106.00188556426266,118.92665437087723,210.83999423042317,0.8652644246646775,1485.4824614585177
eval_0654,0.001,111.94144533801135,96.80216081999983,210.85965859442808,0.8645596201037073,1388.1895673982383
eval_0655,0.001,138.14537225229046,81.96281318935503,210.7298225325363,0.8692156003550596,1113.8619508581228
eval_0656,0.001,137.11480161777223,84.35921441966222,210.72705557926963,0.8693148869963443,1124.4149151760016
eval_0657,0.001,159.12306188255647,95.09373921120323,210.55557008168978,0.875473397122768,977.2407270717774
eval_0658,0.001,103.35020772883763,119.55558030880867,210.8581483099327,0.8646137466320281,1524.2364198247278
eval_0659,0.001,106.79635700870485,111.1778411975927,210.85382379163502,0.8647687357351367,1468.3462054299266
eval_0660,0.001,108.46466387557416,117.1681908938503,210.82621679937648,0.8657583097720568,1450.3531866331532
eval_0661,0.001,154.4988567529145,88.95882356106877,210.60062084238206,0.8738545305996392,1002.4072181152671
eval_0662,0.001,126.48372371873998,92.04289840435541,210.7711018809315,0.8677346821854898,1225.3228808635654
eval_0663,0.001,138.00346064980727,80.54891143594664,210.73677026662523,0.8689663061617494,1113.6013893876461
eval_0664,0.001,143.697657905617,74.32312396172031,210.72710763144892,0.8693130191828518,1063.7180702829296
eval_0665,0.001,131.25178754873963,106.68137609923343,210.6959678721858,0.8704305870745052,1191.813846989671
eval_0666,0.001,144.51994419686534,71.4579273971354,210.7363110025758,0.8689827846760566,1054.5433395039513
eval_0667,0.001,142.93284050435776,93.33637144061717,210.6581608800312,0.8717878778891687,1086.1490699191695
eval_0668,0.001,116.94111352639698,101.40066458697909,210.8078231056006,0.8664177765296542,1333.2532747513449
eval_0669,0.001,112.51499889361652,106.56387074605465,210.82453882139075,0.8658184653328699,1389.995508161654
eval_0670,0.001,98.42447625347775,107.05695607634016,210.93098304110194,0.8620043322466368,1589.2620050677062
eval_0671,0.001,112.48548035788029,106.57568601845041,210.82471979444455,0.8658119773974262,1390.3696524896964
eval_0672,0.001,115.30956405649219,106.75879534426458,210.803875236157,0.8665593339904823,1356.496176245838
eval_0673,0.001,134.42404161369151,81.78555421600717,210.75589538182842,0.8682801557883922,1144.1394587780405
eval_0674,0.001,108.78867495574073,126.07310674895326,210.8041156026873,0.8665507150949984,1452.0563616618126
eval_0675,0.001,116.56344181048003,128.77068301825167,210.74535300422264,0.8686583685028343,1356.1154953937144
eval_0676,0.001,113.45040124102016,92.15881298875848,210.86532620153787,0.8643565077396271,1365.0592155272618
eval_0677,0.001,116.60036899942396,105.12807751198257,210.79926932573747,0.866724493312466,1340.212670853264
eval_0678,0.001,109.48828423736721,104.94374190760234,210.85158343529025,0.8648490317606535,1426.9571324927679
eval_0679,0.001,144.64350639827228,93.43401394333966,210.64714769422628,0.8721833486604198,1073.4452744777666
eval_0680,0.001,111.08213814679863,109.08687208651004,210.82792152870343,0.8656971961554369,1409.9879912529648
eval_0681,0.001,109.75215725434947,110.98502725851849,210.83249857837956,0.8655331163097757,1428.6121817980084
eval_0682,0.001,114.9810613167183,110.84557822238308,210.7952945899536,0.8668670256957345,1363.4902697098723
eval_0683,0.001,110.4184520198515,109.00956261115039,210.83298222480383,0.8655157787820161,1418.4001985608836
eval_0684,0.001,152.13494107709977,81.64679128220756,210.6405446829863,0.8724204749906965,1012.2799170217935
eval_0685,0.001,117.33201055314414,109.96484192210721,210.7810659939145,0.8673773013362163,1335.5191483087685
eval_0686,0.001,113.40895330225769,115.24357135040708,210.79548003057516,0.8668603757521094,1385.6001799076662
eval_0687,0.001,147.02113591504371,88.37340367958699,210.6483680385372,0.8721395254697012,1052.5665622946046
eval_0688,0.001,120.52724962452595,115.4900637460594,210.74587571613094,0.868639615077722,1303.7357179644218
eval_0689,0.001,128.37498589571308,83.29125062245932,210.79175562457016,0.8669939360560324,1198.974538954274
eval_0690,0.001,111.56949836246284,110.38890247532557,210.8208675665212,0.8659500832688996,1404.858871802933
eval_0691,0.001,117.9127155190046,106.10388271163019,210.78727374659113,0.8671546661935908,1326.0757767064542
eval_0692,0.001,121.48241923049449,98.72089643483838,210.78390790479662,0.8672753772791918,1281.37732725755
eval_0693,0.001,128.6270107682896,99.64965103259384,210.73214708120776,0.8691321905423312,1211.1928626403396
eval_0694,0.001,110.55081284644754,111.19022382510326,210.8261302090064,0.8657614140159703,1418.4440273360535
eval_0695,0.001,106.94384402926615,111.65685897293181,210.85142547677205,0.8648546931749646,1466.715428162969
eval_0696,0.001,158.22907582299112,89.47009831418526,210.57683466141768,0.8747091835063988,979.2769284006002
eval_0697,0.001,107.22590623233027,127.26180368801127,210.81279009773425,0.8662396842520133,1474.1177049102685
eval_0698,0.001,110.39685269663326,104.54432323364247,210.8460212295712,0.8650483926976297,1414.8819135015065
eval_0699,0.001,120.63827754612709,120.95073479365284,210.73338750668924,0.8690876821575032,1305.8032079404143
eval_0700,0.001,122.06060150742142,98.4178737854383,210.7808059928723,0.8673866263123087,1275.080779757918
eval_0701,0.001,125.63422755260883,102.95015859418001,210.742864397651,0.8687476539449821,1242.4256456627938
eval_0702,0.001,120.07668742717941,83.3823082116969,210.85199690581038,0.8648342125435367,1280.8664613200074
eval_0703,0.001,113.61007760562535,119.82468233481568,210.78355671965167,0.867287972252526,1386.217177739773
eval_0704,0.001,113.62760915685244,117.52827343112008,210.78859230550879,0.8671073790211847,1384.4900975649264
eval_0705,0.001,140.13190771787197,88.50553665862152,210.69181205085715,0.8705797594070188,1103.9931975524048
eval_0706,0.001,102.08431820375681,110.50208028673615,210.89157843893852,0.8634158379224394,1535.5760883575965
eval_0707,0.001,166.67993906444036,73.45048049509147,210.58558437872617,0.874394778041621,918.3280159877589
eval_0708,0.001,129.86930837228329,96.35851710176921,210.73372852468373,0.8690754459962367,1197.1478709675825
eval_0709,0.001,158.21894642812424,68.71174510756711,210.66092922135041,0.8716884764558447,961.8770639064116
eval_0710,0.001,141.32106136427205,96.26884251491731,210.65959658062417,0.8717363265871053,1100.5258561499281
eval_0711,0.001,106.28086710527907,94.9147014947586,210.9104013152966,0.8627415210138455,1459.5666842739831
eval_0712,0.001,124.62848337276864,113.75416015520412,210.7224657932743,0.8694795881319625,1259.6911529377396
eval_0713,0.001,99.85934072790526,110.7462448541998,210.90828482875352,0.8628173367173639,1570.0446084330954
eval_0714,0.001,120.28937365909678,98.9155532499478,210.79169896642026,0.86699596790096,1294.1965573904602
eval_0715,0.001,113.7093405671235,94.97363746372717,210.85286884623588,0.8648029614746565,1364.9104580390976
eval_0716,0.001,116.27517804453068,106.95749892369093,210.79646841959115,0.8668249320905334,1345.395443743478
eval_0717,0.001,116.97333401177757,97.66418510199178,210.8194861878998,0.8659996081771276,1329.5943439862772
eval_0718,0.001,112.19862854359037,103.98534770883481,210.8343959578314,0.8654651004066537,1391.7208191176123
eval_0719,0.001,117.77676228257404,114.20376255269287,210.76755495605195,0.8678619071864809,1333.407194488792
eval_0720,0.001,121.39476522998012,93.54044860018834,210.80171579625502,0.8666367665626437,1277.7146701606316
eval_0721,0.001,124.52325108989653,112.65156052117696,210.7256861652589,0.8693640266721565,1260.0772965711324
eval_0722,0.001,168.36672846830547,80.97140485135492,210.5457628644931,0.8758259042064104,915.1665560333213
eval_0723,0.001,106.98959611929365,108.83790425071791,210.85889214449895,0.8645870885227918,1463.709666692745
eval_0724,0.001,121.15207656548648,101.32987194825844,210.7782650537667,0.8674777586826993,1287.0002540962028
eval_0725,0.001,109.57559565099116,116.89558421854127,210.81884019065853,0.8660227685628896,1435.4048523939841
eval_0726,0.001,158.79293764748604,74.09734865747994,210.63069963957307,0.8727740562936317,963.8635398065333
eval_0727,0.001,108.35773018445549,114.40886512916308,210.83380054494793,0.8654864442105367,1449.7192064593391
eval_0728,0.001,105.14113646562629,104.3922712522843,210.8863116343376,0.8636045392143552,1485.314669773904
eval_0729,0.001,103.23506138417504,129.63093123695984,210.83676920354702,0.8653800277128936,1533.0874686975635
eval_0730,0.001,134.64378562731588,77.79200284254314,210.77239649637716,0.8676882465620838,1138.0492221735385
eval_0731,0.001,123.27750087168519,92.84894811741403,210.7907587826367,0.8670296844393783,1257.7004395663485
eval_0732,0.001,134.46165004177686,91.53964314572596,210.71864975074863,0.869616529507896,1152.7112259922033
eval_0733,0.001,122.59561356737969,84.47882815837494,210.82840101809754,0.8656800069002554,1256.1215343297815
eval_0734,0.001,103.14233443786559,108.99420271467514,210.88775914748567,0.8635526761648089,1518.4461666080683
eval_0735,0.001,134.3178661282072,80.48567389554935,210.76229071070588,0.8680507388199551,1143.6895676280587
eval_0736,0.001,110.58252580992315,116.42661779249954,210.81273046603002,0.8662418223063006,1421.959333715474
eval_0737,0.001,128.33250641428555,89.32430243091565,210.76804243325546,0.86784442156441,1205.3492924373018
eval_0738,0.001,109.85478203769492,114.59721009006574,210.82243754236137,0.8658937975991219,1430.0608552958079
eval_0739,0.001,115.08467575483493,115.1518415714316,210.78394921752874,0.8672738956339758,1365.3139915542008
eval_0740,0.001,123.80966839234694,93.94366274873772,210.78320493390686,0.8673005888079663,1253.3224697770795
eval_0741,0.001,107.67470946143227,109.30666207669037,210.85243826815898,0.8648183937181678,1454.7962463932838
eval_0742,0.001,101.79341605481787,100.00833300552128,210.9274812592722,0.862129747637868,1529.3803340224772
eval_0743,0.001,104.15611782143502,123.10480994588781,210.84392786623576,0.8651234258859292,1514.9969808801588
eval_0744,0.001,137.2461398694748,98.66551458563528,210.67860741117212,0.8710537762282097,1134.7220710037284
eval_0745,0.001,103.77819684795105,126.11268703535211,210.84011885847656,0.8652599573673401,1522.654642893489
eval_0746,0.001,119.66278904312321,97.25035359737544,210.80149468690763,0.8666446951272818,1299.4925554008898
eval_0747,0.001,114.51873280497728,108.51444331639622,210.804709677118,0.8665294132725101,1367.2337844823853
eval_0748,0.001,111.39054617667946,136.22423440536852,210.76704174079367,0.8678803161101991,1423.6341318833229
eval_0749,0.001,118.75868421736565,94.02490998090957,210.8189984036556,0.866017096274699,1306.3432142664035
eval_0750,0.001,102.13343224655395,99.89389641403702,210.9251472072766,0.8622133434063951,1524.185375946732
eval_0751,0.001,143.90449349653662,89.31326562163655,210.66485839843227,0.8715473979645433,1075.9062706702139
eval_0752,0.001,127.89620736523749,93.16126705251712,210.75748967803122,0.868222962962098,1212.8611276258675
eval_0753,0.001,116.63101293062105,89.78159613723814,210.85063878873788,0.8648828891019741,1325.6249582390024
eval_0754,0.001,126.09343390111822,92.68066610971003,210.77159199177854,0.8677171026875268,1229.6588223663894
eval_0755,0.001,114.16903916140589,114.31440805032639,210.79236564358007,0.8669720599426327,1375.7057352965246
eval_0756,0.001,118.5838246287873,106.00487771790452,210.78284493719036,0.8673134998878986,1318.5043385068948
eval_0757,0.001,106.16111435286797,111.17969949478922,210.85857409890082,0.8645984868599477,1477.1422168079534
eval_0758,0.001,108.98757858185732,103.30175574919447,210.86038291374223,0.8645336617663804,1432.0028885714632
eval_0759,0.001,114.79693674163025,116.03729879944406,210.78387409634567,0.8672765897903216,1369.3471566314056
eval_0760,0.001,129.10163583667116,97.97382374338603,210.73393633621788,0.8690679894723489,1205.4905241139415
eval_0761,0.001,142.35430202923192,78.9137818226824,210.7146966652546,0.8697583939977547,1078.4014500111891
eval_0762,0.001,110.20397707173423,112.49800346844265,210.82523299943352,0.8657935789132111,1423.9310882514299
eval_0763,0.001,151.66643683439943,73.7122509515602,210.6775760913068,0.8710908007899857,1008.0685737444319
eval_0764,0.001,131.35105743201103,91.53519969946649,210.7394975587481,0.8688684516861824,1179.8073015774085
eval_0765,0.001,124.5760680527765,102.36095190078484,210.7516888810584,0.8684310614289251,1252.5149604878493
eval_0766,0.001,128.97759932233407,86.01015287704658,210.7762605224473,0.8675496540027252,1196.2127052249054
eval_0767,0.001,120.89749017431521,83.03519363160004,210.84741959874972,0.8649982712693466,1271.8741177386255
eval_0768,0.001,130.52342871389638,91.06234786294637,210.7467469906386,0.8686083564189939,1186.8250972973597
eval_0769,0.001,111.32057594078537,105.24827850547925,210.83709028622943,0.8653685181504965,1403.7745181284977
eval_0770,0.001,111.49037071277417,100.73878835059777,210.84976957372385,0.8649140431484327,1397.598801831853
eval_0771,0.001,127.3031776593374,114.26909550345133,210.70381246658806,0.8701490230454667,1233.4822573674614
eval_0772,0.001,122.32913761171504,93.59704691218475,210.79486029214237,0.866882599761583,1268.0737782281922
eval_0773,0.001,111.21995871769748,86.87265728489204,210.90454927670564,0.8629511534741439,1385.9664866898017
eval_0774,0.001,97.24661160414522,133.20017367666074,210.87404634530583,0.8640440216875414,1630.8145350052553
eval_0775,0.001,106.12675081925164,107.77808404198402,210.86846476025508,0.8642440346188834,1474.6708875190668
eval_0776,0.001,145.35708068229815,98.03728064269981,210.6295757039827,0.8728144241507682,1071.2376450310599
eval_0777,0.001,132.36305021767305,100.23240648286601,210.70576461325314,0.8700789584001826,1177.5397560795989
eval_0778,0.001,102.37666314145231,123.48581302297546,210.85625572397967,0.8646815754157384,1541.759259729303
eval_0779,0.001,125.32412701515143,82.31800163740908,210.81798123297588,0.8660535642567834,1226.7131597829878
eval_0780,0.001,125.50558867991928,88.81465476476309,210.78977270801988,0.8670650470217799,1231.765998152772
eval_0781,0.001,123.8673791684156,99.99472385127243,210.76343254049902,0.8680097799002819,1257.8308358728652
eval_0782,0.001,120.32827123334998,106.88441188684487,210.76835201437927,0.8678333170491209,1300.060153604434
eval_0783,0.001,164.95067869527193,75.21569159899207,210.58826140875024,0.8742985889684016,929.3551585978971
eval_0784,0.001,124.31972125989579,100.23330273372198,210.75961293912042,0.8681467957100784,1253.4580819580633
eval_0785,0.001,112.44189220288702,127.69262079912133,210.77537969357078,0.8675812465951006,1405.5449992931397
eval_0786,0.001,104.2016962737154,118.43924912840335,210.8544893468496,0.8647448820735943,1510.8771873785035
eval_0787,0.001,118.4779316437577,106.31019905037375,210.7827482476993,0.8673169676096744,1319.9136708001608
eval_0788,0.001,120.72869464986157,89.05091238164027,210.82320954005965,0.8658661207879833,1280.2857432102574
eval_0789,0.001,132.78263316215165,84.87859105553039,210.754392323919,0.8683340763792725,1161.2010527974985
eval_0790,0.001,156.21930176968937,75.69899862805886,210.6395420900355,0.8724564812555218,981.0092479588867
eval_0791,0.001,120.36807858270087,102.87257559788178,210.77921394593824,0.8674437258143745,1296.5883161139734
eval_0792,0.001,99.936971771773,101.5451274492282,210.93710571140576,0.8617850604322129,1559.3962740028387
eval_0793,0.001,142.13905250304524,90.1093249635479,210.67344875101108,0.8712389766496309,1089.783400376911
eval_0794,0.001,127.68124717007315,98.233614316663,210.7427174689387,0.8687529254729311,1219.0445775013752
eval_0795,0.001,138.85671044456925,80.64786562124038,210.7305819223912,0.8691883516091815,1106.9434164447784
eval_0796,0.001,114.6089838864577,94.50131113011469,210.84784468104536,0.864983035273109,1353.792372815212
eval_0797,0.001,111.61233382308286,108.24343520531623,210.8263852044433,0.865752272498264,1402.610079408568
eval_0798,0.001,107.54187145110427,103.91031087006583,210.86942162767338,0.8642097450661999,1451.7768822323906
eval_0799,0.001,98.75324903403126,126.79045298674896,210.87614257118548,0.8639689073582215,1601.1802424454831
eval_0800,0.001,109.3560969435692,94.87532271893842,210.88642138102324,0.863600607067757,1418.7642712638144
eval_0801,0.001,123.17924967265598,96.84882821793474,210.7779742454397,0.8674881888453683,1262.2385499062812
eval_0802,0.001,124.03001900369608,88.1563493135912,210.80282979015655,0.8665968210930453,1245.6264104835116
eval_0803,0.001,135.63384815183338,95.59883107462144,210.69797249678166,0.8703586336001219,1145.9551280531625
eval_0804,0.001,126.26367546752587,99.27038046994011,210.7492083517365,0.8685200517236971,1233.485390130401
eval_0805,0.001,104.9834355285404,100.53682211604293,210.90023643837895,0.8631056559558312,1483.66702604159
eval_0806,0.001,96.8911765214123,126.29635834815619,210.891510207649,0.8634182824815363,1631.800368651555
eval_0807,0.001,106.55242597988627,122.75726679523915,210.82719578280012,0.865723213629438,1480.5002120033082
eval_0808,0.001,122.75983355162491,89.45121934359567,210.80693495365904,0.8664496222405289,1259.6986634922735
eval_0809,0.001,164.42628989731193,86.56971676972442,210.54969907789916,0.8756844184239466,940.773014837018
eval_0810,0.001,114.45895781583144,109.65590992279267,210.8020902475983,0.8666233394808593,1368.8218860293628
eval_0811,0.001,141.69158523462903,95.47284417593423,210.6595809506687,0.8717368878037896,1097.116031172647
eval_0812,0.001,108.58767308865042,107.47875688642961,210.85082774627946,0.8648761165975994,1441.0106170628283
eval_0813,0.001,107.70116317603252,96.097006176535,210.8947575598962,0.86330193960034,1441.755945619464
eval_0814,0.001,108.13097060364423,116.15257644269401,210.8311105861986,0.8655828728372561,1454.0901354207701
eval_0815,0.001,118.14428335482174,88.2908602450011,210.8453289814635,0.8650732050350673,1307.2005270909765
eval_0816,0.001,112.91089081358597,96.24482092468973,210.85432406158952,0.864750805923655,1375.7846154593674
eval_0817,0.001,169.0697498945087,72.97280703597433,210.5734859468709,0.8748295204964721,905.1180656535171
eval_0818,0.001,112.24948713451191,110.60604059421534,210.8153863413747,0.8661465988710192,1396.5113626331738
eval_0819,0.001,126.60198998235768,118.19569369595278,210.69998465119886,0.8702864112291578,1242.5644071351196
eval_0820,0.001,135.5046067475716,73.55926524674014,210.7876753248463,0.8671402644231846,1125.9976564719193
eval_0821,0.001,130.04444603462622,93.01571626747155,210.74332518264333,0.8687311218871985,1192.834956121014
eval_0822,0.001,105.93198101830694,111.83040585972526,210.8585204888707,0.8646004081765098,1480.8865530591077
eval_0823,0.001,110.7118038120446,130.51541370817816,210.78193076555718,0.8673462863379837,1429.307160369813
eval_0824,0.001,117.29318030096934,106.89192869954225,210.78946599135884,0.867076046554207,1333.6780614406562
eval_0825,0.001,114.20336659549588,114.20263402522697,210.79239512003525,0.8669710028799666,1375.2128244437063
eval_0826,0.001,101.0881816432247,109.35195774318368,210.902709773829,0.8630170507800423,1549.6407026135687
eval_0827,0.001,108.50003258998366,107.91274343891708,210.85023366533318,0.8648974093361931,1442.547592857325
eval_0828,0.001,121.03758838406442,83.1444268625123,210.84587427273635,0.8650536600766286,1270.5497804661395
eval_0829,0.001,101.88489817964016,104.6623590319736,210.91094093907114,0.8627221911291315,1532.9544369606044
eval_0830,0.001,101.32346179126971,116.30555040354255,210.88160737975818,0.863773093196651,1552.2147438805766
eval_0831,0.001,97.9956762060892,110.02003839507003,210.9252807258117,0.8622085612931325,1599.2147228074136
eval_0832,0.001,122.94212397052098,109.75028860820044,210.7431835100449,0.8687362048132379,1274.4105695578191
eval_0833,0.001,115.37071555313086,123.64001940468059,210.76335883612856,0.8680124237585054,1367.3084855034604
eval_0834,0.001,136.42193408379637,79.3216986010171,210.7529766337528,0.8683848634493923,1125.07283136126
eval_0835,0.001,104.73300254084246,121.2875135170297,210.84380811727124,0.8651277181369509,1505.3028949002232
eval_0836,0.001,112.65501746228425,98.33014568977167,210.84903991515333,0.8649401954686463,1380.9394121439955
eval_0837,0.001,116.33484661451804,117.93657467708034,210.76889898107967,0.8678136977153285,1352.4319501408297
eval_0838,0.001,112.88652853539372,105.92724149780942,210.82366021615942,0.8658499637385714,1384.899936621453
eval_0839,0.001,124.77419661555462,93.46928063641832,210.7780708761264,0.8674847230755947,1243.2760927790537
eval_0840,0.001,159.9010123073858,79.58010639437757,210.60088779067937,0.8738449400696838,962.0028932325038
eval_0841,0.001,111.80400417590482,107.76643678424252,210.82631827753744,0.8657546718076664,1399.8184481463759
eval_0842,0.001,119.95670572394901,119.86724715950568,210.74017630090208,0.8688440990018842,1312.6214575327942
eval_0843,0.001,134.535912465273,88.67742263693934,210.7281030294325,0.8692773010137984,1149.6690529736825
eval_0844,0.001,157.57624908335023,77.50269881304634,210.62340414899128,0.8730360926179914,974.2765519713961
eval_0845,0.001,105.71751913916395,126.1164497491936,210.82599398816413,0.8657662975055261,1494.542627878454
eval_0846,0.001,105.60413361626085,117.11766932492812,210.84730443247005,0.8650023991229817,1489.7324245859757
eval_0847,0.001,95.96702317169488,112.70408517418431,210.9337125622869,0.8619065780542958,1635.7243291154634
eval_0848,0.001,134.85214824425648,80.83247969214254,210.75707059652584,0.8682379967569751,1139.5779203470806
eval_0849,0.001,154.1751805197711,79.61769553616581,210.6358060259995,0.8725906580790326,997.3394469660886
eval_0850,0.001,97.8584769236065,137.76918076488184,210.86058949786198,0.8645262581855466,1623.5407377646425
eval_0851,0.001,109.02024985616352,116.28908172428171,210.824314661502,0.8658265015440682,1442.2956501131218
eval_0852,0.001,129.27551005087392,93.52699204232106,210.7468399602068,0.8686050209711137,1200.3134602293708
eval_0853,0.001,112.17710664834624,105.60784938101233,210.8297536811825,0.8656315155901879,1393.3778566950314
eval_0854,0.001,157.82470708676956,87.2873549870262,210.58607324762698,0.8743772121814382,980.3038751967922
eval_0855,0.001,100.65968795583143,103.97522999109347,210.9229664627975,0.8622914500266319,1550.8558201292935
eval_0856,0.001,107.17126586788736,130.17547658670662,210.80737956505598,0.8664336801532282,1476.687913042805
eval_0857,0.001,111.7106150363892,96.37882140897374,210.8628988789616,0.864443495359127,1390.613693432794
eval_0858,0.001,108.87219515723174,118.69196161716229,210.81966422326292,0.8659932252526978,1446.000511615874
eval_0859,0.001,117.26752813616427,117.07234318888784,210.7644383477551,0.8679737006535585,1341.0907657814328
eval_0860,0.001,113.88269928018109,101.10115570595221,210.83091917653582,0.8655897345124293,1368.672356691859
eval_0861,0.001,156.72104758739926,87.84193755873967,210.59086379802974,0.874205084175679,987.5366481021543
eval_0862,0.001,109.61862985145108,100.23125929814516,210.86551404632056,0.8643497760559272,1420.8808724860355
eval_0863,0.001,121.8580192168841,88.1299615834216,210.81861895939934,0.8660307002103571,1267.5836798775636
eval_0864,0.001,116.50630588349063,104.66277875675908,210.80126591280424,0.8666528985531384,1340.920097710083
eval_0865,0.001,103.95487325809337,100.29084348117587,210.9091979192685,0.8627846282671331,1498.0244377066483
eval_0866,0.001,114.69060529372143,124.69918105971824,210.76586298446168,0.8679225981921249,1376.087432182375
eval_0867,0.001,106.44278780416923,99.49796306407268,210.89240663676333,0.863386165759784,1462.3407042943697
eval_0868,0.001,116.29631310373561,95.00469920033039,210.83353547024157,0.8654959463993471,1334.7744414020556
eval_0869,0.001,125.034220744566,93.17835657993626,210.77725495129926,0.8675139872498604,1240.4487832852624
eval_0870,0.001,107.74464187488732,132.02600784118292,210.7997947167333,0.8667056534105887,1469.8703668393257
eval_0871,0.001,128.08168556500456,94.29899234344029,210.75242071345713,0.868404806956692,1212.0808736080824
eval_0872,0.001,142.57090034134603,74.53697419817473,210.73365419115484,0.8690781131748359,1072.2236219355677
eval_0873,0.001,127.0844863347476,99.8449285865333,210.74194530978951,0.8687806292227721,1225.9885326578988
eval_0874,0.001,111.03157298192892,95.63951597895596,210.8707158773863,0.8641633658405075,1398.3032806744063
eval_0875,0.001,107.97129058045334,115.25509901617735,210.8344998664712,0.8654613755993255,1455.5685012739561
eval_0876,0.001,122.65473258227718,104.46001053790222,210.7589370885297,0.8681710401748804,1273.6668152004006
eval_0877,0.001,115.55445038898007,122.58311535104781,210.76427096070648,0.8679797049596155,1364.4936304769997
eval_0878,0.001,133.892177001975,84.78786035244833,210.7471582230071,0.8685936027518923,1151.5941418945893
eval_0879,0.001,101.75584242638307,104.7589151080665,210.91165247999072,0.8626967031447197,1534.9928030484218
eval_0880,0.001,102.04581413488827,135.43981678245683,210.83413341525213,0.8654745117725008,1554.818801475035
eval_0881,0.001,103.89191859010724,93.99720214814398,210.93319815712522,0.8619250006015622,1491.7841165362634
eval_0882,0.001,125.96711527781254,98.86691772341807,210.75244010003954,0.8684041114659261,1236.0619620222528
eval_0883,0.001,104.4449485623221,105.92688510762132,210.88690549936877,0.8635832614966034,1496.6729485998308
eval_0884,0.001,108.30813815512964,128.43894672940002,210.80274218055266,0.8665999625731939,1460.017841898145
eval_0885,0.001,118.68450473529447,100.9176732647973,210.7968639594287,0.8668107481124866,1313.328897877284
eval_0886,0.001,132.03561666590966,93.54101585718466,210.72818454929677,0.8692743758266267,1175.3904354737092
eval_0887,0.001,115.63692806287774,124.58239002164997,210.759648576036,0.8681455173283785,1364.6963249752894
eval_0888,0.001,117.12762439083104,93.1539091863622,210.83407080745943,0.8654767560779849,1323.5471944612277
eval_0889,0.001,133.36364109122033,103.30657784085196,210.6909322992745,0.8706113386597734,1170.8102645053439
eval_0890,0.001,98.85154430845226,123.06450095239872,210.8838788561357,0.863691704998064,1596.7438440280948
eval_0891,0.001,144.28586411598036,73.78276150878197,210.7258415285496,0.8693584516264361,1058.8610455724577
eval_0892,0.001,108.92004342065961,115.56976401394748,210.8268025081148,0.8657373123217794,1443.0929968087307
eval_0893,0.001,126.31825670111446,93.01090588792815,210.7688910980632,0.8678139804731937,1227.7774580573957
eval_0894,0.001,115.76239237731069,105.04387554207817,210.80547757240282,0.8665018789055724,1349.8306111547995
eval_0895,0.001,102.82016130307794,125.95296103755567,210.84751050028885,0.8649950131291763,1536.8260871218572
eval_0896,0.001,113.78231426886896,118.19087747357491,210.7860021090421,0.8672002711962457,1383.0427724192398
eval_0897,0.001,104.08085124167386,122.98235947054053,210.84475747040904,0.8650936899016461,1516.0111381015274
eval_0898,0.001,155.62859795191508,74.6752674218495,210.64783306930045,0.8721587364271346,983.7211892215812
eval_0899,0.001,146.4265360559712,81.94128674797639,210.67550243475293,0.8711652465165833,1051.5554394571188
eval_0900,0.001,153.950086296002,95.96956094792816,210.5834461961253,0.8744716074024317,1010.4511004059307
eval_0901,0.001,125.53838920897871,104.53049765261342,210.73918673080794,0.8688796039775191,1244.5109196914482
eval_0902,0.001,105.36251430568568,134.01401281844136,210.81293956345235,0.8662343252654493,1504.577321360787
eval_0903,0.001,103.42674834443666,100.59110489728364,210.91234483364016,0.8626719026292786,1505.9624855931604
eval_0904,0.001,123.97280641634646,110.96867257272787,210.73330908703983,0.8690904959602987,1264.607988216691
eval_0905,0.001,131.91447049975926,98.76420439895581,210.71290376605126,0.8698227375762434,1180.4757608579705
eval_0906,0.001,107.94079228291862,121.51346354394117,210.81993310388503,0.8659835853641781,1460.510416742424
eval_0907,0.001,136.08960950424864,97.83056902429755,210.68840985959153,0.8707018847277602,1143.744959628142
eval_0908,0.001,134.92877336050498,81.23226080523055,210.75480292443132,0.8683193464497997,1139.3500559406623
eval_0909,0.001,137.6041584001504,86.32886133005664,210.71624600440862,0.869702792185864,1122.231984495052
eval_0910,0.001,118.85452106582431,98.21571695967978,210.80412982460967,0.866550205135833,1309.1416269308822
eval_0911,0.001,115.03177961931443,106.92463143031387,210.80539664936668,0.8665047805477026,1359.8999953367952
eval_0912,0.001,161.0088423150769,85.14404134073344,210.5742602999276,0.8748016935634775,959.6038879994641
eval_0913,0.001,103.25083449174328,105.18282705336696,210.89851722813432,0.8631672464506381,1513.2306604855307
eval_0914,0.001,127.20626898082595,95.98259235819842,210.75294141865,0.8683861267796383,1221.7738080386841
eval_0915,0.001,104.36605029399063,98.06081590842665,210.91386815081506,0.8626173370842352,1489.7369989628155
eval_0916,0.001,119.40487431764403,92.56010874581236,210.81957219386467,0.8659965246896426,1297.9094824316921
eval_0917,0.001,147.86000404969013,96.94330553400353,210.61728015564,0.873256065618329,1052.4957503813712
eval_0918,0.001,161.75832616951033,77.42571403681183,210.5982432708136,0.8739399496036353,949.3359199257395
eval_0919,0.001,143.17090892220776,84.19150945398425,210.68778818307905,0.8707242009021251,1077.1912055928574
eval_0920,0.001,136.55937228291688,78.31897756304981,210.75661352352256,0.8682543934966415,1122.8906929245893
eval_0921,0.001,107.33687452001276,119.54510053384706,210.82878657399215,0.8656661851316252,1467.3793833377351
eval_0922,0.001,120.22225792813364,85.51395733041562,210.8414794955622,0.8652111856225868,1281.7960239838994
eval_0923,0.001,114.41515767350045,95.73168852096649,210.84489131670418,0.8650888923930603,1357.2993498858482
eval_0924,0.001,107.50509484432698,115.07068598106271,210.8383804137434,0.8653222724622044,1461.7550466501248
eval_0925,0.001,106.59422714212118,122.07644211019806,210.82840699931864,0.8656797924794555,1479.4449226997608
eval_0926,0.001,128.78311217570007,80.16668398433858,210.80278794476123,0.8665983215729506,1191.8027218952711
eval_0927,0.001,118.74927669957634,90.39206132305664,210.83250701401403,0.8655328139124694,1302.8297780373857
eval_0928,0.001,107.03865181864802,105.20795603232841,210.86923222693582,0.8642165322582483,1459.7978939806171
eval_0929,0.001,111.97911524246354,122.18616843230888,210.7898117206098,0.8670636479470052,1408.0256679365646
eval_0930,0.001,142.4403921884606,90.98962325089752,210.66865004906109,0.8714112623985606,1088.162239272674
eval_0931,0.001,96.72817327646705,146.642313935124,210.85338300250908,0.8647845338080254,1648.1721776008778
eval_0932,0.001,109.14600639212011,102.20239917238298,210.8626659507638,0.8644518428796679,1428.9032501428435
eval_0933,0.001,102.27052323198777,144.63099189159942,210.8165311324742,0.8661055544085555,1556.6429536669107
eval_0934,0.001,113.14373234017299,107.57567066807161,210.8171402086306,0.8660837172406487,1383.0988873968827
eval_0935,0.001,152.75747849031407,78.93579121755143,210.6474275245624,0.8721732997645236,1005.8897094112907
eval_0936,0.001,140.17170525506083,82.1901817288097,210.71534128584577,0.869735260117322,1098.1629603851989
eval_0937,0.001,151.4984726862114,75.85179386532353,210.66869751963807,0.8714095580442465,1011.2864542767871
eval_0938,0.001,120.47969081283212,112.60714149175011,210.75288824471576,0.8683880343778636,1302.3967591137855
eval_0939,0.001,120.5666757931729,103.57332474322577,210.7758209666431,0.8675654194693718,1295.004174175665
eval_0940,0.001,147.40050088637796,75.77079099009285,210.69558970754292,0.8704441609714475,1038.9064380601678
eval_0941,0.001,102.5845736577207,110.74668323986394,210.8870063770506,0.8635796471403792,1528.303409228468
eval_0942,0.001,150.57404320224913,69.38152831877467,210.7069746092455,0.8700355309932044,1010.5507823997035
eval_0943,0.001,111.61758409132807,109.01305893054985,210.8242285507489,0.86582958864953,1403.1647414395652
eval_0944,0.001,124.40537652821374,94.31656264193876,210.77776242150995,0.8674957861632916,1247.6892736405398
eval_0945,0.001,123.09244573241718,85.4281592639113,210.8207008402067,0.865956060672719,1252.152359736789
eval_0946,0.001,139.7724623653761,85.00010197871995,210.70691653729347,0.8700376152154016,1103.8286521150735
eval_0947,0.001,101.95284693739575,136.13836778507974,210.8335116344918,0.8654968008456583,1556.6779147439643
eval_0948,0.001,112.82955040465694,93.11825680390884,210.8663758460317,0.8643188923970332,1373.5417525653838
eval_0949,0.001,113.72498161027043,117.36430177406922,210.78828728217408,0.8671183179496386,1383.1908277272212
eval_0950,0.001,113.28869997550451,111.34066155326227,210.80602768566624,0.8664821536565063,1384.2465423831975
eval_0951,0.001,119.55195401347433,95.69417187682902,210.807478070364,0.866430148133616,1299.2882263405775
eval_0952,0.001,96.5237649306306,109.67168859132381,210.93825296923504,0.8617439749869132,1623.2584204518614
eval_0953,0.001,124.33719669279999,106.42427712798181,210.7422455969886,0.868769855407452,1257.8567411696404
eval_0954,0.001,104.49708727362837,125.55619966077919,210.83605096225213,0.8654057739901057,1511.7319985061265
eval_0955,0.001,111.85083102250556,107.77628938137966,210.8259499433344,0.8657678765050861,1399.2407501133075
eval_0956,0.001,119.01559987687226,88.83581872970495,210.83665471660106,0.8653841316320474,1298.3099367815523
eval_0957,0.001,166.10915279500992,69.61666261823383,210.60706877237462,0.8736228855527273,917.8794603713211
eval_0958,0.001,115.2420908350624,114.22958382870628,210.785051166721,0.8672343753986503,1362.8112650516055
eval_0959,0.001,116.66604035158119,125.19151667068792,210.75147798798048,0.8684386272476,1352.9402026415564
eval_0960,0.001,111.26026697526615,115.47280144436189,210.81017943355056,0.8663332889772238,1412.5907761542478
eval_0961,0.001,119.26695189258719,117.30705928918924,210.7503197523249,0.8684801793837001,1318.688330167024
eval_0962,0.001,110.4693644906512,112.05317565540958,210.82446004116053,0.8658212896300078,1420.1628660967926
eval_0963,0.001,109.44201153949597,106.01660785284679,210.84872918811107,0.8649513325586952,1428.5070465641084
eval_0964,0.001,105.79003660740983,101.85388416779952,210.88949931661722,0.8634903284660486,1473.7382136655183
eval_0965,0.001,117.06087039358894,111.32742985985149,210.7794988202804,0.8674335086005385,1339.5903988881028
eval_0966,0.001,97.54445481120538,112.84332363121385,210.92061457777788,0.8623756881111273,1609.359302937514
eval_0967,0.001,132.22456837170995,79.6432820931286,210.7807190883593,0.8673897431607385,1160.6357578947009
eval_0968,0.001,120.441987149463,102.87593206271177,210.7786887834476,0.8674625611999963,1295.7972871667398
eval_0969,0.001,102.2271592328253,126.32998821277626,210.85108272754974,0.8648669777290556,1546.0658435639539
eval_0970,0.001,119.79117633108925,92.02312811300277,210.8187335998797,0.8660265900844261,1293.229868934824
eval_0971,0.001,116.18229684922058,97.62820286498305,210.8253628666283,0.8657889231668794,1338.5679463412941
eval_0972,0.001,113.23673030480691,125.46256937367076,210.77430462151796,0.867619806443916,1394.3112936105558
eval_0973,0.001,118.22011584645183,99.97558356024652,210.8030766676318,0.8665879686451033,1317.6695157000745
eval_0974,0.001,110.82077389022417,116.13672272342389,210.81172022743587,0.8662780439092885,1418.6860056886624
eval_0975,0.001,114.89522431270517,116.97821283968631,210.78101320824774,0.8673791945001509,1368.8026482574778
eval_0976,0.001,103.00209974678326,128.3682406198357,210.8410605183078,0.8652262037054141,1535.74339338062
eval_0977,0.001,99.63847598791952,107.97977493434115,210.91833632096558,0.8624572908260715,1570.8424889602634
eval_0978,0.001,129.32270396010477,89.31671249690879,210.76121863952088,0.8680891958115896,1196.192125195493
eval_0979,0.001,114.5124738215574,120.44341916270359,210.77595029847208,0.8675607807417811,1375.6422914989234
eval_0980,0.001,108.84807273972712,99.63271961327484,210.87338702164183,0.8640676476252127,1430.3057980582762
eval_0981,0.001,131.64519721859304,81.42992304590595,210.77675190145925,0.8675320298805184,1167.6087505365058
eval_0982,0.001,113.94115934346807,101.46203792070541,210.82935831127836,0.8656456890512434,1368.294183310581
eval_0983,0.001,118.41756586428207,92.5396041290094,210.82685058865738,0.8657355886565862,1308.6283633189737
eval_0984,0.001,97.82777222475363,118.12868938438407,210.90398987501894,0.8629711930406979,1609.4594018731618
eval_0985,0.001,111.34730006068652,113.70392275636618,210.8139132949338,0.8661994130046711,1410.192347023022
eval_0986,0.001,108.09912438670642,106.81328891810732,210.8564172675641,0.8646757857739077,1446.936226657774
eval_0987,0.001,110.32931866509333,99.17963290328527,210.86365291087682,0.8644164730084655,1410.7438259187695
eval_0988,0.001,145.50132683110533,72.47092399536761,210.72434724504595,0.8694120727344218,1048.7119148198253
eval_0989,0.001,148.5405252306669,91.20002835788833,210.6298408942259,0.8728048994007844,1043.916706920422
eval_0990,0.001,134.02507851873222,90.39176782905932,210.72547186389986,0.8693717166609922,1155.4843106539363
eval_0991,0.001,111.45068773170159,108.46104504053571,210.82695936447791,0.8657316890966701,1404.8205566651968
eval_0992,0.001,109.83531678168995,108.75896063443163,210.8379575511373,0.8653374302598805,1425.7239132390887
eval_0993,0.001,110.24038137269646,107.1227602725505,210.839596814895,0.8652786700747428,1419.120952742765
eval_0994,0.001,107.7739237062674,109.75594423822521,210.85044474971244,0.8648898437465188,1453.8357086444391
eval_0995,0.001,124.7066494869993,84.81795412460093,210.81155312948167,0.8662840351568964,1235.4739087658907
eval_0996,0.001,132.50844416004944,78.79912414905996,210.78264149855178,0.8673207961198499,1157.2498950007407
eval_0997,0.001,130.5791724203829,106.75077203755319,210.70015213988563,0.870280399610552,1197.9921911809986
eval_0998,0.001,121.56143104367409,93.99038162249012,210.7989533887636,0.8667358224851941,1276.3913676636703
eval_0999,0.001,148.34841460022335,74.24696095572651,210.69658551090686,0.8704084175647956,1030.8134538684292
